{"type":"FeatureCollection","features":[{"type":"Feature","id":1,"geometry":{"type":"Point","coordinates":[-121.526747000373,38.5612969997576]},"properties":{"OBJECTID":1,"ID":1,"NDCCODE":"8114301301","REGION":"PC","RIVERCD":"SA","LOCKCD":"01","CHMBCD":"1","NOCHMB":1,"PMSDATA":"N","NAVSTR":"SACRAMENTO BARGE CANAL LOCK","CHAMBN":"MAIN","CHB1":"M","STR1":"L","PMSNAME":"BARGE CANAL LOCK","STATUS":"5","RIVER":"SACRAMENTO","RIVERMI":43,"BANK":"R","LIFT":4,"LENGTH":600,"CHMBUL":640,"WIDTH":86,"CHMBUW":86,"AUDPA":13,"AUDPB":13,"UPDPTHMS":13,"LWDPTHMS":13,"YEAROPEN":1961,"GATETYPE":"Miter","GATE":"3","CHNLGTH":2,"CHNDPTHA":13,"CHNDPTHB":12,"CHNWDTHA":120,"CHNWDTHB":120,"WWPRJCT":"SACRAMENTO RIVER","MOORING":"Y","MULTI":"NR","DIVISION":"SPD","DISTRICT":"SPK","STATE":"CA","MAINT1":"1","OPER1":"8","OWNER1":"1","TOWN":"West Sacramento","COUNTY1":"YOLO","MOORING_R":" ","SE_ANNO_CAD_DATA":""}},{"type":"Feature","id":2,"geometry":{"type":"Point","coordinates":[-122.614393999583,45.3569400001818]},"properties":{"OBJECTID":2,"ID":2,"NDCCODE":"9052650605","REGION":"PC","RIVERCD":"WI","LOCKCD":"15","CHMBCD":"1","NOCHMB":5,"PMSDATA":"Y","NAVSTR":"WILLAMETTE FALLS","CHAMBN":"MAIN","CHB1":"M","STR1":"L","PMSNAME":"WILLAMETTE FALLS GUARD LOCK","STATUS":"1","RIVER":"WILLAMETTE","RIVERMI":26,"BANK":"L","LIFT":10,"LENGTH":210,"CHMBUL":198,"WIDTH":40,"CHMBUW":38,"AUDPA":6,"AUDPB":6,"UPDPTHMS":6,"LWDPTHMS":8,"YEAROPEN":1873,"GATETYPE":"STRAIGHT LEAF MITER","GATE":"7","CHNLGTH":24,"CHNDPTHA":6,"CHNDPTHB":6,"CHNWDTHA":150,"CHNWDTHB":150,"WWPRJCT":"WILLAMETTE RIVER AT WILLAMETTE FALLS","MOORING":"Y","MULTI":"N","DIVISION":"NWD","DISTRICT":"NWP","STATE":"OR","MAINT1":"1","OPER1":"1","OWNER1":"1","TOWN":"WEST LINN","COUNTY1":"CLACKAMAS","MOORING_R":"FOR PAPER MILL ONLY","SE_ANNO_CAD_DATA":""}},{"type":"Feature","id":3,"geometry":{"type":"Point","coordinates":[-121.947259000302,45.6381239997237]},"properties":{"OBJECTID":3,"ID":3,"NDCCODE":"9014630602","REGION":"PC","RIVERCD":"CO","LOCKCD":"01","CHMBCD":"2","NOCHMB":1,"PMSDATA":"Y","NAVSTR":"BONNEVILLE","CHAMBN":"MAIN","CHB1":"M","STR1":"L","PMSNAME":"BONNEVILLE LOCK & DAM","STATUS":"1","RIVER":"COLUMBIA","RIVERMI":145.3,"BANK":"L","LIFT":65,"LENGTH":675,"CHMBUL":650,"WIDTH":86,"CHMBUW":84,"AUDPA":27,"AUDPB":27,"UPDPTHMS":19,"LWDPTHMS":24,"YEAROPEN":1993,"GATETYPE":"Miter, Arch Leaf","GATE":"1","CHNLGTH":1080,"CHNDPTHA":14,"CHNDPTHB":14,"CHNWDTHA":300,"CHNWDTHB":300,"WWPRJCT":"COLUMBIA RIVER","MOORING":"N","MULTI":"IFNP","DIVISION":"NWD","DISTRICT":"NWP","STATE":"OR","MAINT1":"1","OPER1":"1","OWNER1":"1","TOWN":"CASCADE LOCKS","COUNTY1":"MULTNOMAH","MOORING_R":"NONE","SE_ANNO_CAD_DATA":""}},{"type":"Feature","id":4,"geometry":{"type":"Point","coordinates":[-122.397639999886,47.6657180001865]},"properties":{"OBJECTID":4,"ID":4,"NDCCODE":"9121701001","REGION":"PC","RIVERCD":"WS","LOCKCD":"01","CHMBCD":"1","NOCHMB":2,"PMSDATA":"Y","NAVSTR":"HIRAM M. CHITTENDEN","CHAMBN":"MAIN","CHB1":"M","STR1":"L","PMSNAME":"HIRAM M. CHITTENDEN LOCK","STATUS":"1","RIVER":"LAKE WASHINGTON SHIP CANAL","RIVERMI":0,"BANK":"R","LIFT":26,"LENGTH":825,"CHMBUL":760,"WIDTH":80,"CHMBUW":80,"AUDPA":34,"AUDPB":30,"UPDPTHMS":36,"LWDPTHMS":29,"YEAROPEN":1916,"GATETYPE":"Miter","GATE":"1","CHNLGTH":8,"CHNDPTHA":30,"CHNDPTHB":34,"CHNWDTHA":100,"CHNWDTHB":150,"WWPRJCT":"LAKE WASHINGTON SHIP CANAL","MOORING":"Y","MULTI":"NRC","DIVISION":"NWD","DISTRICT":"NWS","STATE":"WA","MAINT1":"1","OPER1":"1","OWNER1":"1","TOWN":"Seattle","COUNTY1":"KING","MOORING_R":"\u0010TIMBER FENDER STRUCTURES ABOVE AND BELOW\u0011\u0010MOORING LENGTH 700'ABOVE 55","SE_ANNO_CAD_DATA":""}},{"type":"Feature","id":5,"geometry":{"type":"Point","coordinates":[-121.13962599974,45.6149939996743]},"properties":{"OBJECTID":5,"ID":5,"NDCCODE":"9019000301","REGION":"PC","RIVERCD":"CO","LOCKCD":"02","CHMBCD":"1","NOCHMB":1,"PMSDATA":"Y","NAVSTR":"THE DALLES","CHAMBN":"MAIN","CHB1":"M","STR1":"L","PMSNAME":"THE DALLES DAM","STATUS":"1","RIVER":"COLUMBIA","RIVERMI":191.70000000000002,"BANK":"R","LIFT":88,"LENGTH":675,"CHMBUL":650,"WIDTH":86,"CHMBUW":84,"AUDPA":14,"AUDPB":14,"UPDPTHMS":15,"LWDPTHMS":15,"YEAROPEN":1957,"GATETYPE":"Miter D/S, U/S Submersible Tainter","GATE":"6","CHNLGTH":1000,"CHNDPTHA":14,"CHNDPTHB":14,"CHNWDTHA":250,"CHNWDTHB":250,"WWPRJCT":"COLUMBIA RIVER","MOORING":"N","MULTI":"IFNP","DIVISION":"NWD","DISTRICT":"NWP","STATE":"WA","MAINT1":"1","OPER1":"1","OWNER1":"1","TOWN":"The Dalles","COUNTY1":"WASCO","MOORING_R":"NONE","SE_ANNO_CAD_DATA":""}},{"type":"Feature","id":6,"geometry":{"type":"Point","coordinates":[-120.697630000124,45.719149000427]},"properties":{"OBJECTID":6,"ID":6,"NDCCODE":"9021540001","REGION":"PC","RIVERCD":"CO","LOCKCD":"03","CHMBCD":"1","NOCHMB":1,"PMSDATA":"Y","NAVSTR":"JOHN DAY","CHAMBN":"MAIN","CHB1":"M","STR1":"L","PMSNAME":"JOHN DAY LOCK & DAM","STATUS":"1","RIVER":"COLUMBIA","RIVERMI":216.5,"BANK":"R","LIFT":110,"LENGTH":675,"CHMBUL":650,"WIDTH":86,"CHMBUW":84,"AUDPA":14,"AUDPB":14,"UPDPTHMS":15,"LWDPTHMS":15,"YEAROPEN":1968,"GATETYPE":"Vertical Lift D/S, D/S Submersible Lift","GATE":"6","CHNLGTH":1600,"CHNDPTHA":14,"CHNDPTHB":14,"CHNWDTHA":250,"CHNWDTHB":250,"WWPRJCT":"COLUMBIA RIVER","MOORING":"N","MULTI":"IFNP","DIVISION":"NWD","DISTRICT":"NWP","STATE":"WA","MAINT1":"1","OPER1":"1","OWNER1":"1","TOWN":"Rufus","COUNTY1":"SHERMAN","MOORING_R":"NONE","SE_ANNO_CAD_DATA":""}},{"type":"Feature","id":7,"geometry":{"type":"Point","coordinates":[-119.300560000443,45.9401610004307]},"properties":{"OBJECTID":7,"ID":7,"NDCCODE":"9229330101","REGION":"PC","RIVERCD":"CO","LOCKCD":"24","CHMBCD":"1","NOCHMB":1,"PMSDATA":"Y","NAVSTR":"MCNARY","CHAMBN":"MAIN","CHB1":"M","STR1":"L","PMSNAME":"MCNARY LOCK & DAM","STATUS":"1","RIVER":"COLUMBIA","RIVERMI":292,"BANK":"L","LIFT":103,"LENGTH":675,"CHMBUL":650,"WIDTH":86,"CHMBUW":84,"AUDPA":14,"AUDPB":14,"UPDPTHMS":15,"LWDPTHMS":21,"YEAROPEN":1953,"GATETYPE":"Miter (D/S,U/S)","GATE":"1","CHNLGTH":64,"CHNDPTHA":14,"CHNDPTHB":14,"CHNWDTHA":250,"CHNWDTHB":250,"WWPRJCT":"COLUMBIA RIVER","MOORING":"N","MULTI":"N","DIVISION":"NWD","DISTRICT":"NWW","STATE":"WA","MAINT1":"1","OPER1":"1","OWNER1":"1","TOWN":"PLYMOUTH","COUNTY1":"BENTON","MOORING_R":"NONE","SE_ANNO_CAD_DATA":""}},{"type":"Feature","id":8,"geometry":{"type":"Point","coordinates":[-118.881359999864,46.2510759995586]},"properties":{"OBJECTID":8,"ID":8,"NDCCODE":"9264900201","REGION":"PC","RIVERCD":"SN","LOCKCD":"01","CHMBCD":"1","NOCHMB":1,"PMSDATA":"Y","NAVSTR":"ICE HARBOR","CHAMBN":"MAIN","CHB1":"M","STR1":"L","PMSNAME":"ICE HARBOR LOCK & DAM","STATUS":"1","RIVER":"SNAKE","RIVERMI":9.7000000000000011,"BANK":"L","LIFT":103,"LENGTH":675,"CHMBUL":650,"WIDTH":86,"CHMBUW":84,"AUDPA":14,"AUDPB":14,"UPDPTHMS":15,"LWDPTHMS":14,"YEAROPEN":1962,"GATETYPE":"VERTICAL(D/S) TAINTER(U/S)","GATE":"6","CHNLGTH":32,"CHNDPTHA":14,"CHNDPTHB":14,"CHNWDTHA":250,"CHNWDTHB":250,"WWPRJCT":"SNAKE RIVER","MOORING":"N","MULTI":"N","DIVISION":"NWD","DISTRICT":"NWW","STATE":"WA","MAINT1":"1","OPER1":"1","OWNER1":"1","TOWN":"Pasco","COUNTY1":"BENTON","MOORING_R":"NONE","SE_ANNO_CAD_DATA":""}},{"type":"Feature","id":9,"geometry":{"type":"Point","coordinates":[-118.53734000024,46.560926999982]},"properties":{"OBJECTID":9,"ID":9,"NDCCODE":"9268150601","REGION":"PC","RIVERCD":"SN","LOCKCD":"02","CHMBCD":"1","NOCHMB":1,"PMSDATA":"Y","NAVSTR":"LOWER MONUMENTAL","CHAMBN":"MAIN","CHB1":"M","STR1":"L","PMSNAME":"LOWER MONUMENTAL LOCK & DAM","STATUS":"1","RIVER":"SNAKE","RIVERMI":41.6,"BANK":"R","LIFT":103,"LENGTH":675,"CHMBUL":650,"WIDTH":86,"CHMBUW":84,"AUDPA":14,"AUDPB":14,"UPDPTHMS":15,"LWDPTHMS":15,"YEAROPEN":1969,"GATETYPE":"VERTICAL (D/S) SUBMERGE (U/S)","GATE":"6","CHNLGTH":29,"CHNDPTHA":14,"CHNDPTHB":14,"CHNWDTHA":250,"CHNWDTHB":250,"WWPRJCT":"SNAKE RIVER","MOORING":"N","MULTI":"N","DIVISION":"NWD","DISTRICT":"NWW","STATE":"WA","MAINT1":"1","OPER1":"1","OWNER1":"1","TOWN":"Kahlotus","COUNTY1":"WALLA WALLA","MOORING_R":"NONE","SE_ANNO_CAD_DATA":""}},{"type":"Feature","id":10,"geometry":{"type":"Point","coordinates":[-118.027689999593,46.582148000131]},"properties":{"OBJECTID":10,"ID":10,"NDCCODE":"9271000201","REGION":"PC","RIVERCD":"SN","LOCKCD":"03","CHMBCD":"1","NOCHMB":1,"PMSDATA":"Y","NAVSTR":"LITTLE GOOSE","CHAMBN":"MAIN","CHB1":"M","STR1":"L","PMSNAME":"LITTLE GOOSE LOCK & DAM","STATUS":"1","RIVER":"SNAKE","RIVERMI":70.3,"BANK":"R","LIFT":101,"LENGTH":675,"CHMBUL":650,"WIDTH":86,"CHMBUW":84,"AUDPA":14,"AUDPB":14,"UPDPTHMS":15,"LWDPTHMS":15,"YEAROPEN":1970,"GATETYPE":"Miter (D/S) TAINTER(U/S)","GATE":"1","CHNLGTH":37,"CHNDPTHA":14,"CHNDPTHB":14,"CHNWDTHA":250,"CHNWDTHB":250,"WWPRJCT":"SNAKE RIVER","MOORING":"N","MULTI":"N","DIVISION":"NWD","DISTRICT":"NWW","STATE":"WA","MAINT1":"1","OPER1":"1","OWNER1":"1","TOWN":"Starbuck","COUNTY1":"COLUMBIA","MOORING_R":"NONE","SE_ANNO_CAD_DATA":""}},{"type":"Feature","id":11,"geometry":{"type":"Point","coordinates":[-117.429100000164,46.6609520000357]},"properties":{"OBJECTID":11,"ID":11,"NDCCODE":"9274700301","REGION":"PC","RIVERCD":"SN","LOCKCD":"04","CHMBCD":"1","NOCHMB":1,"PMSDATA":"Y","NAVSTR":"LOWER GRANITE","CHAMBN":"MAIN","CHB1":"M","STR1":"L","PMSNAME":"LOWER GRANITE LOCK & DAM","STATUS":"1","RIVER":"SNAKE","RIVERMI":107.5,"BANK":"L","LIFT":105,"LENGTH":675,"CHMBUL":650,"WIDTH":86,"CHMBUW":84,"AUDPA":14,"AUDPB":14,"UPDPTHMS":15,"LWDPTHMS":15,"YEAROPEN":1975,"GATETYPE":"Miter (D/S) TAINTER(U/S)","GATE":"1","CHNLGTH":38,"CHNDPTHA":14,"CHNDPTHB":14,"CHNWDTHA":250,"CHNWDTHB":250,"WWPRJCT":"SNAKE RIVER","MOORING":"N","MULTI":"N","DIVISION":"NWD","DISTRICT":"NWW","STATE":"WA","MAINT1":"1","OPER1":"1","OWNER1":"1","TOWN":"Pomeroy","COUNTY1":"WHITMAN","MOORING_R":"NONE","SE_ANNO_CAD_DATA":""}},{"type":"Feature","id":12,"geometry":{"type":"Point","coordinates":[-95.9816519997394,28.6794549998493]},"properties":{"OBJECTID":12,"ID":12,"NDCCODE":"6644186801","REGION":"GU","RIVERCD":"GI","LOCKCD":"12","CHMBCD":"1","NOCHMB":1,"PMSDATA":"Y","NAVSTR":"COLORADO RIVER WEST","CHAMBN":"MAIN","CHB1":"M","STR1":"L","PMSNAME":"COLORADO RIVER WEST LOCK","STATUS":"1","RIVER":"GIWW Texas","RIVERMI":441.8,"BANK":"L","LIFT":12,"LENGTH":1200,"CHMBUL":1180,"WIDTH":75,"CHMBUW":75,"AUDPA":12,"AUDPB":12,"UPDPTHMS":15,"LWDPTHMS":15,"YEAROPEN":1944,"GATETYPE":"Sector","GATE":"3","CHNLGTH":3700,"CHNDPTHA":12,"CHNDPTHB":12,"CHNWDTHA":125,"CHNWDTHB":125,"WWPRJCT":"COLORADO RIVER","MOORING":"Y","MULTI":"N","DIVISION":"SWD","DISTRICT":"SWG","STATE":"TX","MAINT1":"1","OPER1":"1","OWNER1":"1","TOWN":"MATAGORDA","COUNTY1":"MATAGORDA","MOORING_R":"Buoy","SE_ANNO_CAD_DATA":""}},{"type":"Feature","id":13,"geometry":{"type":"Point","coordinates":[-95.9727500002117,28.6834699997416]},"properties":{"OBJECTID":13,"ID":13,"NDCCODE":"6644186701","REGION":"GU","RIVERCD":"GI","LOCKCD":"11","CHMBCD":"1","NOCHMB":1,"PMSDATA":"Y","NAVSTR":"COLORADO RIVER EAST","CHAMBN":"MAIN","CHB1":"M","STR1":"L","PMSNAME":"COLORADO RIVER EAST LOCK","STATUS":"1","RIVER":"GIWW Texas","RIVERMI":441.1,"BANK":"L","LIFT":12,"LENGTH":1200,"CHMBUL":1180,"WIDTH":75,"CHMBUW":75,"AUDPA":12,"AUDPB":12,"UPDPTHMS":15,"LWDPTHMS":15,"YEAROPEN":1944,"GATETYPE":"Sector","GATE":"4","CHNLGTH":3700,"CHNDPTHA":12,"CHNDPTHB":12,"CHNWDTHA":125,"CHNWDTHB":125,"WWPRJCT":"COLORADO RIVER","MOORING":"Y","MULTI":"N","DIVISION":"SWD","DISTRICT":"SWG","STATE":"TX","MAINT1":"1","OPER1":"1","OWNER1":"1","TOWN":"MATAGORDA","COUNTY1":"MATAGORDA","MOORING_R":"Buoy","SE_ANNO_CAD_DATA":""}},{"type":"Feature","id":14,"geometry":{"type":"Point","coordinates":[-95.3882179997602,28.8963970001224]},"properties":{"OBJECTID":14,"ID":14,"NDCCODE":"6640407301","REGION":"GU","RIVERCD":"GI","LOCKCD":"14","CHMBCD":"1","NOCHMB":1,"PMSDATA":"Y","NAVSTR":"BRAZOS WEST","CHAMBN":"MAIN","CHB1":"M","STR1":"F","PMSNAME":"BRAZOS WEST GATE","STATUS":"1","RIVER":"GIWW Texas","RIVERMI":401.1,"BANK":"C","LIFT":0,"LENGTH":750,"CHMBUL":750,"WIDTH":75,"CHMBUW":75,"AUDPA":12,"AUDPB":12,"UPDPTHMS":15,"LWDPTHMS":15,"YEAROPEN":1943,"GATETYPE":"Sector","GATE":"4","CHNLGTH":3700,"CHNDPTHA":12,"CHNDPTHB":12,"CHNWDTHA":125,"CHNWDTHB":125,"WWPRJCT":"GIWW BETWEEN APALACHEE BAY, FL & MEXICAN BORDER","MOORING":"Y","MULTI":"NF","DIVISION":"SWD","DISTRICT":"SWG","STATE":"TX","MAINT1":"1","OPER1":"1","OWNER1":"1","TOWN":"Freeport","COUNTY1":"BRAZORIA","MOORING_R":"Buoy","SE_ANNO_CAD_DATA":""}},{"type":"Feature","id":15,"geometry":{"type":"Point","coordinates":[-95.3815570001548,28.8970549998892]},"properties":{"OBJECTID":15,"ID":15,"NDCCODE":"6640407201","REGION":"GU","RIVERCD":"GI","LOCKCD":"13","CHMBCD":"1","NOCHMB":1,"PMSDATA":"Y","NAVSTR":"BRAZOS EAST","CHAMBN":"MAIN","CHB1":"M","STR1":"F","PMSNAME":"BRAZOS EAST GATE","STATUS":"1","RIVER":"GIWW Texas","RIVERMI":400.8,"BANK":"C","LIFT":0,"LENGTH":750,"CHMBUL":750,"WIDTH":75,"CHMBUW":75,"AUDPA":12,"AUDPB":12,"UPDPTHMS":15,"LWDPTHMS":15,"YEAROPEN":1943,"GATETYPE":"Sector","GATE":"4","CHNLGTH":3700,"CHNDPTHA":12,"CHNDPTHB":12,"CHNWDTHA":125,"CHNWDTHB":125,"WWPRJCT":"GIWW BETWEEN APALACHEE BAY, FL & MEXICAN BORDER","MOORING":"Y","MULTI":"NF","DIVISION":"SWD","DISTRICT":"SWG","STATE":"TX","MAINT1":"1","OPER1":"1","OWNER1":"1","TOWN":"Freeport","COUNTY1":"BRAZORIA","MOORING_R":"Buoy","SE_ANNO_CAD_DATA":""}},{"type":"Feature","id":16,"geometry":{"type":"Point","coordinates":[-93.2932729996486,30.088061000016]},"properties":{"OBJECTID":16,"ID":16,"NDCCODE":"6623891601","REGION":"GU","RIVERCD":"GI","LOCKCD":"08","CHMBCD":"1","NOCHMB":1,"PMSDATA":"Y","NAVSTR":"CALCASIEU","CHAMBN":"MAIN","CHB1":"M","STR1":"L","PMSNAME":"CALCASIEU LOCK","STATUS":"1","RIVER":"GIWW","RIVERMI":238.5,"BANK":"R","LIFT":4,"LENGTH":1205,"CHMBUL":1194,"WIDTH":75,"CHMBUW":75,"AUDPA":1,"AUDPB":1,"UPDPTHMS":13,"LWDPTHMS":13,"YEAROPEN":1950,"GATETYPE":"Sector","GATE":"4","CHNLGTH":384,"CHNDPTHA":16,"CHNDPTHB":16,"CHNWDTHA":200,"CHNWDTHB":200,"WWPRJCT":"GIWW BETWEEN APALACHEE BAY, FL & MEXICAN BORDER","MOORING":"N","MULTI":"NI","DIVISION":"MVD","DISTRICT":"MVN","STATE":"LA","MAINT1":"1","OPER1":"1","OWNER1":"1","TOWN":"Lake Charles","COUNTY1":"CALCASIEU PARISH","MOORING_R":" ","SE_ANNO_CAD_DATA":""}},{"type":"Feature","id":17,"geometry":{"type":"Point","coordinates":[-92.7274080002784,31.5217369997636]},"properties":{"OBJECTID":17,"ID":17,"NDCCODE":"2087011601","REGION":"IN","RIVERCD":"RR","LOCKCD":"43","CHMBCD":"1","NOCHMB":1,"PMSDATA":"Y","NAVSTR":" 3","CHAMBN":"MAIN","CHB1":"M","STR1":"L","PMSNAME":"RED RIVER LOCK & DAM NO. 3","STATUS":"1","RIVER":"RED","RIVERMI":116.4,"BANK":"L","LIFT":31,"LENGTH":785,"CHMBUL":685,"WIDTH":84,"CHMBUW":84,"AUDPA":9,"AUDPB":9,"UPDPTHMS":25,"LWDPTHMS":18,"YEAROPEN":1992,"GATETYPE":"Milter","GATE":"1","CHNLGTH":40,"CHNDPTHA":9,"CHNDPTHB":9,"CHNWDTHA":100,"CHNWDTHB":100,"WWPRJCT":"RED RIVER WW-MISSISSIPPI R to SHREVEPORT, LA","MOORING":"N","MULTI":"N","DIVISION":"MVD","DISTRICT":"MVK","STATE":"LA","MAINT1":"1","OPER1":"7","OWNER1":"1","TOWN":"COLFAX","COUNTY1":"GRANT","MOORING_R":"NONE","SE_ANNO_CAD_DATA":""}},{"type":"Feature","id":18,"geometry":{"type":"Point","coordinates":[-93.4956970004156,32.2493320001726]},"properties":{"OBJECTID":18,"ID":18,"NDCCODE":"2087020099","REGION":"IN","RIVERCD":"RR","LOCKCD":"45","CHMBCD":"1","NOCHMB":1,"PMSDATA":"Y","NAVSTR":"JOE D. WAGGONNER","CHAMBN":"MAIN","CHB1":"M","STR1":"L","PMSNAME":"JOE D. WAGGONNER LOCK & DAM","STATUS":"1","RIVER":"RED","RIVERMI":200,"BANK":"L","LIFT":25,"LENGTH":785,"CHMBUL":685,"WIDTH":84,"CHMBUW":84,"AUDPA":9,"AUDPB":9,"UPDPTHMS":22,"LWDPTHMS":23,"YEAROPEN":1994,"GATETYPE":"Miter","GATE":"1","CHNLGTH":28,"CHNDPTHA":9,"CHNDPTHB":9,"CHNWDTHA":200,"CHNWDTHB":200,"WWPRJCT":"RED RIVER WW-MISSISSIPPI R to SHREVEPORT, LA","MOORING":"N","MULTI":"N","DIVISION":"MVD","DISTRICT":"MVK","STATE":"LA","MAINT1":"1","OPER1":"1","OWNER1":"1","TOWN":"CASPIANA","COUNTY1":"CADDO","MOORING_R":"NONE","SE_ANNO_CAD_DATA":""}},{"type":"Feature","id":19,"geometry":{"type":"Point","coordinates":[-93.2695670000164,31.9390380000046]},"properties":{"OBJECTID":19,"ID":19,"NDCCODE":"2087026901","REGION":"IN","RIVERCD":"RR","LOCKCD":"44","CHMBCD":"1","NOCHMB":1,"PMSDATA":"Y","NAVSTR":"RUSSELL B. LONG","CHAMBN":"MAIN","CHB1":"M","STR1":"L","PMSNAME":"RED RIVER LOCK & DAM NO. 4","STATUS":"1","RIVER":"RED","RIVERMI":169,"BANK":"L","LIFT":25,"LENGTH":785,"CHMBUL":685,"WIDTH":84,"CHMBUW":84,"AUDPA":9,"AUDPB":9,"UPDPTHMS":25,"LWDPTHMS":18,"YEAROPEN":1994,"GATETYPE":"Miter","GATE":"1","CHNLGTH":31,"CHNDPTHA":9,"CHNDPTHB":9,"CHNWDTHA":200,"CHNWDTHB":200,"WWPRJCT":"RED RIVER WW-MISSISSIPPI R to SHREVEPORT, LA","MOORING":"N","MULTI":"N","DIVISION":"MVD","DISTRICT":"MVK","STATE":"LA","MAINT1":"1","OPER1":"1","OWNER1":"1","TOWN":"COUSHATTA","COUNTY1":"RED RIVER","MOORING_R":"NONE","SE_ANNO_CAD_DATA":""}},{"type":"Feature","id":20,"geometry":{"type":"Point","coordinates":[-92.4829530001802,33.3057699999864]},"properties":{"OBJECTID":20,"ID":20,"NDCCODE":"2187228101","REGION":"IN","RIVERCD":"OB","LOCKCD":"04","CHMBCD":"1","NOCHMB":1,"PMSDATA":"Y","NAVSTR":"H. K. THATCHER","CHAMBN":"MAIN","CHB1":"M","STR1":"L","PMSNAME":"H. K. THATCHER LOCK & DAM","STATUS":"1","RIVER":"OUACHITA","RIVERMI":281.7,"BANK":"R","LIFT":12,"LENGTH":600,"CHMBUL":600,"WIDTH":84,"CHMBUW":84,"AUDPA":9,"AUDPB":9,"UPDPTHMS":18,"LWDPTHMS":13,"YEAROPEN":1984,"GATETYPE":"Miter","GATE":"1","CHNLGTH":50,"CHNDPTHA":7,"CHNDPTHB":7,"CHNWDTHA":100,"CHNWDTHB":100,"WWPRJCT":"OUACHITA & BLACK RIVERS BELOW CAMDEN, AR","MOORING":"N","MULTI":"N","DIVISION":"MVD","DISTRICT":"MVK","STATE":"AR","MAINT1":"1","OPER1":"1","OWNER1":"1","TOWN":"CALION","COUNTY1":"UNION","MOORING_R":"NONE","SE_ANNO_CAD_DATA":""}},{"type":"Feature","id":21,"geometry":{"type":"Point","coordinates":[-92.3046940004272,29.5535709996028]},"properties":{"OBJECTID":21,"ID":21,"NDCCODE":"2089599301","REGION":"GU","RIVERCD":"FB","LOCKCD":"41","CHMBCD":"1","NOCHMB":1,"PMSDATA":"Y","NAVSTR":"FRESHWATER BAYOU","CHAMBN":"MAIN","CHB1":"M","STR1":"L","PMSNAME":"FRESHWATER BAYOU LOCK","STATUS":"1","RIVER":"FRESHWATER BAYOU","RIVERMI":1.2,"BANK":"R","LIFT":4,"LENGTH":600,"CHMBUL":590,"WIDTH":84,"CHMBUW":84,"AUDPA":12,"AUDPB":12,"UPDPTHMS":16,"LWDPTHMS":16,"YEAROPEN":1968,"GATETYPE":"Sector","GATE":"4","CHNLGTH":250,"CHNDPTHA":12,"CHNDPTHB":12,"CHNWDTHA":120,"CHNWDTHB":120,"WWPRJCT":"FRESHWATER BAYOU, LA","MOORING":"N","MULTI":"N","DIVISION":"MVD","DISTRICT":"MVN","STATE":"LA","MAINT1":"1","OPER1":"1","OWNER1":"1","TOWN":"INTRACOASTAL CITY","COUNTY1":"VERMILION PARISH","MOORING_R":"NONE","SE_ANNO_CAD_DATA":""}},{"type":"Feature","id":22,"geometry":{"type":"Point","coordinates":[-92.2067700001348,29.7860709996777]},"properties":{"OBJECTID":22,"ID":22,"NDCCODE":"6616280601","REGION":"GU","RIVERCD":"GI","LOCKCD":"77","CHMBCD":"1","NOCHMB":1,"PMSDATA":"Y","NAVSTR":"LELAND BOWMAN","CHAMBN":"MAIN","CHB1":"M","STR1":"L","PMSNAME":"LELAND BOWMAN LOCK","STATUS":"1","RIVER":"GIWW","RIVERMI":163,"BANK":"R","LIFT":5,"LENGTH":1200,"CHMBUL":1190,"WIDTH":110,"CHMBUW":110,"AUDPA":12,"AUDPB":12,"UPDPTHMS":11,"LWDPTHMS":11,"YEAROPEN":1985,"GATETYPE":"Sector","GATE":"4","CHNLGTH":384,"CHNDPTHA":16,"CHNDPTHB":16,"CHNWDTHA":200,"CHNWDTHB":200,"WWPRJCT":"GIWW BETWEEN APALACHEE BAY, FL & MEXICAN BORDER","MOORING":"N","MULTI":"NI","DIVISION":"MVD","DISTRICT":"MVN","STATE":"LA","MAINT1":"1","OPER1":"1","OWNER1":"1","TOWN":"Abbeville","COUNTY1":"VERMILION PARISH","MOORING_R":"NONE","SE_ANNO_CAD_DATA":""}},{"type":"Feature","id":23,"geometry":{"type":"Point","coordinates":[-91.8290620001106,30.0708100003821]},"properties":{"OBJECTID":23,"ID":23,"NDCCODE":"2086085601","REGION":"GU","RIVERCD":"BT","LOCKCD":"31","CHMBCD":"1","NOCHMB":1,"PMSDATA":"N","NAVSTR":"KEYSTONE","CHAMBN":"MAIN","CHB1":"M","STR1":"L","PMSNAME":"KEYSTONE LOCK","STATUS":"1","RIVER":"BAYOU TECHE","RIVERMI":72,"BANK":"R","LIFT":8,"LENGTH":162,"CHMBUL":160,"WIDTH":36,"CHMBUW":36,"AUDPA":6,"AUDPB":6,"UPDPTHMS":9,"LWDPTHMS":8,"YEAROPEN":1913,"GATETYPE":"Miter","GATE":"1","CHNLGTH":35,"CHNDPTHA":6,"CHNDPTHB":6,"CHNWDTHA":80,"CHNWDTHB":80,"WWPRJCT":"BAYOU TECHE, LA","MOORING":"N","MULTI":"N","DIVISION":"MVD","DISTRICT":"MVN","STATE":"LA","MAINT1":"1","OPER1":"1","OWNER1":"1","TOWN":"New Iberia","COUNTY1":"ST. MARTIN PARISH","MOORING_R":"NONE","SE_ANNO_CAD_DATA":""}},{"type":"Feature","id":24,"geometry":{"type":"Point","coordinates":[-91.2244689999438,29.7192360004419]},"properties":{"OBJECTID":24,"ID":24,"NDCCODE":"2086000101","REGION":"GU","RIVERCD":"AT","LOCKCD":"11","CHMBCD":"1","NOCHMB":1,"PMSDATA":"Y","NAVSTR":"BERWICK","CHAMBN":"MAIN","CHB1":"M","STR1":"L","PMSNAME":"BERWICK LOCK","STATUS":"1","RIVER":"ATCHAFALAYA","RIVERMI":1.5,"BANK":"R","LIFT":14,"LENGTH":307,"CHMBUL":300,"WIDTH":45,"CHMBUW":45,"AUDPA":8,"AUDPB":8,"UPDPTHMS":9,"LWDPTHMS":9,"YEAROPEN":1950,"GATETYPE":"Sector","GATE":"4","CHNLGTH":125,"CHNDPTHA":8,"CHNDPTHB":8,"CHNWDTHA":80,"CHNWDTHB":80,"WWPRJCT":"BAYOU TECHE, LA (FCMR&T)","MOORING":"N","MULTI":"NF","DIVISION":"MVD","DISTRICT":"MVN","STATE":"LA","MAINT1":"1","OPER1":"1","OWNER1":"1","TOWN":"Berwick","COUNTY1":"ST. MARY PARISH","MOORING_R":"NONE","SE_ANNO_CAD_DATA":""}},{"type":"Feature","id":25,"geometry":{"type":"Point","coordinates":[-91.3227149997967,30.1320719998238]},"properties":{"OBJECTID":25,"ID":25,"NDCCODE":"2080690001","REGION":"GU","RIVERCD":"GI","LOCKCD":"02","CHMBCD":"1","NOCHMB":1,"PMSDATA":"Y","NAVSTR":"BAYOU SORREL","CHAMBN":"MAIN","CHB1":"M","STR1":"L","PMSNAME":"BAYOU SORREL LOCK","STATUS":"1","RIVER":"GIWW Port Allen-Morgan cty Alt. Rte","RIVERMI":37.5,"BANK":"R","LIFT":21,"LENGTH":800,"CHMBUL":790,"WIDTH":56,"CHMBUW":56,"AUDPA":12,"AUDPB":12,"UPDPTHMS":14,"LWDPTHMS":14,"YEAROPEN":1952,"GATETYPE":"Sector","GATE":"4","CHNLGTH":64,"CHNDPTHA":12,"CHNDPTHB":12,"CHNWDTHA":120,"CHNWDTHB":120,"WWPRJCT":"GIWW BETWEEN APALACHEE BAY, FL & MEXICAN BORDER","MOORING":"N","MULTI":"N","DIVISION":"MVD","DISTRICT":"MVN","STATE":"LA","MAINT1":"1","OPER1":"1","OWNER1":"1","TOWN":"Plaquemine","COUNTY1":"IBERVILLE PARISH","MOORING_R":"NONE","SE_ANNO_CAD_DATA":""}},{"type":"Feature","id":26,"geometry":{"type":"Point","coordinates":[-92.2913530003401,31.1870960000812]},"properties":{"OBJECTID":26,"ID":26,"NDCCODE":"2087008701","REGION":"IN","RIVERCD":"RR","LOCKCD":"42","CHMBCD":"1","NOCHMB":1,"PMSDATA":"Y","NAVSTR":"JOHN H.OVERTON","CHAMBN":"MAIN","CHB1":"M","STR1":"L","PMSNAME":"JOHN H.OVERTON","STATUS":"1","RIVER":"RED","RIVERMI":74,"BANK":"L","LIFT":24,"LENGTH":785,"CHMBUL":685,"WIDTH":84,"CHMBUW":84,"AUDPA":9,"AUDPB":9,"UPDPTHMS":23,"LWDPTHMS":23,"YEAROPEN":1987,"GATETYPE":"Milter","GATE":"1","CHNLGTH":42,"CHNDPTHA":9,"CHNDPTHB":9,"CHNWDTHA":200,"CHNWDTHB":200,"WWPRJCT":"RED RIVER WW-MISSISSIPPI R to SHREVEPORT, LA","MOORING":"N","MULTI":"N","DIVISION":"MVD","DISTRICT":"MVK","STATE":"LA","MAINT1":"1","OPER1":"7","OWNER1":"1","TOWN":"RUBY","COUNTY1":"RAPIDES","MOORING_R":"NONE","SE_ANNO_CAD_DATA":""}},{"type":"Feature","id":27,"geometry":{"type":"Point","coordinates":[-91.9588110003268,31.2542959999613]},"properties":{"OBJECTID":27,"ID":27,"NDCCODE":"2087004401","REGION":"IN","RIVERCD":"RR","LOCKCD":"41","CHMBCD":"1","NOCHMB":1,"PMSDATA":"Y","NAVSTR":"LINDY CLAIBORNE BOGGS","CHAMBN":"MAIN","CHB1":"M","STR1":"L","PMSNAME":"LINDY CLAIBORNE BOGGS","STATUS":"1","RIVER":"RED","RIVERMI":44,"BANK":"L","LIFT":36,"LENGTH":785,"CHMBUL":685,"WIDTH":84,"CHMBUW":84,"AUDPA":9,"AUDPB":9,"UPDPTHMS":22,"LWDPTHMS":13,"YEAROPEN":1984,"GATETYPE":"Milter","GATE":"1","CHNLGTH":30,"CHNDPTHA":9,"CHNDPTHB":9,"CHNWDTHA":200,"CHNWDTHB":200,"WWPRJCT":"RED RIVER WW-MISSISSIPPI R to SHREVEPORT, LA","MOORING":"N","MULTI":"N","DIVISION":"MVD","DISTRICT":"MVK","STATE":"LA","MAINT1":"1","OPER1":"1","OWNER1":"1","TOWN":"LARTO","COUNTY1":"CATAHOULA","MOORING_R":"NONE","SE_ANNO_CAD_DATA":""}},{"type":"Feature","id":28,"geometry":{"type":"Point","coordinates":[-91.6716480002544,31.0019490001471]},"properties":{"OBJECTID":28,"ID":28,"NDCCODE":"2079900101","REGION":"IN","RIVERCD":"OD","LOCKCD":"51","CHMBCD":"1","NOCHMB":1,"PMSDATA":"Y","NAVSTR":"OLD RIVER","CHAMBN":"MAIN","CHB1":"M","STR1":"L","PMSNAME":"OLD RIVER LOCK","STATUS":"1","RIVER":"OLD RIVER","RIVERMI":1,"BANK":"R","LIFT":35,"LENGTH":1200,"CHMBUL":1190,"WIDTH":75,"CHMBUW":75,"AUDPA":9,"AUDPB":9,"UPDPTHMS":11,"LWDPTHMS":11,"YEAROPEN":1963,"GATETYPE":"Miter","GATE":"1","CHNLGTH":7,"CHNDPTHA":12,"CHNDPTHB":12,"CHNWDTHA":120,"CHNWDTHB":120,"WWPRJCT":"OLD RIVER, LA (MR&T)","MOORING":"N","MULTI":"NF","DIVISION":"MVD","DISTRICT":"MVN","STATE":"LA","MAINT1":"1","OPER1":"1","OWNER1":"1","TOWN":"Simmesport","COUNTY1":"POINTE COUPEE PARISH","MOORING_R":"NONE","SE_ANNO_CAD_DATA":""}},{"type":"Feature","id":29,"geometry":{"type":"Point","coordinates":[-91.173955999769,29.683095000235]},"properties":{"OBJECTID":29,"ID":29,"NDCCODE":"6609330601","REGION":"GU","RIVERCD":"GI","LOCKCD":"06","CHMBCD":"1","NOCHMB":1,"PMSDATA":"Y","NAVSTR":"BAYOU BOEUF","CHAMBN":"MAIN","CHB1":"M","STR1":"L","PMSNAME":"BAYOU BOEUF LOCK","STATUS":"1","RIVER":"GIWW","RIVERMI":93.3,"BANK":"R","LIFT":11,"LENGTH":1156,"CHMBUL":1148,"WIDTH":75,"CHMBUW":75,"AUDPA":12,"AUDPB":12,"UPDPTHMS":13,"LWDPTHMS":13,"YEAROPEN":1954,"GATETYPE":"Sector","GATE":"4","CHNLGTH":384,"CHNDPTHA":16,"CHNDPTHB":16,"CHNWDTHA":150,"CHNWDTHB":150,"WWPRJCT":"GIWW BETWEEN APALACHEE BAY, FL & MEXICAN BORDER","MOORING":"N","MULTI":"N","DIVISION":"MVD","DISTRICT":"MVN","STATE":"LA","MAINT1":"1","OPER1":"1","OWNER1":"1","TOWN":"Morgan City","COUNTY1":"ST. MARY PARISH","MOORING_R":"NONE","SE_ANNO_CAD_DATA":""}},{"type":"Feature","id":30,"geometry":{"type":"Point","coordinates":[-91.2085699997051,30.4310030002891]},"properties":{"OBJECTID":30,"ID":30,"NDCCODE":"2080670201","REGION":"GU","RIVERCD":"GI","LOCKCD":"01","CHMBCD":"1","NOCHMB":1,"PMSDATA":"Y","NAVSTR":"PORT ALLEN","CHAMBN":"MAIN","CHB1":"M","STR1":"L","PMSNAME":"PORT ALLEN LOCK","STATUS":"1","RIVER":"GIWW Port Allen-Morgan cty Alt. Rte","RIVERMI":64.1,"BANK":"R","LIFT":45,"LENGTH":1202,"CHMBUL":1188,"WIDTH":84,"CHMBUW":84,"AUDPA":12,"AUDPB":12,"UPDPTHMS":13,"LWDPTHMS":14,"YEAROPEN":1961,"GATETYPE":"Miter","GATE":"1","CHNLGTH":64,"CHNDPTHA":12,"CHNDPTHB":12,"CHNWDTHA":120,"CHNWDTHB":120,"WWPRJCT":"GIWW BETWEEN APALACHEE BAY, FL & MEXICAN BORDER","MOORING":"N","MULTI":"N","DIVISION":"MVD","DISTRICT":"MVN","STATE":"LA","MAINT1":"1","OPER1":"1","OWNER1":"1","TOWN":"Port Allen","COUNTY1":"WEST BATON ROUGE PARISH","MOORING_R":"NONE","SE_ANNO_CAD_DATA":""}},{"type":"Feature","id":31,"geometry":{"type":"Point","coordinates":[-91.8607930001962,31.4820149998932]},"properties":{"OBJECTID":31,"ID":31,"NDCCODE":"2187202501","REGION":"IN","RIVERCD":"OB","LOCKCD":"01","CHMBCD":"1","NOCHMB":1,"PMSDATA":"Y","NAVSTR":"JONESVILLE","CHAMBN":"MAIN","CHB1":"M","STR1":"L","PMSNAME":"JONESVILLE LOCK & DAM","STATUS":"1","RIVER":"BLACK","RIVERMI":25,"BANK":"R","LIFT":30,"LENGTH":600,"CHMBUL":600,"WIDTH":84,"CHMBUW":84,"AUDPA":9,"AUDPB":9,"UPDPTHMS":18,"LWDPTHMS":15,"YEAROPEN":1972,"GATETYPE":"Miter","GATE":"1","CHNLGTH":92,"CHNDPTHA":9,"CHNDPTHB":9,"CHNWDTHA":100,"CHNWDTHB":100,"WWPRJCT":"OUACHITA & BLACK RIVERS BELOW CAMDEN, AR","MOORING":"N","MULTI":"NRC","DIVISION":"MVD","DISTRICT":"MVK","STATE":"LA","MAINT1":"1","OPER1":"1","OWNER1":"1","TOWN":"Jonesville","COUNTY1":"CATAHOULA","MOORING_R":"NONE","SE_ANNO_CAD_DATA":""}},{"type":"Feature","id":32,"geometry":{"type":"Point","coordinates":[-92.1095930001162,32.1659119996399]},"properties":{"OBJECTID":32,"ID":32,"NDCCODE":"2187211701","REGION":"IN","RIVERCD":"OB","LOCKCD":"02","CHMBCD":"1","NOCHMB":1,"PMSDATA":"Y","NAVSTR":"COLUMBIA","CHAMBN":"MAIN","CHB1":"M","STR1":"L","PMSNAME":"COLUMBIA LOCK & DAM","STATUS":"1","RIVER":"OUACHITA","RIVERMI":117.2,"BANK":"L","LIFT":18,"LENGTH":600,"CHMBUL":600,"WIDTH":84,"CHMBUW":84,"AUDPA":9,"AUDPB":9,"UPDPTHMS":18,"LWDPTHMS":18,"YEAROPEN":1972,"GATETYPE":"Miter","GATE":"1","CHNLGTH":109,"CHNDPTHA":9,"CHNDPTHB":9,"CHNWDTHA":100,"CHNWDTHB":100,"WWPRJCT":"OUACHITA & BLACK RIVERS BELOW CAMDEN, AR","MOORING":"N","MULTI":"NC","DIVISION":"MVD","DISTRICT":"MVK","STATE":"LA","MAINT1":"1","OPER1":"1","OWNER1":"1","TOWN":"Columbia","COUNTY1":"CALDWELL","MOORING_R":"NONE","SE_ANNO_CAD_DATA":""}},{"type":"Feature","id":33,"geometry":{"type":"Point","coordinates":[-92.1225529997205,33.0587510003593]},"properties":{"OBJECTID":33,"ID":33,"NDCCODE":"2187222601","REGION":"IN","RIVERCD":"OB","LOCKCD":"03","CHMBCD":"1","NOCHMB":1,"PMSDATA":"Y","NAVSTR":"FELSENTHAL","CHAMBN":"MAIN","CHB1":"M","STR1":"L","PMSNAME":"FELSENTHAL LOCK & DAM","STATUS":"1","RIVER":"OUACHITA","RIVERMI":226.8,"BANK":"R","LIFT":18,"LENGTH":600,"CHMBUL":600,"WIDTH":84,"CHMBUW":84,"AUDPA":9,"AUDPB":9,"UPDPTHMS":18,"LWDPTHMS":13,"YEAROPEN":1984,"GATETYPE":"Miter","GATE":"1","CHNLGTH":55,"CHNDPTHA":9,"CHNDPTHB":9,"CHNWDTHA":100,"CHNWDTHB":100,"WWPRJCT":"OUACHITA & BLACK RIVERS BELOW CAMDEN, AR","MOORING":"N","MULTI":"NRC","DIVISION":"MVD","DISTRICT":"MVK","STATE":"AR","MAINT1":"1","OPER1":"1","OWNER1":"1","TOWN":"FELSENTHAL","COUNTY1":"UNION","MOORING_R":"NONE","SE_ANNO_CAD_DATA":""}},{"type":"Feature","id":34,"geometry":{"type":"Point","coordinates":[-90.083765000154,29.9091930000578]},"properties":{"OBJECTID":34,"ID":34,"NDCCODE":"6600200801","REGION":"GU","RIVERCD":"GI","LOCKCD":"05","CHMBCD":"1","NOCHMB":1,"PMSDATA":"Y","NAVSTR":"HARVEY","CHAMBN":"MAIN","CHB1":"M","STR1":"L","PMSNAME":"HARVEY LOCK","STATUS":"1","RIVER":"GIWW WEST","RIVERMI":0,"BANK":"R","LIFT":20,"LENGTH":425,"CHMBUL":415,"WIDTH":75,"CHMBUW":75,"AUDPA":12,"AUDPB":12,"UPDPTHMS":12,"LWDPTHMS":12,"YEAROPEN":1935,"GATETYPE":"Miter","GATE":"1","CHNLGTH":384,"CHNDPTHA":12,"CHNDPTHB":12,"CHNWDTHA":120,"CHNWDTHB":120,"WWPRJCT":"GIWW BETWEEN APALACHEE BAY, FL & MEXICAN BORDER","MOORING":"N","MULTI":"N","DIVISION":"MVD","DISTRICT":"MVN","STATE":"LA","MAINT1":"1","OPER1":"1","OWNER1":"1","TOWN":"Harvey","COUNTY1":"JEFFERSON PARISH","MOORING_R":"NONE","SE_ANNO_CAD_DATA":""}},{"type":"Feature","id":35,"geometry":{"type":"Point","coordinates":[-90.0269550000726,29.9655590003485]},"properties":{"OBJECTID":35,"ID":35,"NDCCODE":"2050000101","REGION":"GU","RIVERCD":"GI","LOCKCD":"03","CHMBCD":"1","NOCHMB":1,"PMSDATA":"Y","NAVSTR":"INNER HARBOR NAVIGATION CANAL","CHAMBN":"MAIN","CHB1":"M","STR1":"L","PMSNAME":"INNER HARBOR NAV CANAL LOCK","STATUS":"1","RIVER":"GIWW EAST","RIVERMI":7,"BANK":"L","LIFT":17,"LENGTH":640,"CHMBUL":626,"WIDTH":75,"CHMBUW":74,"AUDPA":30,"AUDPB":30,"UPDPTHMS":31,"LWDPTHMS":31,"YEAROPEN":1923,"GATETYPE":"Miter","GATE":"1","CHNLGTH":384,"CHNDPTHA":12,"CHNDPTHB":12,"CHNWDTHA":150,"CHNWDTHB":150,"WWPRJCT":"GIWW BETWEEN APALACHEE BAY, FL & MEXICAN BORDER","MOORING":"N","MULTI":"N","DIVISION":"MVD","DISTRICT":"MVN","STATE":"LA","MAINT1":"1","OPER1":"1","OWNER1":"1","TOWN":"New Orleans","COUNTY1":"ORLEANS PARISH","MOORING_R":"NONE","SE_ANNO_CAD_DATA":""}},{"type":"Feature","id":36,"geometry":{"type":"Point","coordinates":[-89.9721509998681,29.9150969998275]},"properties":{"OBJECTID":36,"ID":36,"NDCCODE":"6700000101","REGION":"GU","RIVERCD":"GI","LOCKCD":"04","CHMBCD":"1","NOCHMB":1,"PMSDATA":"Y","NAVSTR":"ALGIERS","CHAMBN":"MAIN","CHB1":"M","STR1":"L","PMSNAME":"ALGIERS LOCK","STATUS":"1","RIVER":"GIWW Algiers Canal","RIVERMI":0,"BANK":"R","LIFT":18,"LENGTH":797,"CHMBUL":797,"WIDTH":75,"CHMBUW":75,"AUDPA":12,"AUDPB":12,"UPDPTHMS":13,"LWDPTHMS":13,"YEAROPEN":1956,"GATETYPE":"Sector","GATE":"4","CHNLGTH":384,"CHNDPTHA":16,"CHNDPTHB":16,"CHNWDTHA":150,"CHNWDTHB":150,"WWPRJCT":"GIWW BETWEEN APALACHEE BAY, FL & MEXICAN BORDER","MOORING":"N","MULTI":"N","DIVISION":"MVD","DISTRICT":"MVN","STATE":"LA","MAINT1":"1","OPER1":"1","OWNER1":"1","TOWN":"Algiers","COUNTY1":"ORLEANS PARISH","MOORING_R":"NONE","SE_ANNO_CAD_DATA":""}},{"type":"Feature","id":37,"geometry":{"type":"Point","coordinates":[-89.8644160003975,30.592952999782]},"properties":{"OBJECTID":37,"ID":37,"NDCCODE":"1564314001","REGION":"GU","RIVERCD":"PR","LOCKCD":"32","CHMBCD":"1","NOCHMB":1,"PMSDATA":"Y","NAVSTR":" 2","CHAMBN":"MAIN","CHB1":"M","STR1":"L","PMSNAME":"LOCK 2","STATUS":"5","RIVER":"WEST PEARL","RIVERMI":40.800000000000004,"BANK":"L","LIFT":15,"LENGTH":310,"CHMBUL":274,"WIDTH":65,"CHMBUW":65,"AUDPA":7,"AUDPB":7,"UPDPTHMS":10,"LWDPTHMS":10,"YEAROPEN":1950,"GATETYPE":"Milter","GATE":"1","CHNLGTH":3,"CHNDPTHA":7,"CHNDPTHB":7,"CHNWDTHA":80,"CHNWDTHB":80,"WWPRJCT":"PEARL RIVER LATERAL CANAL","MOORING":"N","MULTI":"NR","DIVISION":"MVD","DISTRICT":"MVK","STATE":"LA","MAINT1":"1","OPER1":"1","OWNER1":"1","TOWN":"Bush","COUNTY1":"ST. TAMMANY PARISH","MOORING_R":"NONE","SE_ANNO_CAD_DATA":""}},{"type":"Feature","id":38,"geometry":{"type":"Point","coordinates":[-89.8681229995761,30.6377350000711]},"properties":{"OBJECTID":38,"ID":38,"NDCCODE":"1564315001","REGION":"GU","RIVERCD":"PR","LOCKCD":"33","CHMBCD":"1","NOCHMB":1,"PMSDATA":"Y","NAVSTR":" 3","CHAMBN":"MAIN","CHB1":"M","STR1":"L","PMSNAME":"LOCK 3","STATUS":"5","RIVER":"WEST PEARL","RIVERMI":43.9,"BANK":"L","LIFT":11,"LENGTH":310,"CHMBUL":274,"WIDTH":65,"CHMBUW":65,"AUDPA":7,"AUDPB":7,"UPDPTHMS":10,"LWDPTHMS":10,"YEAROPEN":1950,"GATETYPE":"Milter","GATE":"1","CHNLGTH":5,"CHNDPTHA":7,"CHNDPTHB":7,"CHNWDTHA":80,"CHNWDTHB":80,"WWPRJCT":"PEARL RIVER LATERAL CANAL","MOORING":"N","MULTI":"NR","DIVISION":"MVD","DISTRICT":"MVK","STATE":"LA","MAINT1":"1","OPER1":"1","OWNER1":"1","TOWN":"Sun","COUNTY1":"ST. TAMMANY PARISH","MOORING_R":"NONE","SE_ANNO_CAD_DATA":""}},{"type":"Feature","id":39,"geometry":{"type":"Point","coordinates":[-89.7791999997795,30.4563629997535]},"properties":{"OBJECTID":39,"ID":39,"NDCCODE":"1564390301","REGION":"GU","RIVERCD":"PR","LOCKCD":"31","CHMBCD":"1","NOCHMB":1,"PMSDATA":"Y","NAVSTR":" 1","CHAMBN":"MAIN","CHB1":"M","STR1":"L","PMSNAME":"LOCK 1","STATUS":"5","RIVER":"WEST PEARL","RIVERMI":29.7,"BANK":"L","LIFT":27,"LENGTH":310,"CHMBUL":274,"WIDTH":65,"CHMBUW":65,"AUDPA":7,"AUDPB":7,"UPDPTHMS":10,"LWDPTHMS":10,"YEAROPEN":1949,"GATETYPE":"Milter","GATE":"1","CHNLGTH":11,"CHNDPTHA":7,"CHNDPTHB":7,"CHNWDTHA":80,"CHNWDTHB":80,"WWPRJCT":"PEARL RIVER LATERAL CANAL","MOORING":"N","MULTI":"NR","DIVISION":"MVD","DISTRICT":"MVK","STATE":"LA","MAINT1":"1","OPER1":"1","OWNER1":"1","TOWN":"Pearl River","COUNTY1":"ST. TAMMANY PARISH","MOORING_R":"NONE","SE_ANNO_CAD_DATA":""}},{"type":"Feature","id":40,"geometry":{"type":"Point","coordinates":[-88.1278419998078,31.7559119997399]},"properties":{"OBJECTID":40,"ID":40,"NDCCODE":"1550488301","REGION":"GU","RIVERCD":"BW","LOCKCD":"01","CHMBCD":"1","NOCHMB":1,"PMSDATA":"Y","NAVSTR":"COFFEEVILLE","CHAMBN":"MAIN","CHB1":"M","STR1":"L","PMSNAME":"COFFEEVILLE LOCK","STATUS":"1","RIVER":"TOMBIGBEE","RIVERMI":116.60000000000001,"BANK":"R","LIFT":34,"LENGTH":600,"CHMBUL":600,"WIDTH":110,"CHMBUW":110,"AUDPA":9,"AUDPB":9,"UPDPTHMS":13,"LWDPTHMS":13,"YEAROPEN":1960,"GATETYPE":"Miter","GATE":"2","CHNLGTH":97,"CHNDPTHA":9,"CHNDPTHB":9,"CHNWDTHA":200,"CHNWDTHB":200,"WWPRJCT":"BLACK WARRIOR & TOMBIGBEE RIVERS, AL","MOORING":"N","MULTI":"N","DIVISION":"SAD","DISTRICT":"SAM","STATE":"AL","MAINT1":"7","OPER1":"1","OWNER1":"1","TOWN":"Coffeeville","COUNTY1":"CLARKE","MOORING_R":"NONE","SE_ANNO_CAD_DATA":""}},{"type":"Feature","id":41,"geometry":{"type":"Point","coordinates":[-88.1349300002187,32.8359200001088]},"properties":{"OBJECTID":41,"ID":41,"NDCCODE":"1550625001","REGION":"GU","RIVERCD":"TT","LOCKCD":"41","CHMBCD":"1","NOCHMB":1,"PMSDATA":"Y","NAVSTR":"HOWELL HEFLIN","CHAMBN":"MAIN","CHB1":"M","STR1":"L","PMSNAME":"HOWELL HEFLIN LOCK & DAM","STATUS":"1","RIVER":"TENN-TOMBIGBEE","RIVERMI":266.1,"BANK":"L","LIFT":36,"LENGTH":600,"CHMBUL":600,"WIDTH":110,"CHMBUW":110,"AUDPA":9,"AUDPB":9,"UPDPTHMS":15,"LWDPTHMS":15,"YEAROPEN":1978,"GATETYPE":"Miter","GATE":"2","CHNLGTH":49,"CHNDPTHA":9,"CHNDPTHB":9,"CHNWDTHA":300,"CHNWDTHB":300,"WWPRJCT":"TENNESSEE-TOMBIGBEE WATERWAY AL, MS","MOORING":"N","MULTI":"N","DIVISION":"SAD","DISTRICT":"SAM","STATE":"AL","MAINT1":"7","OPER1":"1","OWNER1":"1","TOWN":"Gainesville","COUNTY1":"GREENE","MOORING_R":"NONE","SE_ANNO_CAD_DATA":""}},{"type":"Feature","id":42,"geometry":{"type":"Point","coordinates":[-88.4893900001478,33.5178570003012]},"properties":{"OBJECTID":42,"ID":42,"NDCCODE":"1550661701","REGION":"GU","RIVERCD":"TT","LOCKCD":"43","CHMBCD":"1","NOCHMB":1,"PMSDATA":"Y","NAVSTR":"JOHN C. STENNIS","CHAMBN":"MAIN","CHB1":"M","STR1":"L","PMSNAME":"JOHN C. STENNIS LOCK & DAM","STATUS":"1","RIVER":"TENN-TOMBIGBEE","RIVERMI":334.7,"BANK":"R","LIFT":27,"LENGTH":600,"CHMBUL":600,"WIDTH":110,"CHMBUW":110,"AUDPA":9,"AUDPB":9,"UPDPTHMS":15,"LWDPTHMS":15,"YEAROPEN":1980,"GATETYPE":"Miter","GATE":"2","CHNLGTH":28,"CHNDPTHA":9,"CHNDPTHB":9,"CHNWDTHA":300,"CHNWDTHB":300,"WWPRJCT":"TENNESSEE-TOMBIGBEE WATERWAY AL, MS","MOORING":"N","MULTI":"N","DIVISION":"SAD","DISTRICT":"SAM","STATE":"MS","MAINT1":"7","OPER1":"1","OWNER1":"1","TOWN":"Columbus","COUNTY1":"LOWNDES","MOORING_R":"NONE","SE_ANNO_CAD_DATA":""}},{"type":"Feature","id":43,"geometry":{"type":"Point","coordinates":[-88.2870250003029,33.2104140003067]},"properties":{"OBJECTID":43,"ID":43,"NDCCODE":"1550658901","REGION":"GU","RIVERCD":"TT","LOCKCD":"42","CHMBCD":"1","NOCHMB":1,"PMSDATA":"Y","NAVSTR":"TOM BEVILL","CHAMBN":"MAIN","CHB1":"M","STR1":"L","PMSNAME":"TOM BEVILL LOCK & DAM","STATUS":"1","RIVER":"TENN-TOMBIGBEE","RIVERMI":306.8,"BANK":"L","LIFT":27,"LENGTH":600,"CHMBUL":600,"WIDTH":110,"CHMBUW":110,"AUDPA":9,"AUDPB":9,"UPDPTHMS":15,"LWDPTHMS":15,"YEAROPEN":1979,"GATETYPE":"Miter","GATE":"2","CHNLGTH":41,"CHNDPTHA":9,"CHNDPTHB":9,"CHNWDTHA":300,"CHNWDTHB":300,"WWPRJCT":"TENNESSEE-TOMBIGBEE WATERWAY AL, MS","MOORING":"N","MULTI":"N","DIVISION":"SAD","DISTRICT":"SAM","STATE":"AL","MAINT1":"7","OPER1":"1","OWNER1":"1","TOWN":"Aliceville","COUNTY1":"PICKENS","MOORING_R":"NONE","SE_ANNO_CAD_DATA":""}},{"type":"Feature","id":44,"geometry":{"type":"Point","coordinates":[-87.5500269997456,31.6144540000529]},"properties":{"OBJECTID":44,"ID":44,"NDCCODE":"1550011701","REGION":"GU","RIVERCD":"AL","LOCKCD":"11","CHMBCD":"1","NOCHMB":1,"PMSDATA":"Y","NAVSTR":"CLAIBORNE","CHAMBN":"MAIN","CHB1":"M","STR1":"L","PMSNAME":"CLAIBORNE LOCK & DAM","STATUS":"1","RIVER":"ALABAMA","RIVERMI":72.5,"BANK":"L","LIFT":30,"LENGTH":600,"CHMBUL":600,"WIDTH":84,"CHMBUW":84,"AUDPA":9,"AUDPB":9,"UPDPTHMS":16,"LWDPTHMS":13,"YEAROPEN":1969,"GATETYPE":"Miter","GATE":"2","CHNLGTH":61,"CHNDPTHA":9,"CHNDPTHB":9,"CHNWDTHA":200,"CHNWDTHB":200,"WWPRJCT":"ALABAMA-COOSA RIVERS","MOORING":"N","MULTI":"N","DIVISION":"SAD","DISTRICT":"SAM","STATE":"AL","MAINT1":"7","OPER1":"1","OWNER1":"1","TOWN":"Claiborne","COUNTY1":"Monroe","MOORING_R":"NONE","SE_ANNO_CAD_DATA":""}},{"type":"Feature","id":45,"geometry":{"type":"Point","coordinates":[-87.3980479996148,32.1000759997085]},"properties":{"OBJECTID":45,"ID":45,"NDCCODE":"1550017801","REGION":"GU","RIVERCD":"AL","LOCKCD":"12","CHMBCD":"1","NOCHMB":1,"PMSDATA":"N","NAVSTR":"MILLERS FERRY","CHAMBN":"MAIN","CHB1":"M","STR1":"L","PMSNAME":"MILLERS FERRY LOCK AND DAM","STATUS":"1","RIVER":"ALABAMA","RIVERMI":133,"BANK":"L","LIFT":45,"LENGTH":600,"CHMBUL":600,"WIDTH":84,"CHMBUW":84,"AUDPA":9,"AUDPB":9,"UPDPTHMS":16,"LWDPTHMS":13,"YEAROPEN":1969,"GATETYPE":"Miter","GATE":"2","CHNLGTH":103,"CHNDPTHA":9,"CHNDPTHB":9,"CHNWDTHA":200,"CHNWDTHB":200,"WWPRJCT":"ALABAMA-COOSA RIVERS","MOORING":"N","MULTI":"NP","DIVISION":"SAD","DISTRICT":"SAM","STATE":"AL","MAINT1":"7","OPER1":"1","OWNER1":"1","TOWN":"Camden","COUNTY1":"Wilcox","MOORING_R":"NONE","SE_ANNO_CAD_DATA":""}},{"type":"Feature","id":46,"geometry":{"type":"Point","coordinates":[-87.880239000229,32.5201730002846]},"properties":{"OBJECTID":46,"ID":46,"NDCCODE":"1550418201","REGION":"GU","RIVERCD":"BW","LOCKCD":"02","CHMBCD":"1","NOCHMB":1,"PMSDATA":"Y","NAVSTR":"DEMOPOLIS","CHAMBN":"MAIN","CHB1":"M","STR1":"L","PMSNAME":"DEMOPOLIS LOCK & DAM","STATUS":"1","RIVER":"TOMBIGBEE","RIVERMI":213.20000000000002,"BANK":"L","LIFT":40,"LENGTH":600,"CHMBUL":600,"WIDTH":110,"CHMBUW":110,"AUDPA":9,"AUDPB":9,"UPDPTHMS":13,"LWDPTHMS":13,"YEAROPEN":1954,"GATETYPE":"Miter","GATE":"2","CHNLGTH":48,"CHNDPTHA":9,"CHNDPTHB":9,"CHNWDTHA":200,"CHNWDTHB":200,"WWPRJCT":"BLACK WARRIOR & TOMBIGBEE RIVERS, AL","MOORING":"N","MULTI":"N","DIVISION":"SAD","DISTRICT":"SAM","STATE":"AL","MAINT1":"7","OPER1":"1","OWNER1":"1","TOWN":"Demopolis","COUNTY1":"MARENGO","MOORING_R":"NONE","SE_ANNO_CAD_DATA":""}},{"type":"Feature","id":47,"geometry":{"type":"Point","coordinates":[-87.8312259999793,32.7737059999328]},"properties":{"OBJECTID":47,"ID":47,"NDCCODE":"1550422301","REGION":"GU","RIVERCD":"BW","LOCKCD":"03","CHMBCD":"1","NOCHMB":1,"PMSDATA":"Y","NAVSTR":"ARMISTEAD I. SELDON","CHAMBN":"MAIN","CHB1":"M","STR1":"L","PMSNAME":"ARMISTEAD I. SELDON","STATUS":"1","RIVER":"BLACK WARRIOR","RIVERMI":261.1,"BANK":"L","LIFT":22,"LENGTH":600,"CHMBUL":600,"WIDTH":110,"CHMBUW":110,"AUDPA":9,"AUDPB":9,"UPDPTHMS":13,"LWDPTHMS":13,"YEAROPEN":1957,"GATETYPE":"Miter","GATE":"2","CHNLGTH":77,"CHNDPTHA":9,"CHNDPTHB":9,"CHNWDTHA":200,"CHNWDTHB":200,"WWPRJCT":"BLACK WARRIOR & TOMBIGBEE RIVERS, AL","MOORING":"N","MULTI":"N","DIVISION":"SAD","DISTRICT":"SAM","STATE":"AL","MAINT1":"7","OPER1":"1","OWNER1":"1","TOWN":"Eutaw","COUNTY1":"HALE","MOORING_R":"NONE","SE_ANNO_CAD_DATA":""}},{"type":"Feature","id":48,"geometry":{"type":"Point","coordinates":[-87.593242999764,33.2102849997538]},"properties":{"OBJECTID":48,"ID":48,"NDCCODE":"1550430000","REGION":"GU","RIVERCD":"BW","LOCKCD":"04","CHMBCD":"1","NOCHMB":1,"PMSDATA":"Y","NAVSTR":"WILLIAM BACON OLIVER","CHAMBN":"MAIN","CHB1":"M","STR1":"L","PMSNAME":"WILLIAM BACON OLIVER LOCK & DAM","STATUS":"1","RIVER":"BLACK WARRIOR","RIVERMI":337.6,"BANK":"L","LIFT":28,"LENGTH":600,"CHMBUL":600,"WIDTH":110,"CHMBUW":110,"AUDPA":9,"AUDPB":9,"UPDPTHMS":18,"LWDPTHMS":18,"YEAROPEN":1991,"GATETYPE":"Miter","GATE":"2","CHNLGTH":43,"CHNDPTHA":9,"CHNDPTHB":9,"CHNWDTHA":200,"CHNWDTHB":200,"WWPRJCT":"BLACK WARRIOR & TOMBIGBEE RIVERS, AL","MOORING":"N","MULTI":"-0-","DIVISION":"SAD","DISTRICT":"SAM","STATE":"WA","MAINT1":"7","OPER1":"1","OWNER1":"1","TOWN":"TUSCALOOSA","COUNTY1":"TUSCALOOSA","MOORING_R":"NONE","SE_ANNO_CAD_DATA":""}},{"type":"Feature","id":49,"geometry":{"type":"Point","coordinates":[-87.4495630001317,33.2528189997979]},"properties":{"OBJECTID":49,"ID":49,"NDCCODE":"1550432401","REGION":"GU","RIVERCD":"BW","LOCKCD":"05","CHMBCD":"1","NOCHMB":1,"PMSDATA":"Y","NAVSTR":"HOLT","CHAMBN":"MAIN","CHB1":"M","STR1":"L","PMSNAME":"HOLT","STATUS":"1","RIVER":"BLACK WARRIOR","RIVERMI":347,"BANK":"L","LIFT":64,"LENGTH":600,"CHMBUL":600,"WIDTH":110,"CHMBUW":110,"AUDPA":9,"AUDPB":9,"UPDPTHMS":19,"LWDPTHMS":13,"YEAROPEN":1966,"GATETYPE":"Miter","GATE":"2","CHNLGTH":18,"CHNDPTHA":9,"CHNDPTHB":9,"CHNWDTHA":200,"CHNWDTHB":200,"WWPRJCT":"BLACK WARRIOR & TOMBIGBEE RIVERS, AL","MOORING":"N","MULTI":"NP","DIVISION":"SAD","DISTRICT":"SAM","STATE":"AL","MAINT1":"7","OPER1":"1","OWNER1":"1","TOWN":"Holt","COUNTY1":"TUSCALOOSA","MOORING_R":"NONE","SE_ANNO_CAD_DATA":""}},{"type":"Feature","id":50,"geometry":{"type":"Point","coordinates":[-87.3582160000677,33.4524149996534]},"properties":{"OBJECTID":50,"ID":50,"NDCCODE":"1550434801","REGION":"GU","RIVERCD":"BW","LOCKCD":"06","CHMBCD":"1","NOCHMB":1,"PMSDATA":"Y","NAVSTR":"JOHN HOLLIS BANKHEAD","CHAMBN":"MAIN","CHB1":"M","STR1":"L","PMSNAME":"JOHN HOLLIS BANKHEAD","STATUS":"1","RIVER":"BLACK WARRIOR","RIVERMI":365.1,"BANK":"L","LIFT":68,"LENGTH":600,"CHMBUL":600,"WIDTH":110,"CHMBUW":110,"AUDPA":9,"AUDPB":9,"UPDPTHMS":13,"LWDPTHMS":13,"YEAROPEN":1975,"GATETYPE":"Miter","GATE":"2","CHNLGTH":43,"CHNDPTHA":9,"CHNDPTHB":9,"CHNWDTHA":200,"CHNWDTHB":200,"WWPRJCT":"BLACK WARRIOR & TOMBIGBEE RIVERS, AL","MOORING":"N","MULTI":"NP","DIVISION":"SAD","DISTRICT":"SAM","STATE":"AL","MAINT1":"7","OPER1":"1","OWNER1":"1","TOWN":"Adger","COUNTY1":"TUSCALOOSA","MOORING_R":"NONE","SE_ANNO_CAD_DATA":""}},{"type":"Feature","id":51,"geometry":{"type":"Point","coordinates":[-86.7832459999023,32.323099999866]},"properties":{"OBJECTID":51,"ID":51,"NDCCODE":"1550028101","REGION":"GU","RIVERCD":"AL","LOCKCD":"13","CHMBCD":"1","NOCHMB":1,"PMSDATA":"N","NAVSTR":"ROBERT F. HENRY","CHAMBN":"MAIN","CHB1":"M","STR1":"L","PMSNAME":"ROBERT F. HENRY LOCK AND DAM","STATUS":"1","RIVER":"ALABAMA","RIVERMI":236.3,"BANK":"L","LIFT":45,"LENGTH":600,"CHMBUL":600,"WIDTH":84,"CHMBUW":84,"AUDPA":9,"AUDPB":9,"UPDPTHMS":16,"LWDPTHMS":13,"YEAROPEN":1972,"GATETYPE":"Miter","GATE":"2","CHNLGTH":88,"CHNDPTHA":9,"CHNDPTHB":9,"CHNWDTHA":200,"CHNWDTHB":200,"WWPRJCT":"ALABAMA-COOSA RIVERS","MOORING":"N","MULTI":"NP","DIVISION":"SAD","DISTRICT":"SAM","STATE":"AL","MAINT1":"7","OPER1":"1","OWNER1":"1","TOWN":"Benton","COUNTY1":"Lowndes","MOORING_R":"NONE","SE_ANNO_CAD_DATA":""}},{"type":"Feature","id":52,"geometry":{"type":"Point","coordinates":[-85.1096149998317,31.2594330003336]},"properties":{"OBJECTID":52,"ID":52,"NDCCODE":"1509338601","REGION":"GU","RIVERCD":"AP","LOCKCD":"22","CHMBCD":"1","NOCHMB":1,"PMSDATA":"N","NAVSTR":"GEORGE W. ANDREWS","CHAMBN":"MAIN","CHB1":"M","STR1":"L","PMSNAME":"GEORGE W. ANDREWS","STATUS":"1","RIVER":"CHATTAHOOCHEE","RIVERMI":46.7,"BANK":"L","LIFT":25,"LENGTH":450,"CHMBUL":450,"WIDTH":82,"CHMBUW":82,"AUDPA":9,"AUDPB":9,"UPDPTHMS":19,"LWDPTHMS":13,"YEAROPEN":1962,"GATETYPE":"Miter","GATE":"2","CHNLGTH":29,"CHNDPTHA":9,"CHNDPTHB":9,"CHNWDTHA":100,"CHNWDTHB":100,"WWPRJCT":"APALACHICOLA, CHATTAHOOCHEE, & FLINT RIVERS","MOORING":"N","MULTI":"N","DIVISION":"SAD","DISTRICT":"SAM","STATE":"GA","MAINT1":"1","OPER1":"1","OWNER1":"1","TOWN":"GORDON","COUNTY1":"EARLY","MOORING_R":"NONE","SE_ANNO_CAD_DATA":""}},{"type":"Feature","id":53,"geometry":{"type":"Point","coordinates":[-84.8647000001043,30.7074400003566]},"properties":{"OBJECTID":53,"ID":53,"NDCCODE":"1509410601","REGION":"GU","RIVERCD":"AP","LOCKCD":"21","CHMBCD":"1","NOCHMB":1,"PMSDATA":"Y","NAVSTR":"JIM WOODRUFF","CHAMBN":"MAIN","CHB1":"M","STR1":"L","PMSNAME":"JIM WOODRUFF LOCK & DAM","STATUS":"1","RIVER":"APALACHICOLA","RIVERMI":106.3,"BANK":"R","LIFT":33,"LENGTH":450,"CHMBUL":450,"WIDTH":82,"CHMBUW":82,"AUDPA":9,"AUDPB":9,"UPDPTHMS":14,"LWDPTHMS":14,"YEAROPEN":1954,"GATETYPE":"Miter","GATE":"2","CHNLGTH":47,"CHNDPTHA":6,"CHNDPTHB":6,"CHNWDTHA":100,"CHNWDTHB":100,"WWPRJCT":"APALACHICOLA, CHATTAHOOCHEE, & FLINT RIVERS","MOORING":"N","MULTI":"NP","DIVISION":"SAD","DISTRICT":"SAM","STATE":"FL","MAINT1":"1","OPER1":"1","OWNER1":"1","TOWN":"Chattahoochee","COUNTY1":"JACKSON","MOORING_R":"NONE","SE_ANNO_CAD_DATA":""}},{"type":"Feature","id":54,"geometry":{"type":"Point","coordinates":[-85.062262999737,31.6259450002624]},"properties":{"OBJECTID":54,"ID":54,"NDCCODE":"1509341501","REGION":"GU","RIVERCD":"AP","LOCKCD":"23","CHMBCD":"1","NOCHMB":1,"PMSDATA":"Y","NAVSTR":"WALTER F. GEORGE","CHAMBN":"MAIN","CHB1":"M","STR1":"L","PMSNAME":"WALTER F. GEORGE","STATUS":"1","RIVER":"CHATTAHOOCHEE","RIVERMI":75.100000000000009,"BANK":"L","LIFT":88,"LENGTH":450,"CHMBUL":450,"WIDTH":82,"CHMBUW":82,"AUDPA":9,"AUDPB":9,"UPDPTHMS":18,"LWDPTHMS":13,"YEAROPEN":1963,"GATETYPE":"Miter","GATE":"2","CHNLGTH":85,"CHNDPTHA":9,"CHNDPTHB":9,"CHNWDTHA":100,"CHNWDTHB":100,"WWPRJCT":"APALACHICOLA, CHATTAHOOCHEE, & FLINT RIVERS","MOORING":"N","MULTI":"NP","DIVISION":"SAD","DISTRICT":"SAM","STATE":"GA","MAINT1":"1","OPER1":"1","OWNER1":"1","TOWN":"Fort Gaines","COUNTY1":"CLAY","MOORING_R":"NONE","SE_ANNO_CAD_DATA":""}},{"type":"Feature","id":55,"geometry":{"type":"Point","coordinates":[-81.8824479998746,29.0797380004093]},"properties":{"OBJECTID":55,"ID":55,"NDCCODE":"1412506601","REGION":"AT","RIVERCD":"OL","LOCKCD":"31","CHMBCD":"1","NOCHMB":1,"PMSDATA":"N","NAVSTR":"MOSS BLUFF","CHAMBN":"MAIN","CHB1":"M","STR1":"L","PMSNAME":"MOSS BLUFF","STATUS":"5","RIVER":"OKLAWAHA","RIVERMI":66.9,"BANK":"L","LIFT":22,"LENGTH":125,"CHMBUL":125,"WIDTH":30,"CHMBUW":30,"AUDPA":4,"AUDPB":4,"UPDPTHMS":8,"LWDPTHMS":8,"YEAROPEN":1969,"GATETYPE":"Miter","GATE":"2","CHNLGTH":0,"CHNDPTHA":8,"CHNDPTHB":8,"CHNWDTHA":0,"CHNWDTHB":0,"WWPRJCT":"FOUR RIVERS BASINS","MOORING":"N","MULTI":"N","DIVISION":"SAD","DISTRICT":"SAJ","STATE":"FL","MAINT1":"4","OPER1":"4","OWNER1":"4","TOWN":"OCKLAWAHA","COUNTY1":"MARION","MOORING_R":"NONE","SE_ANNO_CAD_DATA":""}},{"type":"Feature","id":56,"geometry":{"type":"Point","coordinates":[-81.6939680000226,26.7217649998557]},"properties":{"OBJECTID":56,"ID":56,"NDCCODE":"1470523601","REGION":"AT","RIVERCD":"OK","LOCKCD":"04","CHMBCD":"1","NOCHMB":1,"PMSDATA":"Y","NAVSTR":"W. P. FRANKLIN","CHAMBN":"MAIN","CHB1":"M","STR1":"L","PMSNAME":"W.P.FRANKLIN LOCK/CNTL STRCT","STATUS":"1","RIVER":"CALOOSAHATCHEE","RIVERMI":122,"BANK":"L","LIFT":3,"LENGTH":400,"CHMBUL":400,"WIDTH":56,"CHMBUW":56,"AUDPA":10,"AUDPB":10,"UPDPTHMS":13,"LWDPTHMS":13,"YEAROPEN":1965,"GATETYPE":"Sector","GATE":"4","CHNLGTH":8,"CHNDPTHA":8,"CHNDPTHB":8,"CHNWDTHA":90,"CHNWDTHB":90,"WWPRJCT":"OKEECHOBEE WATERWAY, FL","MOORING":"Y","MULTI":"NF","DIVISION":"SAD","DISTRICT":"SAJ","STATE":"FL","MAINT1":"1","OPER1":"1","OWNER1":"1","TOWN":"Fort Myers","COUNTY1":"LEE","MOORING_R":"Tie-up Dolphins","SE_ANNO_CAD_DATA":""}},{"type":"Feature","id":57,"geometry":{"type":"Point","coordinates":[-81.3047129999044,26.7892419999192]},"properties":{"OBJECTID":57,"ID":57,"NDCCODE":"1470520801","REGION":"AT","RIVERCD":"OK","LOCKCD":"03","CHMBCD":"1","NOCHMB":1,"PMSDATA":"Y","NAVSTR":"ORTONA","CHAMBN":"MAIN","CHB1":"M","STR1":"L","PMSNAME":"ORTONA LOCK","STATUS":"1","RIVER":"OKEECHOBEE","RIVERMI":93.600000000000009,"BANK":"R","LIFT":11,"LENGTH":250,"CHMBUL":225,"WIDTH":50,"CHMBUW":50,"AUDPA":10,"AUDPB":10,"UPDPTHMS":12,"LWDPTHMS":15,"YEAROPEN":1937,"GATETYPE":"Sector","GATE":"4","CHNLGTH":16,"CHNDPTHA":8,"CHNDPTHB":8,"CHNWDTHA":90,"CHNWDTHB":90,"WWPRJCT":"OKEECHOBEE WATERWAY, FL","MOORING":"Y","MULTI":"NF","DIVISION":"SAD","DISTRICT":"SAJ","STATE":"FL","MAINT1":"1","OPER1":"1","OWNER1":"1","TOWN":"LaBelle","COUNTY1":"GLADES","MOORING_R":"DOLPHINS","SE_ANNO_CAD_DATA":""}},{"type":"Feature","id":58,"geometry":{"type":"Point","coordinates":[-81.0871160000028,26.8396590001636]},"properties":{"OBJECTID":58,"ID":58,"NDCCODE":"1470519001","REGION":"AT","RIVERCD":"OK","LOCKCD":"02","CHMBCD":"1","NOCHMB":1,"PMSDATA":"Y","NAVSTR":"JULIAN KEEN","CHAMBN":"MAIN","CHB1":"M","STR1":"L","PMSNAME":"JULIAN KEEN, JR. LOCK","STATUS":"1","RIVER":"CALOOSAHATCHEE","RIVERMI":78,"BANK":"R","LIFT":2,"LENGTH":250,"CHMBUL":250,"WIDTH":50,"CHMBUW":50,"AUDPA":10,"AUDPB":10,"UPDPTHMS":10,"LWDPTHMS":11,"YEAROPEN":1953,"GATETYPE":"Sector","GATE":"4","CHNLGTH":16,"CHNDPTHA":8,"CHNDPTHB":8,"CHNWDTHA":90,"CHNWDTHB":90,"WWPRJCT":"OKEECHOBEE WATERWAY, FL","MOORING":"Y","MULTI":"NF","DIVISION":"SAD","DISTRICT":"SAJ","STATE":"FL","MAINT1":"1","OPER1":"1","OWNER1":"1","TOWN":"Moore Haven","COUNTY1":"GLADES","MOORING_R":"DOLPHINS","SE_ANNO_CAD_DATA":""}},{"type":"Feature","id":59,"geometry":{"type":"Point","coordinates":[-91.6779169997691,34.1635879999871]},"properties":{"OBJECTID":59,"ID":84,"NDCCODE":"6405005001","REGION":"IN","RIVERCD":"MK","LOCKCD":"03","CHMBCD":"1","NOCHMB":1,"PMSDATA":"Y","NAVSTR":"JOE HARDIN","CHAMBN":"MAIN","CHB1":"M","STR1":"L","PMSNAME":"JOE HARDIN L & D","STATUS":"1","RIVER":"ARKANSAS","RIVERMI":50.2,"BANK":"L","LIFT":20,"LENGTH":600,"CHMBUL":600,"WIDTH":110,"CHMBUW":110,"AUDPA":9,"AUDPB":9,"UPDPTHMS":18,"LWDPTHMS":14,"YEAROPEN":1968,"GATETYPE":"TAINTER","GATE":"5","CHNLGTH":16,"CHNDPTHA":9,"CHNDPTHB":9,"CHNWDTHA":250,"CHNWDTHB":250,"WWPRJCT":"MCCLELLAN-KERR ARKANSAS RIVER NAVIGATION SYSTEM","MOORING":"Y","MULTI":"N","DIVISION":"SWD","DISTRICT":"SWL","STATE":"AR","MAINT1":"1","OPER1":"1","OWNER1":"1","TOWN":"Grady","COUNTY1":"JEFFERSON","MOORING_R":"Mooring cells for downbound tows awaiting lockage.","SE_ANNO_CAD_DATA":""}},{"type":"Feature","id":60,"geometry":{"type":"Point","coordinates":[-92.1561589999372,34.6661169996007]},"properties":{"OBJECTID":60,"ID":85,"NDCCODE":"6410811601","REGION":"IN","RIVERCD":"MK","LOCKCD":"06","CHMBCD":"1","NOCHMB":1,"PMSDATA":"Y","NAVSTR":"DAVID D. TERRY","CHAMBN":"MAIN","CHB1":"M","STR1":"L","PMSNAME":"DAVID D. TERRY LOCK & DAM","STATUS":"1","RIVER":"ARKANSAS","RIVERMI":108.10000000000001,"BANK":"L","LIFT":18,"LENGTH":600,"CHMBUL":600,"WIDTH":110,"CHMBUW":110,"AUDPA":9,"AUDPB":9,"UPDPTHMS":18,"LWDPTHMS":14,"YEAROPEN":1968,"GATETYPE":"TAINTER","GATE":"5","CHNLGTH":17,"CHNDPTHA":9,"CHNDPTHB":9,"CHNWDTHA":250,"CHNWDTHB":250,"WWPRJCT":"MCCLELLAN-KERR ARKANSAS RIVER NAVIGATION SYSTEM","MOORING":"Y","MULTI":"N","DIVISION":"SWD","DISTRICT":"SWL","STATE":"AR","MAINT1":"1","OPER1":"1","OWNER1":"1","TOWN":"Little Rock","COUNTY1":"PULASKI","MOORING_R":"Mooring cells for downbound tows awaiting lockage.","SE_ANNO_CAD_DATA":""}},{"type":"Feature","id":61,"geometry":{"type":"Point","coordinates":[-91.194183999991,34.0194930001028]},"properties":{"OBJECTID":61,"ID":86,"NDCCODE":"6241041601","REGION":"IN","RIVERCD":"MK","LOCKCD":"01","CHMBCD":"1","NOCHMB":1,"PMSDATA":"Y","NAVSTR":"NORRELL","CHAMBN":"MAIN","CHB1":"M","STR1":"L","PMSNAME":"NORRELL LOCK & DAM","STATUS":"1","RIVER":"ARKANSAS","RIVERMI":10.3,"BANK":"L","LIFT":30,"LENGTH":600,"CHMBUL":600,"WIDTH":110,"CHMBUW":110,"AUDPA":9,"AUDPB":9,"UPDPTHMS":16,"LWDPTHMS":15,"YEAROPEN":1967,"GATETYPE":"Miter","GATE":"3","CHNLGTH":3,"CHNDPTHA":9,"CHNDPTHB":9,"CHNWDTHA":300,"CHNWDTHB":300,"WWPRJCT":"MCCLELLAN-KERR ARKANSAS RIVER NAVIGATION SYSTEM","MOORING":"N","MULTI":"NI","DIVISION":"SWD","DISTRICT":"SWL","STATE":"AR","MAINT1":"1","OPER1":"1","OWNER1":"1","TOWN":"Arkansas Post","COUNTY1":"ARKANSAS","MOORING_R":"None","SE_ANNO_CAD_DATA":""}},{"type":"Feature","id":62,"geometry":{"type":"Point","coordinates":[-88.5205710000509,33.8303860001147]},"properties":{"OBJECTID":62,"ID":87,"NDCCODE":"1550664001","REGION":"GU","RIVERCD":"TT","LOCKCD":"44","CHMBCD":"1","NOCHMB":1,"PMSDATA":"Y","NAVSTR":"ABERDEEN","CHAMBN":"MAIN","CHB1":"M","STR1":"L","PMSNAME":"ABERDEEN LOCK & DAM","STATUS":"1","RIVER":"TENN-TOMBIGBEE","RIVERMI":357.5,"BANK":"R","LIFT":27,"LENGTH":600,"CHMBUL":600,"WIDTH":110,"CHMBUW":110,"AUDPA":9,"AUDPB":9,"UPDPTHMS":15,"LWDPTHMS":15,"YEAROPEN":1985,"GATETYPE":"Miter","GATE":"2","CHNLGTH":23,"CHNDPTHA":9,"CHNDPTHB":9,"CHNWDTHA":300,"CHNWDTHB":300,"WWPRJCT":"TENNESSEE-TOMBIGBEE WATERWAY AL, MS","MOORING":"N","MULTI":"N","DIVISION":"SAD","DISTRICT":"SAM","STATE":"MS","MAINT1":"7","OPER1":"1","OWNER1":"1","TOWN":"Aberdeen","COUNTY1":"MONROE","MOORING_R":"NONE","SE_ANNO_CAD_DATA":""}},{"type":"Feature","id":63,"geometry":{"type":"Point","coordinates":[-88.4892350001945,34.010996000366]},"properties":{"OBJECTID":63,"ID":88,"NDCCODE":"1550665401","REGION":"GU","RIVERCD":"TT","LOCKCD":"45","CHMBCD":"1","NOCHMB":1,"PMSDATA":"Y","NAVSTR":"THAD COCHRAN","CHAMBN":"MAIN","CHB1":"M","STR1":"L","PMSNAME":"THAD COCHRAN LOCK","STATUS":"1","RIVER":"TENN-TOMBIGBEE","RIVERMI":371.1,"BANK":"L","LIFT":30,"LENGTH":600,"CHMBUL":600,"WIDTH":110,"CHMBUW":110,"AUDPA":9,"AUDPB":9,"UPDPTHMS":15,"LWDPTHMS":15,"YEAROPEN":1985,"GATETYPE":"Miter","GATE":"2","CHNLGTH":14,"CHNDPTHA":9,"CHNDPTHB":9,"CHNWDTHA":300,"CHNWDTHB":300,"WWPRJCT":"TENNESSEE-TOMBIGBEE WATERWAY AL, MS","MOORING":"N","MULTI":"N","DIVISION":"SAD","DISTRICT":"SAM","STATE":"MS","MAINT1":"7","OPER1":"1","OWNER1":"1","TOWN":"Amory","COUNTY1":"MONROE","MOORING_R":"NONE","SE_ANNO_CAD_DATA":""}},{"type":"Feature","id":64,"geometry":{"type":"Point","coordinates":[-88.4258659998154,34.0648709999975]},"properties":{"OBJECTID":64,"ID":89,"NDCCODE":"1550665901","REGION":"GU","RIVERCD":"TT","LOCKCD":"46","CHMBCD":"1","NOCHMB":1,"PMSDATA":"Y","NAVSTR":"GLOVER WILKINS","CHAMBN":"MAIN","CHB1":"M","STR1":"L","PMSNAME":"GLOVER WILKINS LOCK","STATUS":"1","RIVER":"TENN-TOMBIGBEE","RIVERMI":376.3,"BANK":"R","LIFT":25,"LENGTH":600,"CHMBUL":600,"WIDTH":110,"CHMBUW":110,"AUDPA":9,"AUDPB":9,"UPDPTHMS":18,"LWDPTHMS":18,"YEAROPEN":1985,"GATETYPE":"Miter","GATE":"2","CHNLGTH":15,"CHNDPTHA":9,"CHNDPTHB":9,"CHNWDTHA":300,"CHNWDTHB":300,"WWPRJCT":"TENNESSEE-TOMBIGBEE WATERWAY AL, MS","MOORING":"N","MULTI":"N","DIVISION":"SAD","DISTRICT":"SAM","STATE":"AL","MAINT1":"7","OPER1":"1","OWNER1":"1","TOWN":"Smithville","COUNTY1":"MONROE","MOORING_R":"NONE","SE_ANNO_CAD_DATA":""}},{"type":"Feature","id":65,"geometry":{"type":"Point","coordinates":[-88.4242000003291,34.25707299972]},"properties":{"OBJECTID":65,"ID":90,"NDCCODE":"1550667401","REGION":"GU","RIVERCD":"TT","LOCKCD":"47","CHMBCD":"1","NOCHMB":1,"PMSDATA":"Y","NAVSTR":"FULTON","CHAMBN":"MAIN","CHB1":"M","STR1":"L","PMSNAME":"FULTON LOCK","STATUS":"1","RIVER":"TENN-TOMBIGBEE","RIVERMI":391,"BANK":"L","LIFT":25,"LENGTH":600,"CHMBUL":600,"WIDTH":110,"CHMBUW":110,"AUDPA":9,"AUDPB":9,"UPDPTHMS":18,"LWDPTHMS":18,"YEAROPEN":1985,"GATETYPE":"Miter","GATE":"2","CHNLGTH":7,"CHNDPTHA":9,"CHNDPTHB":9,"CHNWDTHA":300,"CHNWDTHB":300,"WWPRJCT":"TENNESSEE-TOMBIGBEE WATERWAY AL, MS","MOORING":"N","MULTI":"N","DIVISION":"SAD","DISTRICT":"SAM","STATE":"MS","MAINT1":"7","OPER1":"1","OWNER1":"1","TOWN":"Fulton","COUNTY1":"ITAWAMBA","MOORING_R":"NONE","SE_ANNO_CAD_DATA":""}},{"type":"Feature","id":66,"geometry":{"type":"Point","coordinates":[-88.4086580003658,34.3625809999141]},"properties":{"OBJECTID":66,"ID":91,"NDCCODE":"1550668101","REGION":"GU","RIVERCD":"TT","LOCKCD":"48","CHMBCD":"1","NOCHMB":1,"PMSDATA":"Y","NAVSTR":"JOHN E. RANKIN","CHAMBN":"MAIN","CHB1":"M","STR1":"L","PMSNAME":"JOHN RANKIN LOCK","STATUS":"1","RIVER":"TENN-TOMBIGBEE","RIVERMI":398.40000000000003,"BANK":"R","LIFT":30,"LENGTH":600,"CHMBUL":600,"WIDTH":110,"CHMBUW":110,"AUDPA":9,"AUDPB":9,"UPDPTHMS":18,"LWDPTHMS":18,"YEAROPEN":1985,"GATETYPE":"Miter","GATE":"2","CHNLGTH":8,"CHNDPTHA":9,"CHNDPTHB":9,"CHNWDTHA":300,"CHNWDTHB":300,"WWPRJCT":"TENNESSEE-TOMBIGBEE WATERWAY AL, MS","MOORING":"N","MULTI":"N","DIVISION":"SAD","DISTRICT":"SAM","STATE":"MS","MAINT1":"7","OPER1":"1","OWNER1":"1","TOWN":"Fulton","COUNTY1":"ITAWAMBA","MOORING_R":"NONE","SE_ANNO_CAD_DATA":""}},{"type":"Feature","id":67,"geometry":{"type":"Point","coordinates":[-88.366098000022,34.4630620003119]},"properties":{"OBJECTID":67,"ID":92,"NDCCODE":"1550668901","REGION":"GU","RIVERCD":"TT","LOCKCD":"49","CHMBCD":"1","NOCHMB":1,"PMSDATA":"Y","NAVSTR":"G.V. \"SONNY\" MONTGOMERY","CHAMBN":"MAIN","CHB1":"M","STR1":"L","PMSNAME":"G.V. \"SONNY\" MONTGOMERY LOCK","STATUS":"1","RIVER":"TENN-TOMBIGBEE","RIVERMI":406.7,"BANK":"L","LIFT":30,"LENGTH":600,"CHMBUL":600,"WIDTH":110,"CHMBUW":110,"AUDPA":9,"AUDPB":9,"UPDPTHMS":18,"LWDPTHMS":18,"YEAROPEN":1985,"GATETYPE":"Miter","GATE":"2","CHNLGTH":5,"CHNDPTHA":9,"CHNDPTHB":9,"CHNWDTHA":300,"CHNWDTHB":300,"WWPRJCT":"TENNESSEE-TOMBIGBEE WATERWAY AL, MS","MOORING":"N","MULTI":"N","DIVISION":"SAD","DISTRICT":"SAM","STATE":"MS","MAINT1":"7","OPER1":"1","OWNER1":"1","TOWN":"Belmont","COUNTY1":"ITAWAMBA","MOORING_R":"NONE","SE_ANNO_CAD_DATA":""}},{"type":"Feature","id":68,"geometry":{"type":"Point","coordinates":[-88.3236060001162,34.5219140001319]},"properties":{"OBJECTID":68,"ID":93,"NDCCODE":"1550669401","REGION":"GU","RIVERCD":"TT","LOCKCD":"50","CHMBCD":"1","NOCHMB":1,"PMSDATA":"Y","NAVSTR":"JAMIE WHITTEN","CHAMBN":"MAIN","CHB1":"M","STR1":"L","PMSNAME":"JAMIE WHITTEN LOCK & DAM","STATUS":"1","RIVER":"TENN-TOMBIGBEE","RIVERMI":411.90000000000003,"BANK":"L","LIFT":84,"LENGTH":600,"CHMBUL":600,"WIDTH":110,"CHMBUW":110,"AUDPA":9,"AUDPB":9,"UPDPTHMS":18,"LWDPTHMS":18,"YEAROPEN":1985,"GATETYPE":"Miter","GATE":"2","CHNLGTH":65,"CHNDPTHA":9,"CHNDPTHB":9,"CHNWDTHA":300,"CHNWDTHB":300,"WWPRJCT":"TENNESSEE-TOMBIGBEE WATERWAY AL, MS","MOORING":"N","MULTI":"N","DIVISION":"SAD","DISTRICT":"SAM","STATE":"MS","MAINT1":"7","OPER1":"1","OWNER1":"1","TOWN":"Tupelo","COUNTY1":"TISHOMINGO","MOORING_R":"NONE","SE_ANNO_CAD_DATA":""}},{"type":"Feature","id":69,"geometry":{"type":"Point","coordinates":[-88.2497689999387,35.0656790001866]},"properties":{"OBJECTID":69,"ID":94,"NDCCODE":"4520670601","REGION":"IN","RIVERCD":"TN","LOCKCD":"02","CHMBCD":"1","NOCHMB":2,"PMSDATA":"Y","NAVSTR":"PICKWICK LANDING","CHAMBN":"MAIN","CHB1":"M","STR1":"L","PMSNAME":"PICKWICK LANDING LOCK","STATUS":"1","RIVER":"TENNESSEE","RIVERMI":206.70000000000002,"BANK":"L","LIFT":55,"LENGTH":1000,"CHMBUL":1000,"WIDTH":110,"CHMBUW":110,"AUDPA":9,"AUDPB":9,"UPDPTHMS":19,"LWDPTHMS":17,"YEAROPEN":1984,"GATETYPE":"Miter","GATE":"1","CHNLGTH":53,"CHNDPTHA":9,"CHNDPTHB":9,"CHNWDTHA":300,"CHNWDTHB":300,"WWPRJCT":"TENNESSEE RIVER, TN, AL, & KY","MOORING":"Y","MULTI":"NRCPF","DIVISION":"LRD","DISTRICT":"LRN","STATE":"TN","MAINT1":"1","OPER1":"1","OWNER1":"2","TOWN":"Pickwick Dam","COUNTY1":"HARDIN","MOORING_R":"2 mooring cells downsteram & 4 upstream.","SE_ANNO_CAD_DATA":""}},{"type":"Feature","id":70,"geometry":{"type":"Point","coordinates":[-89.0414030001477,37.2030380002045]},"properties":{"OBJECTID":70,"ID":95,"NDCCODE":"4001940602","REGION":"IN","RIVERCD":"OH","LOCKCD":"53","CHMBCD":"1","NOCHMB":2,"PMSDATA":"N","NAVSTR":"53","CHAMBN":"MAIN","CHB1":"M","STR1":"L","PMSNAME":"53","STATUS":"8","RIVER":"OHIO","RIVERMI":962.6,"BANK":"R","LIFT":12,"LENGTH":1200,"CHMBUL":1200,"WIDTH":110,"CHMBUW":110,"AUDPA":9,"AUDPB":9,"UPDPTHMS":15,"LWDPTHMS":10,"YEAROPEN":1980,"GATETYPE":"Miter","GATE":"1","CHNLGTH":24,"CHNDPTHA":9,"CHNDPTHB":9,"CHNWDTHA":300,"CHNWDTHB":300,"WWPRJCT":"OHIO RIVER","MOORING":"Y","MULTI":"N","DIVISION":"LRD","DISTRICT":"LRL","STATE":"IL","MAINT1":"1","OPER1":"1","OWNER1":"1","TOWN":"Mound City","COUNTY1":"PULASKI","MOORING_R":"CELLS ABOVE","SE_ANNO_CAD_DATA":""}},{"type":"Feature","id":71,"geometry":{"type":"Point","coordinates":[-88.6548470003881,37.1267330004285]},"properties":{"OBJECTID":71,"ID":96,"NDCCODE":"4004210601","REGION":"IN","RIVERCD":"OH","LOCKCD":"52","CHMBCD":"1","NOCHMB":2,"PMSDATA":"Y","NAVSTR":"52","CHAMBN":"MAIN","CHB1":"M","STR1":"L","PMSNAME":"LOCK & DAM 52","STATUS":"1","RIVER":"OHIO","RIVERMI":938.9,"BANK":"R","LIFT":12,"LENGTH":1200,"CHMBUL":1200,"WIDTH":110,"CHMBUW":110,"AUDPA":9,"AUDPB":9,"UPDPTHMS":15,"LWDPTHMS":11,"YEAROPEN":1969,"GATETYPE":"Miter","GATE":"1","CHNLGTH":20,"CHNDPTHA":9,"CHNDPTHB":9,"CHNWDTHA":300,"CHNWDTHB":300,"WWPRJCT":"OHIO RIVER","MOORING":"Y","MULTI":"N","DIVISION":"LRD","DISTRICT":"LRL","STATE":"IL","MAINT1":"1","OPER1":"1","OWNER1":"1","TOWN":"Brookport","COUNTY1":"MASSAC","MOORING_R":"Cells above","SE_ANNO_CAD_DATA":""}},{"type":"Feature","id":72,"geometry":{"type":"Point","coordinates":[-88.2651820002485,37.0149329996591]},"properties":{"OBJECTID":72,"ID":97,"NDCCODE":"4502241601","REGION":"IN","RIVERCD":"TN","LOCKCD":"01","CHMBCD":"1","NOCHMB":1,"PMSDATA":"Y","NAVSTR":"KENTUCKY","CHAMBN":"MAIN","CHB1":"M","STR1":"L","PMSNAME":"KENTUCKY LOCK","STATUS":"1","RIVER":"TENNESSEE","RIVERMI":22.400000000000002,"BANK":"R","LIFT":57,"LENGTH":600,"CHMBUL":600,"WIDTH":110,"CHMBUW":110,"AUDPA":9,"AUDPB":9,"UPDPTHMS":24,"LWDPTHMS":13,"YEAROPEN":1942,"GATETYPE":"Miter","GATE":"1","CHNLGTH":184,"CHNDPTHA":9,"CHNDPTHB":9,"CHNWDTHA":300,"CHNWDTHB":300,"WWPRJCT":"TENNESSEE RIVER, TN, AL, & KY","MOORING":"Y","MULTI":"N","DIVISION":"LRD","DISTRICT":"LRN","STATE":"KY","MAINT1":"1","OPER1":"1","OWNER1":"2","TOWN":"GRAND RIVERS","COUNTY1":"LIVINGSTON","MOORING_R":"9 mooring cells upstream & 4 downstream.","SE_ANNO_CAD_DATA":""}},{"type":"Feature","id":73,"geometry":{"type":"Point","coordinates":[-88.2247980004267,37.0196969999175]},"properties":{"OBJECTID":73,"ID":98,"NDCCODE":"4403060601","REGION":"IN","RIVERCD":"CU","LOCKCD":"21","CHMBCD":"1","NOCHMB":1,"PMSDATA":"Y","NAVSTR":"BARKLEY","CHAMBN":"MAIN","CHB1":"M","STR1":"L","PMSNAME":"BARKLEY LOCK & DAM","STATUS":"1","RIVER":"CUMBERLAND","RIVERMI":30.6,"BANK":"L","LIFT":57,"LENGTH":800,"CHMBUL":800,"WIDTH":110,"CHMBUW":110,"AUDPA":9,"AUDPB":9,"UPDPTHMS":24,"LWDPTHMS":13,"YEAROPEN":1964,"GATETYPE":"Miter","GATE":"1","CHNLGTH":118,"CHNDPTHA":9,"CHNDPTHB":9,"CHNWDTHA":300,"CHNWDTHB":300,"WWPRJCT":"CUMBERLAND RIVER, TN & KY","MOORING":"Y","MULTI":"N","DIVISION":"LRD","DISTRICT":"LRN","STATE":"KY","MAINT1":"1","OPER1":"1","OWNER1":"1","TOWN":"GRAND RIVERS","COUNTY1":"LIVINGSTON","MOORING_R":"RD Bank, 2 mooring cells below.","SE_ANNO_CAD_DATA":""}},{"type":"Feature","id":74,"geometry":{"type":"Point","coordinates":[-88.4303980001669,37.1643029999844]},"properties":{"OBJECTID":74,"ID":99,"NDCCODE":"4006306101","REGION":"IN","RIVERCD":"OH","LOCKCD":"78","CHMBCD":"1","NOCHMB":2,"PMSDATA":"Y","NAVSTR":"SMITHLAND","CHAMBN":"MAIN","CHB1":"M","STR1":"L","PMSNAME":"SMITHLAND LOCK & DAM","STATUS":"1","RIVER":"OHIO","RIVERMI":918.5,"BANK":"R","LIFT":22,"LENGTH":1200,"CHMBUL":1200,"WIDTH":110,"CHMBUW":110,"AUDPA":9,"AUDPB":9,"UPDPTHMS":34,"LWDPTHMS":12,"YEAROPEN":1980,"GATETYPE":"Miter","GATE":"1","CHNLGTH":73,"CHNDPTHA":9,"CHNDPTHB":9,"CHNWDTHA":300,"CHNWDTHB":300,"WWPRJCT":"OHIO RIVER","MOORING":"Y","MULTI":"N","DIVISION":"LRD","DISTRICT":"LRL","STATE":"IL","MAINT1":"1","OPER1":"1","OWNER1":"1","TOWN":"Hamletsburg","COUNTY1":"POPE","MOORING_R":"2 CELLS, TEMP MOORING UPSTREAM","SE_ANNO_CAD_DATA":""}},{"type":"Feature","id":75,"geometry":{"type":"Point","coordinates":[-91.2488310001499,39.6355449998028]},"properties":{"OBJECTID":75,"ID":100,"NDCCODE":"3130120601","REGION":"IN","RIVERCD":"MI","LOCKCD":"22","CHMBCD":"1","NOCHMB":1,"PMSDATA":"Y","NAVSTR":"22","CHAMBN":"MAIN","CHB1":"M","STR1":"L","PMSNAME":"LOCK & DAM 22","STATUS":"1","RIVER":"MISSISSIPPI","RIVERMI":301.2,"BANK":"R","LIFT":10,"LENGTH":600,"CHMBUL":600,"WIDTH":110,"CHMBUW":108,"AUDPA":9,"AUDPB":9,"UPDPTHMS":18,"LWDPTHMS":14,"YEAROPEN":1938,"GATETYPE":"Miter","GATE":"1","CHNLGTH":24,"CHNDPTHA":9,"CHNDPTHB":9,"CHNWDTHA":300,"CHNWDTHB":300,"WWPRJCT":"MISSISSIPPI R BETWN MISSOURI R & MINNEAPOLIS, MN","MOORING":"Y","MULTI":"N","DIVISION":"MVD","DISTRICT":"MVR","STATE":"MO","MAINT1":"1","OPER1":"1","OWNER1":"1","TOWN":"Saverton","COUNTY1":"RALLS","MOORING_R":"ONE CELL ABOVE, ONLY GUIDE CELL BELOW","SE_ANNO_CAD_DATA":""}},{"type":"Feature","id":76,"geometry":{"type":"Point","coordinates":[-90.9060009996458,39.3739679997243]},"properties":{"OBJECTID":76,"ID":101,"NDCCODE":"3027340601","REGION":"IN","RIVERCD":"MI","LOCKCD":"24","CHMBCD":"1","NOCHMB":1,"PMSDATA":"Y","NAVSTR":"24","CHAMBN":"MAIN","CHB1":"M","STR1":"L","PMSNAME":"LOCK & DAM 24","STATUS":"1","RIVER":"MISSISSIPPI","RIVERMI":273.40000000000003,"BANK":"R","LIFT":15,"LENGTH":600,"CHMBUL":600,"WIDTH":110,"CHMBUW":110,"AUDPA":9,"AUDPB":9,"UPDPTHMS":19,"LWDPTHMS":12,"YEAROPEN":1940,"GATETYPE":"Miter","GATE":"1","CHNLGTH":27,"CHNDPTHA":9,"CHNDPTHB":9,"CHNWDTHA":300,"CHNWDTHB":300,"WWPRJCT":"MISSISSIPPI R BETWN MISSOURI R & MINNEAPOLIS, MN","MOORING":"Y","MULTI":"N","DIVISION":"MVD","DISTRICT":"MVS","STATE":"MO","MAINT1":"1","OPER1":"1","OWNER1":"1","TOWN":"Clarksville","COUNTY1":"PIKE","MOORING_R":"U.S. Shore anchor w/ cable, D.S. floating mooring bouy.","SE_ANNO_CAD_DATA":""}},{"type":"Feature","id":77,"geometry":{"type":"Point","coordinates":[-90.6892089999947,39.0031170002503]},"properties":{"OBJECTID":77,"ID":102,"NDCCODE":"3024140601","REGION":"IN","RIVERCD":"MI","LOCKCD":"25","CHMBCD":"1","NOCHMB":1,"PMSDATA":"Y","NAVSTR":"25","CHAMBN":"MAIN","CHB1":"M","STR1":"L","PMSNAME":"LOCK & DAM 25","STATUS":"1","RIVER":"MISSISSIPPI","RIVERMI":241.4,"BANK":"R","LIFT":15,"LENGTH":600,"CHMBUL":600,"WIDTH":110,"CHMBUW":110,"AUDPA":9,"AUDPB":9,"UPDPTHMS":19,"LWDPTHMS":12,"YEAROPEN":1939,"GATETYPE":"Miter","GATE":"1","CHNLGTH":32,"CHNDPTHA":9,"CHNDPTHB":9,"CHNWDTHA":300,"CHNWDTHB":300,"WWPRJCT":"MISSISSIPPI R BETWN MISSOURI R & MINNEAPOLIS, MN","MOORING":"Y","MULTI":"N","DIVISION":"MVD","DISTRICT":"MVS","STATE":"MO","MAINT1":"1","OPER1":"1","OWNER1":"1","TOWN":"Winfield","COUNTY1":"LINCOLN","MOORING_R":"U.S. Shore anchor w/ cable, D.S. floating mooring bouy.","SE_ANNO_CAD_DATA":""}},{"type":"Feature","id":78,"geometry":{"type":"Point","coordinates":[-90.1506279997817,38.8690970000274]},"properties":{"OBJECTID":78,"ID":103,"NDCCODE":"3020090601","REGION":"IN","RIVERCD":"MI","LOCKCD":"26","CHMBCD":"1","NOCHMB":2,"PMSDATA":"Y","NAVSTR":"MELVIN PRICE","CHAMBN":"MAIN","CHB1":"M","STR1":"L","PMSNAME":"MEL PRICE LOCK & DAM","STATUS":"1","RIVER":"MISSISSIPPI","RIVERMI":200.8,"BANK":"L","LIFT":24,"LENGTH":1200,"CHMBUL":1200,"WIDTH":110,"CHMBUW":110,"AUDPA":9,"AUDPB":9,"UPDPTHMS":23,"LWDPTHMS":18,"YEAROPEN":1990,"GATETYPE":"U.S. Vertical lift, D.S. Miter","GATE":"6","CHNLGTH":40,"CHNDPTHA":9,"CHNDPTHB":9,"CHNWDTHA":300,"CHNWDTHB":300,"WWPRJCT":"MISSISSIPPI R BETWN MISSOURI R & MINNEAPOLIS, MN","MOORING":"N","MULTI":"N","DIVISION":"MVD","DISTRICT":"MVS","STATE":"IL","MAINT1":"1","OPER1":"1","OWNER1":"1","TOWN":"EAST ALTON","COUNTY1":"MADISON","MOORING_R":"NONE","SE_ANNO_CAD_DATA":""}},{"type":"Feature","id":79,"geometry":{"type":"Point","coordinates":[-91.5153469995637,40.1433990003645]},"properties":{"OBJECTID":79,"ID":104,"NDCCODE":"3134310001","REGION":"IN","RIVERCD":"MI","LOCKCD":"20","CHMBCD":"1","NOCHMB":1,"PMSDATA":"Y","NAVSTR":"20","CHAMBN":"MAIN","CHB1":"M","STR1":"L","PMSNAME":"LOCK & DAM 20","STATUS":"1","RIVER":"MISSISSIPPI","RIVERMI":343.2,"BANK":"R","LIFT":10,"LENGTH":600,"CHMBUL":600,"WIDTH":110,"CHMBUW":108,"AUDPA":9,"AUDPB":9,"UPDPTHMS":15,"LWDPTHMS":12,"YEAROPEN":1936,"GATETYPE":"Miter","GATE":"1","CHNLGTH":21,"CHNDPTHA":9,"CHNDPTHB":9,"CHNWDTHA":300,"CHNWDTHB":300,"WWPRJCT":"MISSISSIPPI R BETWN MISSOURI R & MINNEAPOLIS, MN","MOORING":"N","MULTI":"N","DIVISION":"MVD","DISTRICT":"MVR","STATE":"MO","MAINT1":"1","OPER1":"1","OWNER1":"1","TOWN":"Canton","COUNTY1":"LEWIS","MOORING_R":"NONE","SE_ANNO_CAD_DATA":""}},{"type":"Feature","id":80,"geometry":{"type":"Point","coordinates":[-91.4290419999877,39.9032890000882]},"properties":{"OBJECTID":80,"ID":105,"NDCCODE":"3132410001","REGION":"IN","RIVERCD":"MI","LOCKCD":"21","CHMBCD":"1","NOCHMB":1,"PMSDATA":"Y","NAVSTR":"21","CHAMBN":"MAIN","CHB1":"M","STR1":"L","PMSNAME":"LOCK & DAM 21","STATUS":"1","RIVER":"MISSISSIPPI","RIVERMI":324.90000000000003,"BANK":"L","LIFT":10,"LENGTH":600,"CHMBUL":600,"WIDTH":110,"CHMBUW":108,"AUDPA":9,"AUDPB":9,"UPDPTHMS":17,"LWDPTHMS":12,"YEAROPEN":1938,"GATETYPE":"Miter","GATE":"1","CHNLGTH":18,"CHNDPTHA":9,"CHNDPTHB":9,"CHNWDTHA":300,"CHNWDTHB":300,"WWPRJCT":"MISSISSIPPI R BETWN MISSOURI R & MINNEAPOLIS, MN","MOORING":"N","MULTI":"N","DIVISION":"MVD","DISTRICT":"MVR","STATE":"IL","MAINT1":"1","OPER1":"1","OWNER1":"1","TOWN":"Quincy","COUNTY1":"ADAMS","MOORING_R":"NONE","SE_ANNO_CAD_DATA":""}},{"type":"Feature","id":81,"geometry":{"type":"Point","coordinates":[-91.3750939996877,40.3949539996283]},"properties":{"OBJECTID":81,"ID":106,"NDCCODE":"3136410001","REGION":"IN","RIVERCD":"MI","LOCKCD":"19","CHMBCD":"1","NOCHMB":1,"PMSDATA":"Y","NAVSTR":"19","CHAMBN":"MAIN","CHB1":"M","STR1":"L","PMSNAME":"LOCK & DAM 19","STATUS":"1","RIVER":"MISSISSIPPI","RIVERMI":364.3,"BANK":"R","LIFT":38,"LENGTH":1200,"CHMBUL":1200,"WIDTH":110,"CHMBUW":108,"AUDPA":9,"AUDPB":9,"UPDPTHMS":15,"LWDPTHMS":13,"YEAROPEN":1957,"GATETYPE":"Vertical Lift","GATE":"6","CHNLGTH":46,"CHNDPTHA":9,"CHNDPTHB":9,"CHNWDTHA":300,"CHNWDTHB":300,"WWPRJCT":"MISSISSIPPI R BETWN MISSOURI R & MINNEAPOLIS, MN","MOORING":"Y","MULTI":"N","DIVISION":"MVD","DISTRICT":"MVR","STATE":"IA","MAINT1":"1","OPER1":"1","OWNER1":"1","TOWN":"Keokuk","COUNTY1":"LEE","MOORING_R":"UPPER & LOWER","SE_ANNO_CAD_DATA":""}},{"type":"Feature","id":82,"geometry":{"type":"Point","coordinates":[-91.0240920000451,40.8816559996256]},"properties":{"OBJECTID":82,"ID":107,"NDCCODE":"3141050601","REGION":"IN","RIVERCD":"MI","LOCKCD":"18","CHMBCD":"1","NOCHMB":1,"PMSDATA":"Y","NAVSTR":"18","CHAMBN":"MAIN","CHB1":"M","STR1":"L","PMSNAME":"LOCK & DAM 18","STATUS":"1","RIVER":"MISSISSIPPI","RIVERMI":410.5,"BANK":"L","LIFT":10,"LENGTH":600,"CHMBUL":600,"WIDTH":110,"CHMBUW":108,"AUDPA":9,"AUDPB":9,"UPDPTHMS":17,"LWDPTHMS":14,"YEAROPEN":1937,"GATETYPE":"Miter","GATE":"1","CHNLGTH":27,"CHNDPTHA":9,"CHNDPTHB":9,"CHNWDTHA":300,"CHNWDTHB":300,"WWPRJCT":"MISSISSIPPI R BETWN MISSOURI R & MINNEAPOLIS, MN","MOORING":"Y","MULTI":"N","DIVISION":"MVD","DISTRICT":"MVR","STATE":"IL","MAINT1":"1","OPER1":"1","OWNER1":"1","TOWN":"Gladstone","COUNTY1":"HENDERSON","MOORING_R":"Upper & Lower","SE_ANNO_CAD_DATA":""}},{"type":"Feature","id":83,"geometry":{"type":"Point","coordinates":[-90.5371400002102,39.9450699995817]},"properties":{"OBJECTID":83,"ID":108,"NDCCODE":"7708020601","REGION":"IN","RIVERCD":"IL","LOCKCD":"08","CHMBCD":"1","NOCHMB":1,"PMSDATA":"Y","NAVSTR":"LAGRANGE","CHAMBN":"MAIN","CHB1":"M","STR1":"L","PMSNAME":"LAGRANGE LOCK & DAM","STATUS":"1","RIVER":"ILLINOIS","RIVERMI":80.2,"BANK":"R","LIFT":10,"LENGTH":600,"CHMBUL":600,"WIDTH":110,"CHMBUW":108,"AUDPA":9,"AUDPB":9,"UPDPTHMS":16,"LWDPTHMS":13,"YEAROPEN":1939,"GATETYPE":"Miter","GATE":"1","CHNLGTH":78,"CHNDPTHA":9,"CHNDPTHB":9,"CHNWDTHA":300,"CHNWDTHB":300,"WWPRJCT":"ILLINOIS WATERWAY","MOORING":"N","MULTI":"N","DIVISION":"MVD","DISTRICT":"MVR","STATE":"IL","MAINT1":"1","OPER1":"1","OWNER1":"1","TOWN":"Beardstown","COUNTY1":"BROWN","MOORING_R":"NONE","SE_ANNO_CAD_DATA":""}},{"type":"Feature","id":84,"geometry":{"type":"Point","coordinates":[-91.0572280001714,41.1919479997013]},"properties":{"OBJECTID":84,"ID":109,"NDCCODE":"3143710001","REGION":"IN","RIVERCD":"MI","LOCKCD":"17","CHMBCD":"1","NOCHMB":1,"PMSDATA":"Y","NAVSTR":"17","CHAMBN":"MAIN","CHB1":"M","STR1":"L","PMSNAME":"LOCK & DAM 17","STATUS":"1","RIVER":"MISSISSIPPI","RIVERMI":437.1,"BANK":"L","LIFT":8,"LENGTH":600,"CHMBUL":600,"WIDTH":110,"CHMBUW":108,"AUDPA":9,"AUDPB":9,"UPDPTHMS":16,"LWDPTHMS":13,"YEAROPEN":1939,"GATETYPE":"Miter","GATE":"1","CHNLGTH":20,"CHNDPTHA":9,"CHNDPTHB":9,"CHNWDTHA":300,"CHNWDTHB":300,"WWPRJCT":"MISSISSIPPI R BETWN MISSOURI R & MINNEAPOLIS, MN","MOORING":"N","MULTI":"N","DIVISION":"MVD","DISTRICT":"MVR","STATE":"IL","MAINT1":"1","OPER1":"1","OWNER1":"1","TOWN":"New Boston","COUNTY1":"MERCER","MOORING_R":"NONE","SE_ANNO_CAD_DATA":""}},{"type":"Feature","id":85,"geometry":{"type":"Point","coordinates":[-91.0098950000536,41.4252420004189]},"properties":{"OBJECTID":85,"ID":110,"NDCCODE":"3145710001","REGION":"IN","RIVERCD":"MI","LOCKCD":"16","CHMBCD":"1","NOCHMB":1,"PMSDATA":"Y","NAVSTR":"16","CHAMBN":"MAIN","CHB1":"M","STR1":"L","PMSNAME":"LOCK & DAM 16","STATUS":"1","RIVER":"MISSISSIPPI","RIVERMI":457.2,"BANK":"L","LIFT":9,"LENGTH":600,"CHMBUL":600,"WIDTH":110,"CHMBUW":108,"AUDPA":9,"AUDPB":9,"UPDPTHMS":17,"LWDPTHMS":12,"YEAROPEN":1937,"GATETYPE":"Miter","GATE":"1","CHNLGTH":26,"CHNDPTHA":9,"CHNDPTHB":9,"CHNWDTHA":300,"CHNWDTHB":300,"WWPRJCT":"MISSISSIPPI R BETWN MISSOURI R & MINNEAPOLIS, MN","MOORING":"N","MULTI":"N","DIVISION":"MVD","DISTRICT":"MVR","STATE":"IL","MAINT1":"1","OPER1":"1","OWNER1":"1","TOWN":"Muscatine","COUNTY1":"ROCK ISLAND","MOORING_R":"NONE","SE_ANNO_CAD_DATA":""}},{"type":"Feature","id":86,"geometry":{"type":"Point","coordinates":[-90.5644450003359,41.5184479998762]},"properties":{"OBJECTID":86,"ID":111,"NDCCODE":"3148210001","REGION":"IN","RIVERCD":"MI","LOCKCD":"15","CHMBCD":"1","NOCHMB":2,"PMSDATA":"Y","NAVSTR":"15","CHAMBN":"MAIN","CHB1":"M","STR1":"L","PMSNAME":"LOCK & DAM 15","STATUS":"1","RIVER":"MISSISSIPPI","RIVERMI":482.90000000000003,"BANK":"L","LIFT":16,"LENGTH":600,"CHMBUL":600,"WIDTH":110,"CHMBUW":108,"AUDPA":9,"AUDPB":9,"UPDPTHMS":27,"LWDPTHMS":11,"YEAROPEN":1934,"GATETYPE":"Miter","GATE":"1","CHNLGTH":10,"CHNDPTHA":9,"CHNDPTHB":9,"CHNWDTHA":300,"CHNWDTHB":300,"WWPRJCT":"MISSISSIPPI R BETWN MISSOURI R & MINNEAPOLIS, MN","MOORING":"N","MULTI":"N","DIVISION":"MVD","DISTRICT":"MVR","STATE":"IA","MAINT1":"1","OPER1":"1","OWNER1":"1","TOWN":"Rock Island","COUNTY1":"ROCK ISLAND","MOORING_R":"NONE","SE_ANNO_CAD_DATA":""}},{"type":"Feature","id":87,"geometry":{"type":"Point","coordinates":[-90.4036340003082,41.5742009997772]},"properties":{"OBJECTID":87,"ID":112,"NDCCODE":"3149310601","REGION":"IN","RIVERCD":"MI","LOCKCD":"14","CHMBCD":"1","NOCHMB":2,"PMSDATA":"Y","NAVSTR":"14","CHAMBN":"MAIN","CHB1":"M","STR1":"L","PMSNAME":"LOCK & DAM 14","STATUS":"1","RIVER":"MISSISSIPPI","RIVERMI":493,"BANK":"R","LIFT":11,"LENGTH":600,"CHMBUL":600,"WIDTH":110,"CHMBUW":108,"AUDPA":9,"AUDPB":9,"UPDPTHMS":20,"LWDPTHMS":13,"YEAROPEN":1922,"GATETYPE":"Miter","GATE":"1","CHNLGTH":29,"CHNDPTHA":9,"CHNDPTHB":9,"CHNWDTHA":300,"CHNWDTHB":300,"WWPRJCT":"MISSISSIPPI R BETWN MISSOURI R & MINNEAPOLIS, MN","MOORING":"N","MULTI":"N","DIVISION":"MVD","DISTRICT":"MVR","STATE":"IA","MAINT1":"1","OPER1":"1","OWNER1":"1","TOWN":"LeClaire","COUNTY1":"SCOTT","MOORING_R":"NONE","SE_ANNO_CAD_DATA":""}},{"type":"Feature","id":88,"geometry":{"type":"Point","coordinates":[-89.9455639995783,37.9834110000185]},"properties":{"OBJECTID":88,"ID":113,"NDCCODE":"3093590601","REGION":"IN","RIVERCD":"KS","LOCKCD":"01","CHMBCD":"1","NOCHMB":1,"PMSDATA":"Y","NAVSTR":"KASKASKIA","CHAMBN":"MAIN","CHB1":"M","STR1":"L","PMSNAME":"KASKASKIA RIVER NAVIGATION LOCK","STATUS":"1","RIVER":"KASKASKIA","RIVERMI":0.8,"BANK":"R","LIFT":29,"LENGTH":600,"CHMBUL":600,"WIDTH":84,"CHMBUW":84,"AUDPA":9,"AUDPB":9,"UPDPTHMS":19,"LWDPTHMS":11,"YEAROPEN":1973,"GATETYPE":"Miter","GATE":"1","CHNLGTH":35,"CHNDPTHA":9,"CHNDPTHB":9,"CHNWDTHA":225,"CHNWDTHB":225,"WWPRJCT":"KASKASKIA RIVER","MOORING":"N","MULTI":"N","DIVISION":"MVD","DISTRICT":"MVS","STATE":"IL","MAINT1":"1","OPER1":"1","OWNER1":"1","TOWN":"MODOC","COUNTY1":"RANDOLPH","MOORING_R":"NONE","SE_ANNO_CAD_DATA":""}},{"type":"Feature","id":89,"geometry":{"type":"Point","coordinates":[-90.1816149997318,38.7021690003]},"properties":{"OBJECTID":89,"ID":114,"NDCCODE":"3017938601","REGION":"IN","RIVERCD":"MI","LOCKCD":"27","CHMBCD":"1","NOCHMB":2,"PMSDATA":"Y","NAVSTR":"27","CHAMBN":"MAIN","CHB1":"M","STR1":"L","PMSNAME":"CHAINS OF ROCKS L/D 27","STATUS":"1","RIVER":"MISSISSIPPI","RIVERMI":185.5,"BANK":"L","LIFT":21,"LENGTH":1200,"CHMBUL":1200,"WIDTH":110,"CHMBUW":110,"AUDPA":9,"AUDPB":9,"UPDPTHMS":15,"LWDPTHMS":15,"YEAROPEN":1953,"GATETYPE":"U.S. Vertical lift, D.S. Miter","GATE":"6","CHNLGTH":15,"CHNDPTHA":9,"CHNDPTHB":9,"CHNWDTHA":350,"CHNWDTHB":350,"WWPRJCT":"MISSISSIPPI R BETWN OHIO AND MISSOURI RIVERS","MOORING":"N","MULTI":"N","DIVISION":"MVD","DISTRICT":"MVS","STATE":"IL","MAINT1":"1","OPER1":"1","OWNER1":"1","TOWN":"Granite City","COUNTY1":"MADISON","MOORING_R":"NONE","SE_ANNO_CAD_DATA":""}},{"type":"Feature","id":90,"geometry":{"type":"Point","coordinates":[-89.6237869995697,40.6323960000763]},"properties":{"OBJECTID":90,"ID":115,"NDCCODE":"7715770601","REGION":"IN","RIVERCD":"IL","LOCKCD":"07","CHMBCD":"1","NOCHMB":1,"PMSDATA":"Y","NAVSTR":"PEORIA","CHAMBN":"MAIN","CHB1":"M","STR1":"L","PMSNAME":"PEORIA LOCK & DAM","STATUS":"1","RIVER":"ILLINOIS","RIVERMI":157.70000000000002,"BANK":"L","LIFT":11,"LENGTH":600,"CHMBUL":600,"WIDTH":110,"CHMBUW":108,"AUDPA":9,"AUDPB":9,"UPDPTHMS":15,"LWDPTHMS":12,"YEAROPEN":1938,"GATETYPE":"Miter","GATE":"1","CHNLGTH":73,"CHNDPTHA":9,"CHNDPTHB":9,"CHNWDTHA":300,"CHNWDTHB":300,"WWPRJCT":"ILLINOIS WATERWAY","MOORING":"N","MULTI":"N","DIVISION":"MVD","DISTRICT":"MVR","STATE":"IL","MAINT1":"1","OPER1":"1","OWNER1":"1","TOWN":"Creve Coeur","COUNTY1":"TAZEWELL","MOORING_R":"NONE","SE_ANNO_CAD_DATA":""}},{"type":"Feature","id":91,"geometry":{"type":"Point","coordinates":[-90.1548569996502,41.8974559995956]},"properties":{"OBJECTID":91,"ID":116,"NDCCODE":"3152210001","REGION":"IN","RIVERCD":"MI","LOCKCD":"13","CHMBCD":"1","NOCHMB":1,"PMSDATA":"Y","NAVSTR":"13","CHAMBN":"MAIN","CHB1":"M","STR1":"L","PMSNAME":"LOCK & DAM 13","STATUS":"1","RIVER":"MISSISSIPPI","RIVERMI":522.5,"BANK":"L","LIFT":11,"LENGTH":600,"CHMBUL":600,"WIDTH":110,"CHMBUW":108,"AUDPA":9,"AUDPB":9,"UPDPTHMS":19,"LWDPTHMS":13,"YEAROPEN":1938,"GATETYPE":"Miter","GATE":"1","CHNLGTH":34,"CHNDPTHA":9,"CHNDPTHB":9,"CHNWDTHA":300,"CHNWDTHB":300,"WWPRJCT":"MISSISSIPPI R BETWN MISSOURI R & MINNEAPOLIS, MN","MOORING":"Y","MULTI":"N","DIVISION":"MVD","DISTRICT":"MVR","STATE":"IL","MAINT1":"1","OPER1":"1","OWNER1":"1","TOWN":"Clinton","COUNTY1":"WHITESIDE","MOORING_R":"UPPER","SE_ANNO_CAD_DATA":""}},{"type":"Feature","id":92,"geometry":{"type":"Point","coordinates":[-88.9854940002473,41.32449899963]},"properties":{"OBJECTID":92,"ID":117,"NDCCODE":"7723100601","REGION":"IN","RIVERCD":"IL","LOCKCD":"06","CHMBCD":"1","NOCHMB":1,"PMSDATA":"Y","NAVSTR":"STARVED ROCK","CHAMBN":"MAIN","CHB1":"M","STR1":"L","PMSNAME":"STARVED ROCK LOCK & DAM","STATUS":"1","RIVER":"ILLINOIS","RIVERMI":231,"BANK":"R","LIFT":19,"LENGTH":600,"CHMBUL":600,"WIDTH":110,"CHMBUW":108,"AUDPA":9,"AUDPB":9,"UPDPTHMS":17,"LWDPTHMS":14,"YEAROPEN":1933,"GATETYPE":"Miter","GATE":"1","CHNLGTH":14,"CHNDPTHA":9,"CHNDPTHB":9,"CHNWDTHA":300,"CHNWDTHB":300,"WWPRJCT":"ILLINOIS WATERWAY","MOORING":"Y","MULTI":"N","DIVISION":"MVD","DISTRICT":"MVR","STATE":"IL","MAINT1":"1","OPER1":"1","OWNER1":"1","TOWN":"Utica","COUNTY1":"LASALLE","MOORING_R":"Upper cells","SE_ANNO_CAD_DATA":""}},{"type":"Feature","id":93,"geometry":{"type":"Point","coordinates":[-88.7519800001762,41.328468000099]},"properties":{"OBJECTID":93,"ID":118,"NDCCODE":"7724460601","REGION":"IN","RIVERCD":"IL","LOCKCD":"05","CHMBCD":"1","NOCHMB":1,"PMSDATA":"Y","NAVSTR":"MARSEILLES","CHAMBN":"MAIN","CHB1":"M","STR1":"L","PMSNAME":"MARSEILLES LOCK & DAM","STATUS":"1","RIVER":"ILLINOIS","RIVERMI":244.6,"BANK":"L","LIFT":24,"LENGTH":600,"CHMBUL":600,"WIDTH":110,"CHMBUW":108,"AUDPA":9,"AUDPB":9,"UPDPTHMS":19,"LWDPTHMS":14,"YEAROPEN":1933,"GATETYPE":"Miter","GATE":"1","CHNLGTH":27,"CHNDPTHA":9,"CHNDPTHB":9,"CHNWDTHA":300,"CHNWDTHB":300,"WWPRJCT":"ILLINOIS WATERWAY","MOORING":"Y","MULTI":"N","DIVISION":"MVD","DISTRICT":"MVR","STATE":"IL","MAINT1":"1","OPER1":"1","OWNER1":"1","TOWN":"Marseilles","COUNTY1":"LASALLE","MOORING_R":"UPPER AND LOWER","SE_ANNO_CAD_DATA":""}},{"type":"Feature","id":94,"geometry":{"type":"Point","coordinates":[-88.2822470002982,41.3979069998091]},"properties":{"OBJECTID":94,"ID":119,"NDCCODE":"7727150601","REGION":"IN","RIVERCD":"IL","LOCKCD":"04","CHMBCD":"1","NOCHMB":1,"PMSDATA":"Y","NAVSTR":"DRESDEN ISLAND","CHAMBN":"MAIN","CHB1":"M","STR1":"L","PMSNAME":"DRESDEN ISLAND LOCK & DAM","STATUS":"1","RIVER":"ILLINOIS","RIVERMI":271.5,"BANK":"L","LIFT":22,"LENGTH":600,"CHMBUL":600,"WIDTH":110,"CHMBUW":108,"AUDPA":9,"AUDPB":9,"UPDPTHMS":17,"LWDPTHMS":12,"YEAROPEN":1933,"GATETYPE":"Miter","GATE":"1","CHNLGTH":15,"CHNDPTHA":9,"CHNDPTHB":9,"CHNWDTHA":300,"CHNWDTHB":300,"WWPRJCT":"ILLINOIS WATERWAY","MOORING":"Y","MULTI":"NR","DIVISION":"MVD","DISTRICT":"MVR","STATE":"IL","MAINT1":"1","OPER1":"1","OWNER1":"1","TOWN":"Morris","COUNTY1":"GRUNDY","MOORING_R":"UPPER & LOWER","SE_ANNO_CAD_DATA":""}},{"type":"Feature","id":95,"geometry":{"type":"Point","coordinates":[-88.102742999789,41.5035190003025]},"properties":{"OBJECTID":95,"ID":120,"NDCCODE":"7728600601","REGION":"IN","RIVERCD":"IL","LOCKCD":"03","CHMBCD":"1","NOCHMB":1,"PMSDATA":"Y","NAVSTR":"BRANDON ROAD","CHAMBN":"MAIN","CHB1":"M","STR1":"L","PMSNAME":"BRANDON ROAD LOCK & DAM","STATUS":"1","RIVER":"ILLINOIS","RIVERMI":286,"BANK":"R","LIFT":34,"LENGTH":600,"CHMBUL":600,"WIDTH":110,"CHMBUW":108,"AUDPA":9,"AUDPB":9,"UPDPTHMS":18,"LWDPTHMS":14,"YEAROPEN":1933,"GATETYPE":"Miter","GATE":"1","CHNLGTH":5,"CHNDPTHA":9,"CHNDPTHB":9,"CHNWDTHA":160,"CHNWDTHB":160,"WWPRJCT":"ILLINOIS WATERWAY","MOORING":"N","MULTI":"N","DIVISION":"MVD","DISTRICT":"MVR","STATE":"IL","MAINT1":"1","OPER1":"1","OWNER1":"1","TOWN":"Joliet","COUNTY1":"WILL","MOORING_R":"NONE","SE_ANNO_CAD_DATA":""}},{"type":"Feature","id":96,"geometry":{"type":"Point","coordinates":[-88.0774400002552,41.5689500004431]},"properties":{"OBJECTID":96,"ID":121,"NDCCODE":"7729110601","REGION":"IN","RIVERCD":"IL","LOCKCD":"02","CHMBCD":"1","NOCHMB":1,"PMSDATA":"Y","NAVSTR":"LOCKPORT","CHAMBN":"MAIN","CHB1":"M","STR1":"L","PMSNAME":"LOCKPORT LOCK","STATUS":"1","RIVER":"ILLINOIS","RIVERMI":291.1,"BANK":"L","LIFT":39,"LENGTH":600,"CHMBUL":600,"WIDTH":110,"CHMBUW":108,"AUDPA":9,"AUDPB":9,"UPDPTHMS":20,"LWDPTHMS":15,"YEAROPEN":1933,"GATETYPE":"Miter","GATE":"1","CHNLGTH":35,"CHNDPTHA":9,"CHNDPTHB":9,"CHNWDTHA":300,"CHNWDTHB":300,"WWPRJCT":"ILLINOIS WATERWAY","MOORING":"N","MULTI":"NP","DIVISION":"MVD","DISTRICT":"MVR","STATE":"IL","MAINT1":"1","OPER1":"1","OWNER1":"1","TOWN":"Lockport","COUNTY1":"WILL","MOORING_R":"NONE","SE_ANNO_CAD_DATA":""}},{"type":"Feature","id":97,"geometry":{"type":"Point","coordinates":[-87.6284750003203,34.8051439995968]},"properties":{"OBJECTID":97,"ID":122,"NDCCODE":"4525941602","REGION":"IN","RIVERCD":"TN","LOCKCD":"03","CHMBCD":"2","NOCHMB":3,"PMSDATA":"Y","NAVSTR":"WILSON","CHAMBN":"MAIN","CHB1":"M","STR1":"L","PMSNAME":"WILSON LOCK","STATUS":"1","RIVER":"TENNESSEE","RIVERMI":259.4,"BANK":"R","LIFT":94,"LENGTH":600,"CHMBUL":600,"WIDTH":110,"CHMBUW":110,"AUDPA":9,"AUDPB":9,"UPDPTHMS":11,"LWDPTHMS":11,"YEAROPEN":1959,"GATETYPE":"Miter","GATE":"1","CHNLGTH":16,"CHNDPTHA":9,"CHNDPTHB":9,"CHNWDTHA":300,"CHNWDTHB":300,"WWPRJCT":"TENNESSEE RIVER, TN, AL, & KY","MOORING":"N","MULTI":"NPRCF","DIVISION":"LRD","DISTRICT":"LRN","STATE":"AL","MAINT1":"1","OPER1":"1","OWNER1":"2","TOWN":"FLORENCE","COUNTY1":"LAUDERDALE","MOORING_R":"3 mooring cells uostream & 3 downstream.","SE_ANNO_CAD_DATA":""}},{"type":"Feature","id":98,"geometry":{"type":"Point","coordinates":[-87.3835649999241,34.813451999611]},"properties":{"OBJECTID":98,"ID":123,"NDCCODE":"4527491601","REGION":"IN","RIVERCD":"TN","LOCKCD":"04","CHMBCD":"1","NOCHMB":2,"PMSDATA":"Y","NAVSTR":"GENERAL JOSEPH WHEELER","CHAMBN":"MAIN","CHB1":"M","STR1":"L","PMSNAME":"GEN JOS WHEELER LOCK","STATUS":"1","RIVER":"TENNESSEE","RIVERMI":274.90000000000003,"BANK":"R","LIFT":48,"LENGTH":600,"CHMBUL":600,"WIDTH":110,"CHMBUW":110,"AUDPA":9,"AUDPB":9,"UPDPTHMS":15,"LWDPTHMS":13,"YEAROPEN":1963,"GATETYPE":"Miter","GATE":"1","CHNLGTH":74,"CHNDPTHA":9,"CHNDPTHB":9,"CHNWDTHA":300,"CHNWDTHB":300,"WWPRJCT":"TENNESSEE RIVER, TN, AL, & KY","MOORING":"Y","MULTI":"NPRCF","DIVISION":"LRD","DISTRICT":"LRN","STATE":"AL","MAINT1":"1","OPER1":"1","OWNER1":"2","TOWN":"ROGERSVILLE","COUNTY1":"LAUDERDALE","MOORING_R":"6 mooring cells downstream & 2 upstream.","SE_ANNO_CAD_DATA":""}},{"type":"Feature","id":99,"geometry":{"type":"Point","coordinates":[-86.3921949996989,34.4262069995543]},"properties":{"OBJECTID":99,"ID":124,"NDCCODE":"4534900601","REGION":"IN","RIVERCD":"TN","LOCKCD":"05","CHMBCD":"1","NOCHMB":2,"PMSDATA":"Y","NAVSTR":"GUNTERSVILLE","CHAMBN":"MAIN","CHB1":"M","STR1":"L","PMSNAME":"GUNTERSVILLE LOCK","STATUS":"1","RIVER":"TENNESSEE","RIVERMI":349,"BANK":"R","LIFT":39,"LENGTH":600,"CHMBUL":600,"WIDTH":110,"CHMBUW":110,"AUDPA":9,"AUDPB":9,"UPDPTHMS":17,"LWDPTHMS":18,"YEAROPEN":1965,"GATETYPE":"Miter","GATE":"1","CHNLGTH":76,"CHNDPTHA":9,"CHNDPTHB":9,"CHNWDTHA":300,"CHNWDTHB":300,"WWPRJCT":"TENNESSEE RIVER, TN, AL, & KY","MOORING":"Y","MULTI":"NPRFCS","DIVISION":"LRD","DISTRICT":"LRN","STATE":"AL","MAINT1":"1","OPER1":"1","OWNER1":"2","TOWN":"Guntersville","COUNTY1":"MARSHALL","MOORING_R":"6 CELLS, 2 ABOVE, 4 BELOW","SE_ANNO_CAD_DATA":""}},{"type":"Feature","id":100,"geometry":{"type":"Point","coordinates":[-87.2228210002883,36.3214179997418]},"properties":{"OBJECTID":100,"ID":125,"NDCCODE":"4414870601","REGION":"IN","RIVERCD":"CU","LOCKCD":"22","CHMBCD":"1","NOCHMB":1,"PMSDATA":"Y","NAVSTR":"CHEATHAM","CHAMBN":"MAIN","CHB1":"M","STR1":"L","PMSNAME":"CHEATHAM LOCK & DAM","STATUS":"1","RIVER":"CUMBERLAND","RIVERMI":148.70000000000002,"BANK":"R","LIFT":26,"LENGTH":800,"CHMBUL":798,"WIDTH":110,"CHMBUW":110,"AUDPA":9,"AUDPB":9,"UPDPTHMS":14,"LWDPTHMS":12,"YEAROPEN":1952,"GATETYPE":"Miter","GATE":"1","CHNLGTH":68,"CHNDPTHA":9,"CHNDPTHB":9,"CHNWDTHA":200,"CHNWDTHB":200,"WWPRJCT":"CUMBERLAND RIVER, TN & KY","MOORING":"Y","MULTI":"NPRF","DIVISION":"LRD","DISTRICT":"LRN","STATE":"TN","MAINT1":"1","OPER1":"1","OWNER1":"1","TOWN":"Ashland City","COUNTY1":"CHEATHAM","MOORING_R":"2 lower cells on RT bank.","SE_ANNO_CAD_DATA":""}},{"type":"Feature","id":101,"geometry":{"type":"Point","coordinates":[-87.2653279999866,37.5316879997023]},"properties":{"OBJECTID":101,"ID":126,"NDCCODE":"4056310601","REGION":"IN","RIVERCD":"GB","LOCKCD":"22","CHMBCD":"1","NOCHMB":1,"PMSDATA":"Y","NAVSTR":" 2","CHAMBN":"MAIN","CHB1":"M","STR1":"L","PMSNAME":"GREEN RIVER LOCK & DAM 2","STATUS":"1","RIVER":"GREEN","RIVERMI":63.1,"BANK":"R","LIFT":14,"LENGTH":600,"CHMBUL":600,"WIDTH":84,"CHMBUW":84,"AUDPA":9,"AUDPB":9,"UPDPTHMS":12,"LWDPTHMS":12,"YEAROPEN":1956,"GATETYPE":"Miter","GATE":"1","CHNLGTH":45,"CHNDPTHA":9,"CHNDPTHB":9,"CHNWDTHA":150,"CHNWDTHB":150,"WWPRJCT":"GREEN & BARREN RIVERS,KY","MOORING":"Y","MULTI":"N","DIVISION":"LRD","DISTRICT":"LRL","STATE":"KY","MAINT1":"1","OPER1":"1","OWNER1":"1","TOWN":"Calhoun","COUNTY1":"McLEAN","MOORING_R":"UPPER BOUYS","SE_ANNO_CAD_DATA":""}},{"type":"Feature","id":102,"geometry":{"type":"Point","coordinates":[-86.6570479997648,36.2961819997004]},"properties":{"OBJECTID":102,"ID":127,"NDCCODE":"4421620601","REGION":"IN","RIVERCD":"CU","LOCKCD":"24","CHMBCD":"1","NOCHMB":1,"PMSDATA":"Y","NAVSTR":"OLD HICKORY","CHAMBN":"MAIN","CHB1":"M","STR1":"L","PMSNAME":"OLD HICKORY LOCK & DAM","STATUS":"1","RIVER":"CUMBERLAND","RIVERMI":216.20000000000002,"BANK":"L","LIFT":60,"LENGTH":400,"CHMBUL":397,"WIDTH":84,"CHMBUW":84,"AUDPA":9,"AUDPB":9,"UPDPTHMS":14,"LWDPTHMS":13,"YEAROPEN":1954,"GATETYPE":"Miter","GATE":"1","CHNLGTH":97,"CHNDPTHA":9,"CHNDPTHB":9,"CHNWDTHA":150,"CHNWDTHB":150,"WWPRJCT":"CUMBERLAND RIVER, TN & KY","MOORING":"Y","MULTI":"NPRF","DIVISION":"LRD","DISTRICT":"LRN","STATE":"TN","MAINT1":"1","OPER1":"1","OWNER1":"1","TOWN":"Old Hickory","COUNTY1":"DAVIDSON","MOORING_R":"a.  2 cells upstream 300' apart.              b.  2 cells below 250'.","SE_ANNO_CAD_DATA":""}},{"type":"Feature","id":103,"geometry":{"type":"Point","coordinates":[-86.8998859999383,37.2141839997927]},"properties":{"OBJECTID":103,"ID":128,"NDCCODE":"4060850601","REGION":"IN","RIVERCD":"GB","LOCKCD":"23","CHMBCD":"1","NOCHMB":1,"PMSDATA":"N","NAVSTR":" 3","CHAMBN":"MAIN","CHB1":"M","STR1":"L","PMSNAME":"GREEN RIVER LOCK & DAM 3","STATUS":"5","RIVER":"GREEN","RIVERMI":108.5,"BANK":"R","LIFT":17,"LENGTH":138,"CHMBUL":138,"WIDTH":36,"CHMBUW":36,"AUDPA":9,"AUDPB":9,"UPDPTHMS":0,"LWDPTHMS":0,"YEAROPEN":1836,"GATETYPE":"Miter","GATE":"1","CHNLGTH":0,"CHNDPTHA":0,"CHNDPTHB":0,"CHNWDTHA":0,"CHNWDTHB":0,"WWPRJCT":"GREEN & BARREN RIVERS,KY","MOORING":"N","MULTI":"N","DIVISION":"LRD","DISTRICT":"LRL","STATE":"KY","MAINT1":"8","OPER1":"8","OWNER1":"1","TOWN":"ROCHESTER","COUNTY1":"OHIO","MOORING_R":"NONE","SE_ANNO_CAD_DATA":""}},{"type":"Feature","id":104,"geometry":{"type":"Point","coordinates":[-86.631311000002,37.1838830000013]},"properties":{"OBJECTID":104,"ID":129,"NDCCODE":"4064900601","REGION":"IN","RIVERCD":"GB","LOCKCD":" ","CHMBCD":" ","NOCHMB":1,"PMSDATA":"N","NAVSTR":" 4","CHAMBN":"MAIN","CHB1":"M","STR1":"L","PMSNAME":"GREEN RIVER LOCK & DAM 4","STATUS":"5","RIVER":"GREEN","RIVERMI":149,"BANK":"L","LIFT":16,"LENGTH":138,"CHMBUL":138,"WIDTH":36,"CHMBUW":36,"AUDPA":9,"AUDPB":9,"UPDPTHMS":0,"LWDPTHMS":0,"YEAROPEN":1836,"GATETYPE":"Miter","GATE":"3","CHNLGTH":0,"CHNDPTHA":0,"CHNDPTHB":0,"CHNWDTHA":0,"CHNWDTHB":0,"WWPRJCT":"GREEN & BARREN RIVERS,KY","MOORING":"N","MULTI":"N","DIVISION":"LRD","DISTRICT":"LRL","STATE":"KY","MAINT1":"8","OPER1":"8","OWNER1":"1","TOWN":"WOODBURY","COUNTY1":"BUTLER","MOORING_R":"NONE","SE_ANNO_CAD_DATA":""}},{"type":"Feature","id":105,"geometry":{"type":"Point","coordinates":[-85.2287129999044,35.1062070003537]},"properties":{"OBJECTID":105,"ID":130,"NDCCODE":"4547100601","REGION":"IN","RIVERCD":"TN","LOCKCD":"07","CHMBCD":"1","NOCHMB":1,"PMSDATA":"Y","NAVSTR":"CHICKAMAUGA","CHAMBN":"MAIN","CHB1":"M","STR1":"L","PMSNAME":"CHICKAMAUGA LOCK","STATUS":"1","RIVER":"TENNESSEE","RIVERMI":471,"BANK":"R","LIFT":49,"LENGTH":360,"CHMBUL":360,"WIDTH":60,"CHMBUW":60,"AUDPA":9,"AUDPB":9,"UPDPTHMS":10,"LWDPTHMS":14,"YEAROPEN":1937,"GATETYPE":"Miter","GATE":"1","CHNLGTH":59,"CHNDPTHA":9,"CHNDPTHB":9,"CHNWDTHA":300,"CHNWDTHB":300,"WWPRJCT":"TENNESSEE RIVER, TN, AL, & KY","MOORING":"Y","MULTI":"N","DIVISION":"LRD","DISTRICT":"LRN","STATE":"TN","MAINT1":"1","OPER1":"1","OWNER1":"2","TOWN":"Chattanooga","COUNTY1":"HAMILTON","MOORING_R":"5 CELLS, 2 UP, 3 DN","SE_ANNO_CAD_DATA":""}},{"type":"Feature","id":106,"geometry":{"type":"Point","coordinates":[-84.779428999648,35.621851999571]},"properties":{"OBJECTID":106,"ID":131,"NDCCODE":"4552990601","REGION":"IN","RIVERCD":"TN","LOCKCD":"08","CHMBCD":"1","NOCHMB":1,"PMSDATA":"Y","NAVSTR":"WATTS BAR","CHAMBN":"MAIN","CHB1":"M","STR1":"L","PMSNAME":"WATTS BAR LOCK","STATUS":"1","RIVER":"TENNESSEE","RIVERMI":529.9,"BANK":"L","LIFT":58,"LENGTH":360,"CHMBUL":360,"WIDTH":60,"CHMBUW":60,"AUDPA":9,"AUDPB":9,"UPDPTHMS":12,"LWDPTHMS":12,"YEAROPEN":1941,"GATETYPE":"Miter","GATE":"1","CHNLGTH":72,"CHNDPTHA":9,"CHNDPTHB":9,"CHNWDTHA":300,"CHNWDTHB":300,"WWPRJCT":"TENNESSEE RIVER, TN, AL, & KY","MOORING":"Y","MULTI":"N","DIVISION":"LRD","DISTRICT":"LRN","STATE":"TN","MAINT1":"1","OPER1":"1","OWNER1":"2","TOWN":"Breendenton","COUNTY1":"MEIGS","MOORING_R":"2 mooring cells upstream & 2 downstream.","SE_ANNO_CAD_DATA":""}},{"type":"Feature","id":107,"geometry":{"type":"Point","coordinates":[-85.9424030002976,36.2904360000223]},"properties":{"OBJECTID":107,"ID":132,"NDCCODE":"4431350601","REGION":"IN","RIVERCD":"CU","LOCKCD":"23","CHMBCD":"1","NOCHMB":1,"PMSDATA":"Y","NAVSTR":"CORDELL HULL","CHAMBN":"MAIN","CHB1":"M","STR1":"L","PMSNAME":"CORDULL HULL LOCK & DAM","STATUS":"1","RIVER":"CUMBERLAND","RIVERMI":313.5,"BANK":"L","LIFT":59,"LENGTH":400,"CHMBUL":400,"WIDTH":84,"CHMBUW":84,"AUDPA":9,"AUDPB":9,"UPDPTHMS":14,"LWDPTHMS":13,"YEAROPEN":1973,"GATETYPE":"Miter","GATE":"1","CHNLGTH":72,"CHNDPTHA":9,"CHNDPTHB":9,"CHNWDTHA":150,"CHNWDTHB":150,"WWPRJCT":"CUMBERLAND RIVER, TN & KY","MOORING":"N","MULTI":"NRPF","DIVISION":"LRD","DISTRICT":"LRN","STATE":"TN","MAINT1":"1","OPER1":"1","OWNER1":"1","TOWN":"Carthage","COUNTY1":"SMITH","MOORING_R":"NONE","SE_ANNO_CAD_DATA":""}},{"type":"Feature","id":108,"geometry":{"type":"Point","coordinates":[-84.300446000382,35.8862219998463]},"properties":{"OBJECTID":108,"ID":133,"NDCCODE":"4698523101","REGION":"IN","RIVERCD":"CI","LOCKCD":"11","CHMBCD":"1","NOCHMB":1,"PMSDATA":"Y","NAVSTR":"MELTON HILL","CHAMBN":"MAIN","CHB1":"M","STR1":"L","PMSNAME":"MELTON HILL LOCK & DAM","STATUS":"1","RIVER":"CLINCH","RIVERMI":23.1,"BANK":"R","LIFT":58,"LENGTH":400,"CHMBUL":400,"WIDTH":75,"CHMBUW":75,"AUDPA":9,"AUDPB":9,"UPDPTHMS":13,"LWDPTHMS":13,"YEAROPEN":1963,"GATETYPE":"Miter","GATE":"1","CHNLGTH":38,"CHNDPTHA":9,"CHNDPTHB":9,"CHNWDTHA":300,"CHNWDTHB":300,"WWPRJCT":"TENNESSEE RIVER, TN, AL, & KY","MOORING":"N","MULTI":"NP","DIVISION":"LRD","DISTRICT":"LRN","STATE":"TN","MAINT1":"1","OPER1":"1","OWNER1":"2","TOWN":"Kingston","COUNTY1":"ROANE","MOORING_R":"NONE","SE_ANNO_CAD_DATA":""}},{"type":"Feature","id":109,"geometry":{"type":"Point","coordinates":[-84.2422880001904,35.7896469997102]},"properties":{"OBJECTID":109,"ID":134,"NDCCODE":"4560230601","REGION":"IN","RIVERCD":"TN","LOCKCD":"09","CHMBCD":"1","NOCHMB":1,"PMSDATA":"Y","NAVSTR":"FORT LOUDON","CHAMBN":"MAIN","CHB1":"M","STR1":"L","PMSNAME":"FORT LOUDON LOCK","STATUS":"1","RIVER":"TENNESSEE","RIVERMI":602.30000000000007,"BANK":"L","LIFT":72,"LENGTH":360,"CHMBUL":360,"WIDTH":60,"CHMBUW":60,"AUDPA":9,"AUDPB":9,"UPDPTHMS":12,"LWDPTHMS":12,"YEAROPEN":1943,"GATETYPE":"Miter","GATE":"1","CHNLGTH":50,"CHNDPTHA":9,"CHNDPTHB":9,"CHNWDTHA":300,"CHNWDTHB":300,"WWPRJCT":"TENNESSEE RIVER, TN, AL, & KY","MOORING":"N","MULTI":"N","DIVISION":"LRD","DISTRICT":"LRN","STATE":"TN","MAINT1":"1","OPER1":"1","OWNER1":"1","TOWN":"Lenoir City","COUNTY1":"LOUDON","MOORING_R":"NONE","SE_ANNO_CAD_DATA":""}},{"type":"Feature","id":110,"geometry":{"type":"Point","coordinates":[-84.5861400001602,37.7457169996407]},"properties":{"OBJECTID":110,"ID":135,"NDCCODE":"4113990601","REGION":"IN","RIVERCD":"KY","LOCKCD":"08","CHMBCD":"1","NOCHMB":1,"PMSDATA":"N","NAVSTR":" 8","CHAMBN":"MAIN","CHB1":"M","STR1":"L","PMSNAME":"LOCK & DAM 8","STATUS":"2","RIVER":"KENTUCKY","RIVERMI":139.9,"BANK":"R","LIFT":19,"LENGTH":146,"CHMBUL":146,"WIDTH":52,"CHMBUW":52,"AUDPA":6,"AUDPB":6,"UPDPTHMS":11,"LWDPTHMS":6,"YEAROPEN":1900,"GATETYPE":"Miter","GATE":"3","CHNLGTH":18,"CHNDPTHA":6,"CHNDPTHB":0,"CHNWDTHA":100,"CHNWDTHB":100,"WWPRJCT":"KENTUCKY RIVER, KY","MOORING":"N","MULTI":"N","DIVISION":"LRD","DISTRICT":"LRL","STATE":"KY","MAINT1":"4","OPER1":"4","OWNER1":"1","TOWN":"Camp Nelson","COUNTY1":"JESSAMINE","MOORING_R":"NONE","SE_ANNO_CAD_DATA":""}},{"type":"Feature","id":111,"geometry":{"type":"Point","coordinates":[-83.9485859998434,37.677455000249]},"properties":{"OBJECTID":111,"ID":136,"NDCCODE":"4122090601","REGION":"IN","RIVERCD":"KY","LOCKCD":"12","CHMBCD":"1","NOCHMB":1,"PMSDATA":"N","NAVSTR":"12","CHAMBN":"MAIN","CHB1":"M","STR1":"L","PMSNAME":"LOCK & DAM 12","STATUS":"2","RIVER":"KENTUCKY","RIVERMI":220.9,"BANK":"R","LIFT":17,"LENGTH":148,"CHMBUL":148,"WIDTH":52,"CHMBUW":52,"AUDPA":6,"AUDPB":6,"UPDPTHMS":10,"LWDPTHMS":6,"YEAROPEN":1973,"GATETYPE":"Miter","GATE":"3","CHNLGTH":19,"CHNDPTHA":6,"CHNDPTHB":0,"CHNWDTHA":100,"CHNWDTHB":100,"WWPRJCT":"KENTUCKY RIVER, KY","MOORING":"N","MULTI":"N","DIVISION":"LRD","DISTRICT":"LRL","STATE":"KY","MAINT1":"4","OPER1":"4","OWNER1":"1","TOWN":"Ravenna","COUNTY1":"ESTILL","MOORING_R":"NONE","SE_ANNO_CAD_DATA":""}},{"type":"Feature","id":112,"geometry":{"type":"Point","coordinates":[-87.9924150003513,37.7948479999362]},"properties":{"OBJECTID":112,"ID":137,"NDCCODE":"4013500602","REGION":"IN","RIVERCD":"OH","LOCKCD":"77","CHMBCD":"2","NOCHMB":2,"PMSDATA":"Y","NAVSTR":"JOHN T. MYERS","CHAMBN":"MAIN","CHB1":"M","STR1":"L","PMSNAME":"JOHN T. MYERSLOCK & DAM","STATUS":"1","RIVER":"OHIO","RIVERMI":846,"BANK":"R","LIFT":18,"LENGTH":1200,"CHMBUL":1200,"WIDTH":110,"CHMBUW":110,"AUDPA":9,"AUDPB":9,"UPDPTHMS":34,"LWDPTHMS":16,"YEAROPEN":1975,"GATETYPE":"Miter","GATE":"1","CHNLGTH":70,"CHNDPTHA":9,"CHNDPTHB":9,"CHNWDTHA":300,"CHNWDTHB":300,"WWPRJCT":"OHIO RIVER","MOORING":"Y","MULTI":"N","DIVISION":"LRD","DISTRICT":"LRL","STATE":"IN","MAINT1":"1","OPER1":"1","OWNER1":"1","TOWN":"MOUNT VERNON","COUNTY1":"POSEY","MOORING_R":"UPSTREAM CELLS","SE_ANNO_CAD_DATA":""}},{"type":"Feature","id":113,"geometry":{"type":"Point","coordinates":[-87.4095209998936,37.8589940001739]},"properties":{"OBJECTID":113,"ID":138,"NDCCODE":"4050910601","REGION":"IN","RIVERCD":"GB","LOCKCD":"21","CHMBCD":"1","NOCHMB":1,"PMSDATA":"Y","NAVSTR":" 1","CHAMBN":"MAIN","CHB1":"M","STR1":"L","PMSNAME":"GREEN RIVER LOCK & DAM 1","STATUS":"1","RIVER":"GREEN","RIVERMI":9.1,"BANK":"R","LIFT":8,"LENGTH":600,"CHMBUL":600,"WIDTH":84,"CHMBUW":84,"AUDPA":9,"AUDPB":9,"UPDPTHMS":12,"LWDPTHMS":15,"YEAROPEN":1956,"GATETYPE":"Miter","GATE":"1","CHNLGTH":54,"CHNDPTHA":9,"CHNDPTHB":9,"CHNWDTHA":150,"CHNWDTHB":150,"WWPRJCT":"GREEN & BARREN RIVERS,KY","MOORING":"Y","MULTI":"N","DIVISION":"LRD","DISTRICT":"LRL","STATE":"KY","MAINT1":"1","OPER1":"1","OWNER1":"1","TOWN":"Spottsville","COUNTY1":"HENDERSON","MOORING_R":"UPPER 2 BOUYS","SE_ANNO_CAD_DATA":""}},{"type":"Feature","id":114,"geometry":{"type":"Point","coordinates":[-87.3734850000321,37.9322190000078]},"properties":{"OBJECTID":114,"ID":139,"NDCCODE":"4020530602","REGION":"IN","RIVERCD":"OH","LOCKCD":"76","CHMBCD":"2","NOCHMB":2,"PMSDATA":"Y","NAVSTR":"NEWBURGH","CHAMBN":"MAIN","CHB1":"M","STR1":"L","PMSNAME":"NEWBURGH LOCK & DAM","STATUS":"1","RIVER":"OHIO","RIVERMI":776.1,"BANK":"R","LIFT":16,"LENGTH":1200,"CHMBUL":1200,"WIDTH":110,"CHMBUW":110,"AUDPA":9,"AUDPB":9,"UPDPTHMS":31,"LWDPTHMS":15,"YEAROPEN":1975,"GATETYPE":"Miter","GATE":"1","CHNLGTH":55,"CHNDPTHA":9,"CHNDPTHB":9,"CHNWDTHA":300,"CHNWDTHB":300,"WWPRJCT":"OHIO RIVER","MOORING":"Y","MULTI":"N","DIVISION":"LRD","DISTRICT":"LRL","STATE":"IN","MAINT1":"1","OPER1":"1","OWNER1":"1","TOWN":"Newburgh","COUNTY1":"WARRICK","MOORING_R":"One federal bouy right bank, mile 775.","SE_ANNO_CAD_DATA":""}},{"type":"Feature","id":115,"geometry":{"type":"Point","coordinates":[-86.7065340002433,37.8996429996257]},"properties":{"OBJECTID":115,"ID":140,"NDCCODE":"4026000602","REGION":"IN","RIVERCD":"OH","LOCKCD":"75","CHMBCD":"2","NOCHMB":2,"PMSDATA":"Y","NAVSTR":"CANNELTON","CHAMBN":"MAIN","CHB1":"M","STR1":"L","PMSNAME":"CANNELTON LOCK & DAM","STATUS":"1","RIVER":"OHIO","RIVERMI":720.7,"BANK":"R","LIFT":25,"LENGTH":1200,"CHMBUL":1200,"WIDTH":110,"CHMBUW":110,"AUDPA":9,"AUDPB":9,"UPDPTHMS":40,"LWDPTHMS":15,"YEAROPEN":1971,"GATETYPE":"Miter","GATE":"1","CHNLGTH":114,"CHNDPTHA":9,"CHNDPTHB":9,"CHNWDTHA":300,"CHNWDTHB":300,"WWPRJCT":"OHIO RIVER","MOORING":"Y","MULTI":"N","DIVISION":"LRD","DISTRICT":"LRL","STATE":"IN","MAINT1":"1","OPER1":"1","OWNER1":"1","TOWN":"Cannelton","COUNTY1":"PERRY","MOORING_R":"2 CELLS, TEMP MOORING UPSTREAM","SE_ANNO_CAD_DATA":""}},{"type":"Feature","id":116,"geometry":{"type":"Point","coordinates":[-87.5670420001875,41.6515659998719]},"properties":{"OBJECTID":116,"ID":141,"NDCCODE":"7764300501","REGION":"IN","RIVERCD":"IL","LOCKCD":"01","CHMBCD":"1","NOCHMB":1,"PMSDATA":"Y","NAVSTR":"THOMAS J. OBRIEN","CHAMBN":"MAIN","CHB1":"M","STR1":"L","PMSNAME":"THOMAS J. O'BRIEN LOCK & DAM","STATUS":"1","RIVER":"CALUMET","RIVERMI":326.5,"BANK":"R","LIFT":4,"LENGTH":1000,"CHMBUL":1000,"WIDTH":110,"CHMBUW":108,"AUDPA":9,"AUDPB":9,"UPDPTHMS":18,"LWDPTHMS":18,"YEAROPEN":1960,"GATETYPE":"Sector","GATE":"4","CHNLGTH":7,"CHNDPTHA":9,"CHNDPTHB":9,"CHNWDTHA":300,"CHNWDTHB":300,"WWPRJCT":"ILLINOIS WATERWAY","MOORING":"Y","MULTI":"N","DIVISION":"MVD","DISTRICT":"MVR","STATE":"IL","MAINT1":"1","OPER1":"1","OWNER1":"1","TOWN":"Chicago","COUNTY1":"COOK","MOORING_R":"NONE","SE_ANNO_CAD_DATA":""}},{"type":"Feature","id":117,"geometry":{"type":"Point","coordinates":[-80.6204959997899,26.984483000391]},"properties":{"OBJECTID":117,"ID":59,"NDCCODE":"1470588301","REGION":"AT","RIVERCD":"OK","LOCKCD":"05","CHMBCD":"1","NOCHMB":1,"PMSDATA":"Y","NAVSTR":"PORT MAYACA","CHAMBN":"MAIN","CHB1":"M","STR1":"L","PMSNAME":"PORT MAYACA LOCK","STATUS":"1","RIVER":"ST. LUCIE CANAL","RIVERMI":38.5,"BANK":"R","LIFT":2,"LENGTH":400,"CHMBUL":400,"WIDTH":56,"CHMBUW":56,"AUDPA":10,"AUDPB":10,"UPDPTHMS":17,"LWDPTHMS":17,"YEAROPEN":1977,"GATETYPE":"Sector","GATE":"4","CHNLGTH":5,"CHNDPTHA":8,"CHNDPTHB":8,"CHNWDTHA":100,"CHNWDTHB":100,"WWPRJCT":"OKEECHOBEE WATERWAY, FL","MOORING":"Y","MULTI":"NF","DIVISION":"SAD","DISTRICT":"SAJ","STATE":"FL","MAINT1":"1","OPER1":"1","OWNER1":"1","TOWN":"Port Mayaca","COUNTY1":"MARTIN","MOORING_R":"DOLPHINS","SE_ANNO_CAD_DATA":""}},{"type":"Feature","id":118,"geometry":{"type":"Point","coordinates":[-80.2843819996289,27.1117230000173]},"properties":{"OBJECTID":118,"ID":60,"NDCCODE":"1470590801","REGION":"AT","RIVERCD":"OK","LOCKCD":"01","CHMBCD":"1","NOCHMB":1,"PMSDATA":"Y","NAVSTR":"ST. LUCIE","CHAMBN":"MAIN","CHB1":"M","STR1":"L","PMSNAME":"ST.LUCIE LOCK & DAM","STATUS":"1","RIVER":"ST. LUCIE CANAL","RIVERMI":15.3,"BANK":"R","LIFT":13,"LENGTH":250,"CHMBUL":225,"WIDTH":50,"CHMBUW":50,"AUDPA":10,"AUDPB":10,"UPDPTHMS":15,"LWDPTHMS":13,"YEAROPEN":1941,"GATETYPE":"Sector","GATE":"4","CHNLGTH":15,"CHNDPTHA":8,"CHNDPTHB":8,"CHNWDTHA":80,"CHNWDTHB":80,"WWPRJCT":"OKEECHOBEE WATERWAY, FL","MOORING":"Y","MULTI":"NF","DIVISION":"SAD","DISTRICT":"SAJ","STATE":"FL","MAINT1":"1","OPER1":"1","OWNER1":"1","TOWN":"Stuart","COUNTY1":"MARTIN","MOORING_R":"Tie-up dolphins","SE_ANNO_CAD_DATA":""}},{"type":"Feature","id":119,"geometry":{"type":"Point","coordinates":[-80.6389679999726,28.4091649999656]},"properties":{"OBJECTID":119,"ID":61,"NDCCODE":"1415108601","REGION":"AT","RIVERCD":"CN","LOCKCD":"21","CHMBCD":"1","NOCHMB":1,"PMSDATA":"Y","NAVSTR":"CANAVERAL","CHAMBN":"MAIN","CHB1":"M","STR1":"L","PMSNAME":"CANAVERAL LOCK","STATUS":"1","RIVER":"CANAVERAL BARGE CANAL","RIVERMI":3,"BANK":"L","LIFT":3,"LENGTH":600,"CHMBUL":600,"WIDTH":90,"CHMBUW":90,"AUDPA":12,"AUDPB":12,"UPDPTHMS":13,"LWDPTHMS":13,"YEAROPEN":1965,"GATETYPE":"Sector","GATE":"4","CHNLGTH":6,"CHNDPTHA":12,"CHNDPTHB":12,"CHNWDTHA":100,"CHNWDTHB":100,"WWPRJCT":"CANAVERAL HARBOR","MOORING":"Y","MULTI":"N","DIVISION":"SAD","DISTRICT":"SAJ","STATE":"FL","MAINT1":"1","OPER1":"1","OWNER1":"1","TOWN":"CAPE CANAVERAL","COUNTY1":"BREVARD","MOORING_R":"DOLPHINS","SE_ANNO_CAD_DATA":""}},{"type":"Feature","id":120,"geometry":{"type":"Point","coordinates":[-81.9405069999974,33.3729489997974]},"properties":{"OBJECTID":120,"ID":62,"NDCCODE":"1304263501","REGION":"AT","RIVERCD":"SV","LOCKCD":"01","CHMBCD":"1","NOCHMB":1,"PMSDATA":"N","NAVSTR":"NEW SAVANNAH BLUFF","CHAMBN":"MAIN","CHB1":"M","STR1":"L","PMSNAME":"NEW SAVANNAH BLUFF LOCK & DAM","STATUS":"8","RIVER":"SAVANNAH","RIVERMI":187.20000000000002,"BANK":"L","LIFT":15,"LENGTH":360,"CHMBUL":360,"WIDTH":56,"CHMBUW":56,"AUDPA":9,"AUDPB":9,"UPDPTHMS":14,"LWDPTHMS":12,"YEAROPEN":1937,"GATETYPE":"Miter","GATE":"1","CHNLGTH":16,"CHNDPTHA":9,"CHNDPTHB":9,"CHNWDTHA":90,"CHNWDTHB":90,"WWPRJCT":"SAVANNAH RIVER","MOORING":"N","MULTI":"NRF","DIVISION":"SAD","DISTRICT":"SAS","STATE":"GA","MAINT1":"1","OPER1":"5","OWNER1":"1","TOWN":"Augusta","COUNTY1":"RICHMOND","MOORING_R":"NONE","SE_ANNO_CAD_DATA":""}},{"type":"Feature","id":121,"geometry":{"type":"Point","coordinates":[-81.9005189995515,29.3772850000036]},"properties":{"OBJECTID":121,"ID":63,"NDCCODE":"1488002101","REGION":"AT","RIVERCD":"CF","LOCKCD":"12","CHMBCD":"1","NOCHMB":1,"PMSDATA":"N","NAVSTR":"EUREKA","CHAMBN":"MAIN","CHB1":"M","STR1":"L","PMSNAME":"EUREKA LOCK","STATUS":"7","RIVER":"CROSS FL BARGE CANAL","RIVERMI":35,"BANK":"-","LIFT":20,"LENGTH":600,"CHMBUL":600,"WIDTH":84,"CHMBUW":84,"AUDPA":12,"AUDPB":12,"UPDPTHMS":14,"LWDPTHMS":14,"YEAROPEN":1971,"GATETYPE":"Miter","GATE":"2","CHNLGTH":0,"CHNDPTHA":12,"CHNDPTHB":12,"CHNWDTHA":150,"CHNWDTHB":150,"WWPRJCT":"CROSS FL BRG CANAL","MOORING":"N","MULTI":"-0-","DIVISION":"SAD","DISTRICT":"SAJ","STATE":"FL","MAINT1":"4","OPER1":"8","OWNER1":"4","TOWN":"Sparr","COUNTY1":"MARION","MOORING_R":"NONE","SE_ANNO_CAD_DATA":""}},{"type":"Feature","id":122,"geometry":{"type":"Point","coordinates":[-81.7278050001,29.5461000004155]},"properties":{"OBJECTID":122,"ID":64,"NDCCODE":"1488009001","REGION":"AT","RIVERCD":"CF","LOCKCD":"11","CHMBCD":"1","NOCHMB":1,"PMSDATA":"N","NAVSTR":"HENRY H. BUCKMAN","CHAMBN":"MAIN","CHB1":"M","STR1":"L","PMSNAME":"HENRY HOLLAND BUCKMAN LOCK","STATUS":"7","RIVER":"CROSS FL BARGE CANAL","RIVERMI":20,"BANK":"-","LIFT":20,"LENGTH":600,"CHMBUL":600,"WIDTH":84,"CHMBUW":84,"AUDPA":12,"AUDPB":12,"UPDPTHMS":14,"LWDPTHMS":15,"YEAROPEN":1968,"GATETYPE":"Miter","GATE":"1","CHNLGTH":21,"CHNDPTHA":12,"CHNDPTHB":12,"CHNWDTHA":0,"CHNWDTHB":0,"WWPRJCT":"CROSS FL BRG CANAL","MOORING":"Y","MULTI":"N","DIVISION":"SAD","DISTRICT":"SAJ","STATE":"FL","MAINT1":"4","OPER1":"4","OWNER1":"4","TOWN":"Palatka","COUNTY1":"PUTNAM","MOORING_R":"DOLPHINS","SE_ANNO_CAD_DATA":""}},{"type":"Feature","id":123,"geometry":{"type":"Point","coordinates":[-95.1672180003098,35.5537799999479]},"properties":{"OBJECTID":123,"ID":65,"NDCCODE":"6436680601","REGION":"IN","RIVERCD":"MK","LOCKCD":"23","CHMBCD":"1","NOCHMB":1,"PMSDATA":"Y","NAVSTR":"WEBBERS FALLS","CHAMBN":"MAIN","CHB1":"M","STR1":"L","PMSNAME":"WEBBERS FALLS LOCK & DAM","STATUS":"1","RIVER":"ARKANSAS","RIVERMI":366.6,"BANK":"L","LIFT":30,"LENGTH":600,"CHMBUL":600,"WIDTH":110,"CHMBUW":110,"AUDPA":9,"AUDPB":9,"UPDPTHMS":16,"LWDPTHMS":14,"YEAROPEN":1970,"GATETYPE":"Miter","GATE":"2","CHNLGTH":35,"CHNDPTHA":9,"CHNDPTHB":9,"CHNWDTHA":250,"CHNWDTHB":250,"WWPRJCT":"MCCLELLAN-KERR ARKANSAS RIVER NAVIGATION SYSTEM","MOORING":"N","MULTI":"NPR","DIVISION":"SWD","DISTRICT":"SWT","STATE":"OK","MAINT1":"1","OPER1":"1","OWNER1":"1","TOWN":"Webber Falls","COUNTY1":"MUSKOQEE","MOORING_R":"No mooring avialable US or DS of lock.","SE_ANNO_CAD_DATA":""}},{"type":"Feature","id":124,"geometry":{"type":"Point","coordinates":[-94.7782152888039,35.3481424040496]},"properties":{"OBJECTID":124,"ID":66,"NDCCODE":"6433620601","REGION":"IN","RIVERCD":"MK","LOCKCD":"22","CHMBCD":"1","NOCHMB":1,"PMSDATA":"Y","NAVSTR":"ROBERT S. KERR","CHAMBN":"MAIN","CHB1":"M","STR1":"L","PMSNAME":"ROBERT S. KERR LOCK & DAM & RES","STATUS":"1","RIVER":"ARKANSAS","RIVERMI":336.2,"BANK":"L","LIFT":48,"LENGTH":600,"CHMBUL":600,"WIDTH":110,"CHMBUW":110,"AUDPA":9,"AUDPB":9,"UPDPTHMS":16,"LWDPTHMS":14,"YEAROPEN":1970,"GATETYPE":"Miter","GATE":"2","CHNLGTH":30,"CHNDPTHA":9,"CHNDPTHB":9,"CHNWDTHA":250,"CHNWDTHB":250,"WWPRJCT":"MCCLELLAN-KERR ARKANSAS RIVER NAVIGATION SYSTEM","MOORING":"N","MULTI":"NPR","DIVISION":"SWD","DISTRICT":"SWT","STATE":"OK","MAINT1":"1","OPER1":"1","OWNER1":"1","TOWN":"Salisaw","COUNTY1":"SEQUOYAH & LEFLORE","MOORING_R":"No mooring avialable US or DS of lock.","SE_ANNO_CAD_DATA":""}},{"type":"Feature","id":125,"geometry":{"type":"Point","coordinates":[-94.559232000156,35.314705999783]},"properties":{"OBJECTID":125,"ID":67,"NDCCODE":"6431960601","REGION":"IN","RIVERCD":"MK","LOCKCD":"21","CHMBCD":"1","NOCHMB":1,"PMSDATA":"Y","NAVSTR":"W.D. MAYO","CHAMBN":"MAIN","CHB1":"M","STR1":"L","PMSNAME":"W.D. MAYO LOCK & DAM","STATUS":"1","RIVER":"ARKANSAS","RIVERMI":319.6,"BANK":"R","LIFT":21,"LENGTH":600,"CHMBUL":600,"WIDTH":110,"CHMBUW":110,"AUDPA":9,"AUDPB":9,"UPDPTHMS":14,"LWDPTHMS":14,"YEAROPEN":1970,"GATETYPE":"Miter","GATE":"2","CHNLGTH":17,"CHNDPTHA":9,"CHNDPTHB":9,"CHNWDTHA":250,"CHNWDTHB":250,"WWPRJCT":"MCCLELLAN-KERR ARKANSAS RIVER NAVIGATION SYSTEM","MOORING":"N","MULTI":"NR","DIVISION":"SWD","DISTRICT":"SWT","STATE":"OK","MAINT1":"1","OPER1":"1","OWNER1":"1","TOWN":"SPIRO","COUNTY1":"LEFLORE & SEQUOYAH","MOORING_R":"No mooring avialable US or DS of lock.","SE_ANNO_CAD_DATA":""}},{"type":"Feature","id":126,"geometry":{"type":"Point","coordinates":[-95.5361589998374,36.0586539997831]},"properties":{"OBJECTID":126,"ID":68,"NDCCODE":"6132660001","REGION":"IN","RIVERCD":"MK","LOCKCD":"25","CHMBCD":"1","NOCHMB":1,"PMSDATA":"Y","NAVSTR":"NEWT GRAHAM","CHAMBN":"MAIN","CHB1":"M","STR1":"L","PMSNAME":"NEWT GRAHAM LOCK & DAM","STATUS":"1","RIVER":"VERDIGRIS","RIVERMI":421.6,"BANK":"L","LIFT":21,"LENGTH":600,"CHMBUL":600,"WIDTH":110,"CHMBUW":110,"AUDPA":9,"AUDPB":9,"UPDPTHMS":15,"LWDPTHMS":14,"YEAROPEN":1970,"GATETYPE":"Miter","GATE":"2","CHNLGTH":23,"CHNDPTHA":9,"CHNDPTHB":9,"CHNWDTHA":150,"CHNWDTHB":150,"WWPRJCT":"MCCLELLAN-KERR ARKANSAS RIVER NAVIGATION SYSTEM","MOORING":"N","MULTI":"NR","DIVISION":"SWD","DISTRICT":"SWT","STATE":"OK","MAINT1":"1","OPER1":"1","OWNER1":"1","TOWN":"Inola","COUNTY1":"WAGONER","MOORING_R":"No mooring avialable US or DS of lock.","SE_ANNO_CAD_DATA":""}},{"type":"Feature","id":127,"geometry":{"type":"Point","coordinates":[-95.3701860000832,35.8570479998662]},"properties":{"OBJECTID":127,"ID":69,"NDCCODE":"6130550601","REGION":"IN","RIVERCD":"MK","LOCKCD":"24","CHMBCD":"1","NOCHMB":1,"PMSDATA":"Y","NAVSTR":"CHOUTEAU","CHAMBN":"MAIN","CHB1":"M","STR1":"L","PMSNAME":"CHOUTEAU LOCK & DAM","STATUS":"1","RIVER":"VERDIGRIS","RIVERMI":401.40000000000003,"BANK":"L","LIFT":21,"LENGTH":600,"CHMBUL":600,"WIDTH":110,"CHMBUW":110,"AUDPA":9,"AUDPB":9,"UPDPTHMS":15,"LWDPTHMS":14,"YEAROPEN":1970,"GATETYPE":"Miter","GATE":"2","CHNLGTH":20,"CHNDPTHA":9,"CHNDPTHB":9,"CHNWDTHA":150,"CHNWDTHB":150,"WWPRJCT":"MCCLELLAN-KERR ARKANSAS RIVER NAVIGATION SYSTEM","MOORING":"N","MULTI":"NR","DIVISION":"SWD","DISTRICT":"SWT","STATE":"OK","MAINT1":"1","OPER1":"1","OWNER1":"1","TOWN":"Muskogee","COUNTY1":"WAGONER","MOORING_R":"No mooring avialable US or DS of lock.","SE_ANNO_CAD_DATA":""}},{"type":"Feature","id":128,"geometry":{"type":"Point","coordinates":[-94.2967960000348,35.3473370000034]},"properties":{"OBJECTID":128,"ID":70,"NDCCODE":"6429271601","REGION":"IN","RIVERCD":"MK","LOCKCD":"13","CHMBCD":"1","NOCHMB":1,"PMSDATA":"Y","NAVSTR":"JAMES W. TRIMBLE","CHAMBN":"MAIN","CHB1":"M","STR1":"L","PMSNAME":"JAMES W. TRIMBLE LOCK & DAM","STATUS":"1","RIVER":"ARKANSAS","RIVERMI":292.8,"BANK":"R","LIFT":20,"LENGTH":600,"CHMBUL":600,"WIDTH":110,"CHMBUW":110,"AUDPA":9,"AUDPB":9,"UPDPTHMS":18,"LWDPTHMS":14,"YEAROPEN":1969,"GATETYPE":"TAINTER","GATE":"5","CHNLGTH":27,"CHNDPTHA":9,"CHNDPTHB":9,"CHNWDTHA":250,"CHNWDTHB":250,"WWPRJCT":"MCCLELLAN-KERR ARKANSAS RIVER NAVIGATION SYSTEM","MOORING":"Y","MULTI":"N","DIVISION":"SWD","DISTRICT":"SWL","STATE":"AR","MAINT1":"1","OPER1":"1","OWNER1":"1","TOWN":"Fort Smith","COUNTY1":"SABASTIAN","MOORING_R":"Mooring cells for downbound tows awaiting lockage.","SE_ANNO_CAD_DATA":""}},{"type":"Feature","id":129,"geometry":{"type":"Point","coordinates":[-93.8125679999126,35.4720560002851]},"properties":{"OBJECTID":129,"ID":71,"NDCCODE":"6425671601","REGION":"IN","RIVERCD":"MK","LOCKCD":"11","CHMBCD":"1","NOCHMB":1,"PMSDATA":"Y","NAVSTR":"OZARK - JETA TAYLOR","CHAMBN":"MAIN","CHB1":"M","STR1":"L","PMSNAME":"OZARK LOCK & DAM","STATUS":"1","RIVER":"ARKANSAS","RIVERMI":256.8,"BANK":"L","LIFT":34,"LENGTH":600,"CHMBUL":600,"WIDTH":110,"CHMBUW":110,"AUDPA":9,"AUDPB":9,"UPDPTHMS":18,"LWDPTHMS":15,"YEAROPEN":1969,"GATETYPE":"TAINTER","GATE":"5","CHNLGTH":36,"CHNDPTHA":9,"CHNDPTHB":9,"CHNWDTHA":250,"CHNWDTHB":250,"WWPRJCT":"MCCLELLAN-KERR ARKANSAS RIVER NAVIGATION SYSTEM","MOORING":"Y","MULTI":"NPR","DIVISION":"SWD","DISTRICT":"SWL","STATE":"AR","MAINT1":"1","OPER1":"1","OWNER1":"1","TOWN":"Ozark","COUNTY1":"FRANKLIN","MOORING_R":"Mooring cells for downbound tows awaiting lockage.","SE_ANNO_CAD_DATA":""}},{"type":"Feature","id":130,"geometry":{"type":"Point","coordinates":[-93.1682149999217,35.2500080001699]},"properties":{"OBJECTID":130,"ID":72,"NDCCODE":"6420541601","REGION":"IN","RIVERCD":"MK","LOCKCD":"10","CHMBCD":"1","NOCHMB":1,"PMSDATA":"Y","NAVSTR":"DARDANELLE","CHAMBN":"MAIN","CHB1":"M","STR1":"L","PMSNAME":"DARDANELLE LOCK & DAM","STATUS":"1","RIVER":"ARKANSAS","RIVERMI":205.5,"BANK":"L","LIFT":55,"LENGTH":600,"CHMBUL":600,"WIDTH":110,"CHMBUW":110,"AUDPA":9,"AUDPB":9,"UPDPTHMS":18,"LWDPTHMS":14,"YEAROPEN":1969,"GATETYPE":"TAINTER","GATE":"5","CHNLGTH":51,"CHNDPTHA":9,"CHNDPTHB":9,"CHNWDTHA":250,"CHNWDTHB":250,"WWPRJCT":"MCCLELLAN-KERR ARKANSAS RIVER NAVIGATION SYSTEM","MOORING":"Y","MULTI":"NP","DIVISION":"SWD","DISTRICT":"SWL","STATE":"AR","MAINT1":"1","OPER1":"1","OWNER1":"1","TOWN":"Russellville","COUNTY1":"POPE","MOORING_R":"Mooring cells for downbound tows awaiting lockage.","SE_ANNO_CAD_DATA":""}},{"type":"Feature","id":131,"geometry":{"type":"Point","coordinates":[-92.7851999997795,35.1247690001901]},"properties":{"OBJECTID":131,"ID":73,"NDCCODE":"6417691601","REGION":"IN","RIVERCD":"MK","LOCKCD":"09","CHMBCD":"1","NOCHMB":1,"PMSDATA":"Y","NAVSTR":"ARTHUR V ORMOND","CHAMBN":"MAIN","CHB1":"M","STR1":"L","PMSNAME":"ARTHUR V. ORMOND L & D","STATUS":"1","RIVER":"ARKANSAS","RIVERMI":176.9,"BANK":"R","LIFT":19,"LENGTH":600,"CHMBUL":600,"WIDTH":110,"CHMBUW":110,"AUDPA":9,"AUDPB":9,"UPDPTHMS":18,"LWDPTHMS":14,"YEAROPEN":1969,"GATETYPE":"TAINTER","GATE":"5","CHNLGTH":29,"CHNDPTHA":9,"CHNDPTHB":9,"CHNWDTHA":250,"CHNWDTHB":250,"WWPRJCT":"MCCLELLAN-KERR ARKANSAS RIVER NAVIGATION SYSTEM","MOORING":"Y","MULTI":"N","DIVISION":"SWD","DISTRICT":"SWL","STATE":"AR","MAINT1":"1","OPER1":"1","OWNER1":"1","TOWN":"Morrilton","COUNTY1":"CONWAY","MOORING_R":"Mooring cells for downbound tows awaiting lockage.","SE_ANNO_CAD_DATA":""}},{"type":"Feature","id":132,"geometry":{"type":"Point","coordinates":[-92.5395799999164,35.0768099999824]},"properties":{"OBJECTID":132,"ID":74,"NDCCODE":"6415591601","REGION":"IN","RIVERCD":"MK","LOCKCD":"08","CHMBCD":"1","NOCHMB":1,"PMSDATA":"Y","NAVSTR":"TOAD SUCK FERRY","CHAMBN":"MAIN","CHB1":"M","STR1":"L","PMSNAME":"TOAD SUCK FERRY LOCK & DAM","STATUS":"1","RIVER":"ARKANSAS","RIVERMI":155.9,"BANK":"L","LIFT":16,"LENGTH":600,"CHMBUL":600,"WIDTH":110,"CHMBUW":110,"AUDPA":9,"AUDPB":9,"UPDPTHMS":18,"LWDPTHMS":14,"YEAROPEN":1969,"GATETYPE":"TAINTER","GATE":"5","CHNLGTH":21,"CHNDPTHA":9,"CHNDPTHB":9,"CHNWDTHA":250,"CHNWDTHB":250,"WWPRJCT":"MCCLELLAN-KERR ARKANSAS RIVER NAVIGATION SYSTEM","MOORING":"Y","MULTI":"N","DIVISION":"SWD","DISTRICT":"SWL","STATE":"AR","MAINT1":"1","OPER1":"1","OWNER1":"1","TOWN":"Conway","COUNTY1":"FAULKNER","MOORING_R":"Mooring cells for downbound tows awaiting lockage.","SE_ANNO_CAD_DATA":""}},{"type":"Feature","id":133,"geometry":{"type":"Point","coordinates":[-92.3577269999005,34.7906819999752]},"properties":{"OBJECTID":133,"ID":75,"NDCCODE":"6412531601","REGION":"IN","RIVERCD":"MK","LOCKCD":"07","CHMBCD":"1","NOCHMB":1,"PMSDATA":"Y","NAVSTR":"MURRAY","CHAMBN":"MAIN","CHB1":"M","STR1":"L","PMSNAME":"MURRAY LOCK & DAM","STATUS":"1","RIVER":"ARKANSAS","RIVERMI":125.4,"BANK":"R","LIFT":18,"LENGTH":600,"CHMBUL":600,"WIDTH":110,"CHMBUW":110,"AUDPA":9,"AUDPB":9,"UPDPTHMS":18,"LWDPTHMS":14,"YEAROPEN":1969,"GATETYPE":"TAINTER","GATE":"5","CHNLGTH":31,"CHNDPTHA":9,"CHNDPTHB":9,"CHNWDTHA":250,"CHNWDTHB":250,"WWPRJCT":"MCCLELLAN-KERR ARKANSAS RIVER NAVIGATION SYSTEM","MOORING":"Y","MULTI":"N","DIVISION":"SWD","DISTRICT":"SWL","STATE":"AR","MAINT1":"1","OPER1":"1","OWNER1":"1","TOWN":"Little Rock","COUNTY1":"PULASKI","MOORING_R":"Mooring cells for downbound tows awaiting lockage.","SE_ANNO_CAD_DATA":""}},{"type":"Feature","id":134,"geometry":{"type":"Point","coordinates":[-93.2024300003436,44.9148390002206]},"properties":{"OBJECTID":134,"ID":76,"NDCCODE":"3284060601","REGION":"IN","RIVERCD":"MI","LOCKCD":"01","CHMBCD":"1","NOCHMB":2,"PMSDATA":"Y","NAVSTR":" 1","CHAMBN":"MAIN","CHB1":"M","STR1":"L","PMSNAME":"LOCK & DAM 1 MAIN CHAMBER 1","STATUS":"2","RIVER":"MISSISSIPPI","RIVERMI":847.6,"BANK":"R","LIFT":38,"LENGTH":400,"CHMBUL":400,"WIDTH":56,"CHMBUW":54,"AUDPA":9,"AUDPB":9,"UPDPTHMS":13,"LWDPTHMS":8,"YEAROPEN":1930,"GATETYPE":"(L) 4 Miter (D) Fixed","GATE":"1","CHNLGTH":6,"CHNDPTHA":9,"CHNDPTHB":9,"CHNWDTHA":300,"CHNWDTHB":300,"WWPRJCT":"MISSISSIPPI R BETWN MISSOURI R & MINNEAPOLIS, MN","MOORING":"Y","MULTI":"N","DIVISION":"MVD","DISTRICT":"MVP","STATE":"MN","MAINT1":"1","OPER1":"1","OWNER1":"1","TOWN":"Minn. St. PAUL","COUNTY1":"HENNEPIN","MOORING_R":"UPPER & LOWER","SE_ANNO_CAD_DATA":""}},{"type":"Feature","id":135,"geometry":{"type":"Point","coordinates":[-93.2574469995787,44.9810450001276]},"properties":{"OBJECTID":135,"ID":77,"NDCCODE":"3285310101","REGION":"IN","RIVERCD":"MI","LOCKCD":"51","CHMBCD":"1","NOCHMB":1,"PMSDATA":"Y","NAVSTR":"UPPER SAINT ANTHONY FALLS","CHAMBN":"MAIN","CHB1":"M","STR1":"L","PMSNAME":"ST ANTHONY FALLS UPPER LOCK & DAM","STATUS":"2","RIVER":"MISSISSIPPI","RIVERMI":853.9,"BANK":"R","LIFT":49,"LENGTH":400,"CHMBUL":400,"WIDTH":56,"CHMBUW":54,"AUDPA":9,"AUDPB":9,"UPDPTHMS":16,"LWDPTHMS":14,"YEAROPEN":1963,"GATETYPE":"(L) 4 Miter, 1 Tainter (D) Fixed","GATE":"1","CHNLGTH":4,"CHNDPTHA":9,"CHNDPTHB":9,"CHNWDTHA":100,"CHNWDTHB":100,"WWPRJCT":"MISSISSIPPI R BETWN MISSOURI R & MINNEAPOLIS, MN","MOORING":"Y","MULTI":"N","DIVISION":"MVD","DISTRICT":"MVP","STATE":"MN","MAINT1":"1","OPER1":"1","OWNER1":"1","TOWN":"Minneapolis","COUNTY1":"HENNEPIN","MOORING_R":"UPPER & LOWER","SE_ANNO_CAD_DATA":""}},{"type":"Feature","id":136,"geometry":{"type":"Point","coordinates":[-93.2465659996205,44.9786290002291]},"properties":{"OBJECTID":136,"ID":78,"NDCCODE":"3285378601","REGION":"IN","RIVERCD":"MI","LOCKCD":"52","CHMBCD":"1","NOCHMB":1,"PMSDATA":"Y","NAVSTR":"LOWER SAINT ANTHONY FALLS","CHAMBN":"MAIN","CHB1":"M","STR1":"L","PMSNAME":"ST ANTHONY FALLS LOWER LOCK & DAM","STATUS":"2","RIVER":"MISSISSIPPI","RIVERMI":853.30000000000007,"BANK":"R","LIFT":25,"LENGTH":400,"CHMBUL":400,"WIDTH":56,"CHMBUW":54,"AUDPA":9,"AUDPB":9,"UPDPTHMS":14,"LWDPTHMS":10,"YEAROPEN":1959,"GATETYPE":"(L) 1 Tainter, 2 Miter (D) Moveable, 3 Tainter","GATE":"1","CHNLGTH":1,"CHNDPTHA":9,"CHNDPTHB":9,"CHNWDTHA":200,"CHNWDTHB":200,"WWPRJCT":"MISSISSIPPI R BETWN MISSOURI R & MINNEAPOLIS, MN","MOORING":"Y","MULTI":"N","DIVISION":"MVD","DISTRICT":"MVP","STATE":"MN","MAINT1":"1","OPER1":"1","OWNER1":"1","TOWN":"Minneapolis","COUNTY1":"HENNEPIN","MOORING_R":"UPPER & LOWER","SE_ANNO_CAD_DATA":""}},{"type":"Feature","id":137,"geometry":{"type":"Point","coordinates":[-92.8680360003605,44.7593500001033]},"properties":{"OBJECTID":137,"ID":79,"NDCCODE":"3281520601","REGION":"IN","RIVERCD":"MI","LOCKCD":"02","CHMBCD":"1","NOCHMB":1,"PMSDATA":"Y","NAVSTR":" 2","CHAMBN":"MAIN","CHB1":"M","STR1":"L","PMSNAME":"LOCK & DAM 2","STATUS":"2","RIVER":"MISSISSIPPI","RIVERMI":815.2,"BANK":"R","LIFT":12,"LENGTH":500,"CHMBUL":500,"WIDTH":110,"CHMBUW":110,"AUDPA":9,"AUDPB":9,"UPDPTHMS":22,"LWDPTHMS":13,"YEAROPEN":1930,"GATETYPE":"(L) 4 Miter (D) Moveable, 19 Tainter","GATE":"1","CHNLGTH":32,"CHNDPTHA":9,"CHNDPTHB":9,"CHNWDTHA":300,"CHNWDTHB":300,"WWPRJCT":"MISSISSIPPI R BETWN MISSOURI R & MINNEAPOLIS, MN","MOORING":"N","MULTI":"NP","DIVISION":"MVD","DISTRICT":"MVP","STATE":"MN","MAINT1":"1","OPER1":"1","OWNER1":"1","TOWN":"Hastings","COUNTY1":"DAKOTA","MOORING_R":"NONE","SE_ANNO_CAD_DATA":""}},{"type":"Feature","id":138,"geometry":{"type":"Point","coordinates":[-92.6091850000871,44.6099009997322]},"properties":{"OBJECTID":138,"ID":80,"NDCCODE":"3279690601","REGION":"IN","RIVERCD":"MI","LOCKCD":"03","CHMBCD":"1","NOCHMB":1,"PMSDATA":"Y","NAVSTR":" 3","CHAMBN":"MAIN","CHB1":"M","STR1":"L","PMSNAME":"LOCK & DAM 3","STATUS":"2","RIVER":"MISSISSIPPI","RIVERMI":796.9,"BANK":"R","LIFT":8,"LENGTH":600,"CHMBUL":600,"WIDTH":110,"CHMBUW":105,"AUDPA":9,"AUDPB":9,"UPDPTHMS":17,"LWDPTHMS":14,"YEAROPEN":1938,"GATETYPE":"(L) 4 Miter (D) Moveable,  4 Roller gates","GATE":"1","CHNLGTH":18,"CHNDPTHA":9,"CHNDPTHB":9,"CHNWDTHA":300,"CHNWDTHB":300,"WWPRJCT":"MISSISSIPPI R BETWN MISSOURI R & MINNEAPOLIS, MN","MOORING":"N","MULTI":"N","DIVISION":"MVD","DISTRICT":"MVP","STATE":"MN","MAINT1":"1","OPER1":"1","OWNER1":"1","TOWN":"Red Wing","COUNTY1":"GOODHUE","MOORING_R":"NONE","SE_ANNO_CAD_DATA":""}},{"type":"Feature","id":139,"geometry":{"type":"Point","coordinates":[-92.1014470003781,34.4129030002741]},"properties":{"OBJECTID":139,"ID":81,"NDCCODE":"6408631601","REGION":"IN","RIVERCD":"MK","LOCKCD":"05","CHMBCD":"1","NOCHMB":1,"PMSDATA":"Y","NAVSTR":"COL CHARLES D MAYNARD","CHAMBN":"MAIN","CHB1":"M","STR1":"L","PMSNAME":"COL CHARLES D MAYNARD LOCK & DAM","STATUS":"1","RIVER":"ARKANSAS","RIVERMI":86.3,"BANK":"L","LIFT":17,"LENGTH":600,"CHMBUL":600,"WIDTH":110,"CHMBUW":110,"AUDPA":9,"AUDPB":9,"UPDPTHMS":18,"LWDPTHMS":14,"YEAROPEN":1968,"GATETYPE":"TAINTER","GATE":"5","CHNLGTH":22,"CHNDPTHA":9,"CHNDPTHB":9,"CHNWDTHA":250,"CHNWDTHB":250,"WWPRJCT":"MCCLELLAN-KERR ARKANSAS RIVER NAVIGATION SYSTEM","MOORING":"Y","MULTI":"NI","DIVISION":"SWD","DISTRICT":"SWL","STATE":"AR","MAINT1":"1","OPER1":"1","OWNER1":"1","TOWN":"Redfield","COUNTY1":"JEFFERSON","MOORING_R":"Mooring cells for downbound tows awaiting lockage.","SE_ANNO_CAD_DATA":""}},{"type":"Feature","id":140,"geometry":{"type":"Point","coordinates":[-91.9053730001632,34.2472889999883]},"properties":{"OBJECTID":140,"ID":82,"NDCCODE":"6406601601","REGION":"IN","RIVERCD":"MK","LOCKCD":"04","CHMBCD":"1","NOCHMB":1,"PMSDATA":"Y","NAVSTR":"EMMETT SANDERS","CHAMBN":"MAIN","CHB1":"M","STR1":"L","PMSNAME":"EMMETT SANDERS LOCK & DAM","STATUS":"1","RIVER":"ARKANSAS","RIVERMI":66,"BANK":"R","LIFT":14,"LENGTH":600,"CHMBUL":600,"WIDTH":110,"CHMBUW":110,"AUDPA":9,"AUDPB":9,"UPDPTHMS":18,"LWDPTHMS":14,"YEAROPEN":1968,"GATETYPE":"TAINTER","GATE":"5","CHNLGTH":20,"CHNDPTHA":9,"CHNDPTHB":9,"CHNWDTHA":250,"CHNWDTHB":250,"WWPRJCT":"MCCLELLAN-KERR ARKANSAS RIVER NAVIGATION SYSTEM","MOORING":"Y","MULTI":"N","DIVISION":"SWD","DISTRICT":"SWL","STATE":"AR","MAINT1":"1","OPER1":"1","OWNER1":"1","TOWN":"Pine Bluff","COUNTY1":"JEFFERSON","MOORING_R":"Mooring cells for downbound tows awaiting lockage.","SE_ANNO_CAD_DATA":""}},{"type":"Feature","id":141,"geometry":{"type":"Point","coordinates":[-91.2456540002313,34.0260910004002]},"properties":{"OBJECTID":141,"ID":83,"NDCCODE":"6241321601","REGION":"IN","RIVERCD":"MK","LOCKCD":"02","CHMBCD":"1","NOCHMB":1,"PMSDATA":"Y","NAVSTR":"WILBUR D MILLS","CHAMBN":"MAIN","CHB1":"M","STR1":"L","PMSNAME":"WILBUR D MILLS LOCK AND DAM","STATUS":"1","RIVER":"ARKANSAS","RIVERMI":13.5,"BANK":"L","LIFT":20,"LENGTH":600,"CHMBUL":600,"WIDTH":110,"CHMBUW":110,"AUDPA":9,"AUDPB":9,"UPDPTHMS":18,"LWDPTHMS":14,"YEAROPEN":1967,"GATETYPE":"TAINTER","GATE":"5","CHNLGTH":37,"CHNDPTHA":9,"CHNDPTHB":9,"CHNWDTHA":300,"CHNWDTHB":300,"WWPRJCT":"MCCLELLAN-KERR ARKANSAS RIVER NAVIGATION SYSTEM","MOORING":"N","MULTI":"N","DIVISION":"SWD","DISTRICT":"SWL","STATE":"AR","MAINT1":"1","OPER1":"1","OWNER1":"1","TOWN":"Arkansas Post","COUNTY1":"ARKANSAS","MOORING_R":"None","SE_ANNO_CAD_DATA":""}},{"type":"Feature","id":142,"geometry":{"type":"Point","coordinates":[-87.6074490001706,41.888402000253]},"properties":{"OBJECTID":142,"ID":142,"NDCCODE":"7764710501","REGION":"GL","RIVERCD":"CH","LOCKCD":"01","CHMBCD":"1","NOCHMB":1,"PMSDATA":"Y","NAVSTR":"CHICAGO","CHAMBN":"MAIN","CHB1":"M","STR1":"L","PMSNAME":"CHICAGO LOCK MAIN","STATUS":"1","RIVER":"CHICAGO RIVER","RIVERMI":327.2,"BANK":"R","LIFT":4,"LENGTH":600,"CHMBUL":600,"WIDTH":80,"CHMBUW":78,"AUDPA":21,"AUDPB":21,"UPDPTHMS":27,"LWDPTHMS":23,"YEAROPEN":1938,"GATETYPE":"Sector (TIDAL TYPE LOCK)","GATE":"4","CHNLGTH":1,"CHNDPTHA":21,"CHNDPTHB":21,"CHNWDTHA":470,"CHNWDTHB":190,"WWPRJCT":"CHICAGO HARBOR","MOORING":"N","MULTI":"NRCF","DIVISION":"LRD","DISTRICT":"LRC","STATE":"IL","MAINT1":"1","OPER1":"7","OWNER1":"1","TOWN":"Chicago","COUNTY1":"COOK","MOORING_R":"NONE","SE_ANNO_CAD_DATA":""}},{"type":"Feature","id":143,"geometry":{"type":"Point","coordinates":[-85.7925419998128,38.2779349996014]},"properties":{"OBJECTID":143,"ID":143,"NDCCODE":"4037720102","REGION":"IN","RIVERCD":"OH","LOCKCD":"42","CHMBCD":"2","NOCHMB":2,"PMSDATA":"Y","NAVSTR":"MCALPINE","CHAMBN":"MAIN","CHB1":"M","STR1":"L","PMSNAME":"MCALPINE LOCKS & DAM","STATUS":"1","RIVER":"OHIO","RIVERMI":606.80000000000007,"BANK":"L","LIFT":37,"LENGTH":1200,"CHMBUL":1200,"WIDTH":110,"CHMBUW":110,"AUDPA":9,"AUDPB":9,"UPDPTHMS":49,"LWDPTHMS":12,"YEAROPEN":1961,"GATETYPE":"Miter","GATE":"1","CHNLGTH":75,"CHNDPTHA":9,"CHNDPTHB":9,"CHNWDTHA":300,"CHNWDTHB":300,"WWPRJCT":"OHIO RIVER","MOORING":"Y","MULTI":"NP","DIVISION":"LRD","DISTRICT":"LRL","STATE":"KY","MAINT1":"1","OPER1":"1","OWNER1":"1","TOWN":"Louisville","COUNTY1":"JEFFERSON","MOORING_R":"TEMP CELLS ABOVE","SE_ANNO_CAD_DATA":""}},{"type":"Feature","id":144,"geometry":{"type":"Point","coordinates":[-84.9632010000255,38.4388340000899]},"properties":{"OBJECTID":144,"ID":144,"NDCCODE":"4103100601","REGION":"IN","RIVERCD":"KY","LOCKCD":"02","CHMBCD":"1","NOCHMB":1,"PMSDATA":"N","NAVSTR":" 2","CHAMBN":"MAIN","CHB1":"M","STR1":"L","PMSNAME":"LOCK & DAM 2","STATUS":"1","RIVER":"KENTUCKY","RIVERMI":31,"BANK":"L","LIFT":14,"LENGTH":145,"CHMBUL":145,"WIDTH":38,"CHMBUW":38,"AUDPA":6,"AUDPB":6,"UPDPTHMS":8,"LWDPTHMS":6,"YEAROPEN":1839,"GATETYPE":"Miter","GATE":"3","CHNLGTH":11,"CHNDPTHA":6,"CHNDPTHB":6,"CHNWDTHA":150,"CHNWDTHB":150,"WWPRJCT":"KENTUCKY RIVER, KY","MOORING":"N","MULTI":"N","DIVISION":"LRD","DISTRICT":"LRL","STATE":"KY","MAINT1":"1","OPER1":"1","OWNER1":"1","TOWN":"Lockport","COUNTY1":"HENRY","MOORING_R":"NONE","SE_ANNO_CAD_DATA":""}},{"type":"Feature","id":145,"geometry":{"type":"Point","coordinates":[-85.145009999811,38.6585089995916]},"properties":{"OBJECTID":145,"ID":145,"NDCCODE":"4100400601","REGION":"IN","RIVERCD":"KY","LOCKCD":"01","CHMBCD":"1","NOCHMB":1,"PMSDATA":"N","NAVSTR":" 1","CHAMBN":"MAIN","CHB1":"M","STR1":"L","PMSNAME":"LOCK & DAM 1","STATUS":"1","RIVER":"KENTUCKY","RIVERMI":4,"BANK":"R","LIFT":8,"LENGTH":145,"CHMBUL":145,"WIDTH":38,"CHMBUW":38,"AUDPA":6,"AUDPB":6,"UPDPTHMS":8,"LWDPTHMS":15,"YEAROPEN":1839,"GATETYPE":"Miter","GATE":"1","CHNLGTH":27,"CHNDPTHA":6,"CHNDPTHB":6,"CHNWDTHA":150,"CHNWDTHB":150,"WWPRJCT":"KENTUCKY RIVER, KY","MOORING":"N","MULTI":"N","DIVISION":"LRD","DISTRICT":"LRL","STATE":"KY","MAINT1":"1","OPER1":"1","OWNER1":"1","TOWN":"CARROLLTON","COUNTY1":"CARROLL","MOORING_R":"NONE","SE_ANNO_CAD_DATA":""}},{"type":"Feature","id":146,"geometry":{"type":"Point","coordinates":[-84.9661720003369,38.7744129998609]},"properties":{"OBJECTID":146,"ID":146,"NDCCODE":"4145030602","REGION":"IN","RIVERCD":"OH","LOCKCD":"41","CHMBCD":"2","NOCHMB":2,"PMSDATA":"Y","NAVSTR":"MARKLAND","CHAMBN":"MAIN","CHB1":"M","STR1":"L","PMSNAME":"MARKLAND LOCKS & DAM","STATUS":"1","RIVER":"OHIO","RIVERMI":531.5,"BANK":"L","LIFT":35,"LENGTH":1200,"CHMBUL":1200,"WIDTH":110,"CHMBUW":110,"AUDPA":9,"AUDPB":9,"UPDPTHMS":50,"LWDPTHMS":15,"YEAROPEN":1959,"GATETYPE":"Miter","GATE":"1","CHNLGTH":95,"CHNDPTHA":9,"CHNDPTHB":9,"CHNWDTHA":300,"CHNWDTHB":300,"WWPRJCT":"OHIO RIVER","MOORING":"Y","MULTI":"NP","DIVISION":"LRD","DISTRICT":"LRL","STATE":"KY","MAINT1":"1","OPER1":"1","OWNER1":"1","TOWN":"Warsaw","COUNTY1":"GALLATIN","MOORING_R":"2 CELLS UPSTREAM","SE_ANNO_CAD_DATA":""}},{"type":"Feature","id":147,"geometry":{"type":"Point","coordinates":[-84.8209760000417,37.9263160002841]},"properties":{"OBJECTID":147,"ID":147,"NDCCODE":"4109620601","REGION":"IN","RIVERCD":"KY","LOCKCD":"06","CHMBCD":"1","NOCHMB":1,"PMSDATA":"N","NAVSTR":" 6","CHAMBN":"MAIN","CHB1":"M","STR1":"L","PMSNAME":"LOCK & DAM 6","STATUS":"2","RIVER":"KENTUCKY","RIVERMI":96.2,"BANK":"R","LIFT":14,"LENGTH":147,"CHMBUL":147,"WIDTH":52,"CHMBUW":52,"AUDPA":6,"AUDPB":6,"UPDPTHMS":9,"LWDPTHMS":6,"YEAROPEN":1891,"GATETYPE":"Miter","GATE":"3","CHNLGTH":21,"CHNDPTHA":6,"CHNDPTHB":0,"CHNWDTHA":100,"CHNWDTHB":100,"WWPRJCT":"KENTUCKY RIVER, KY","MOORING":"N","MULTI":"N","DIVISION":"LRD","DISTRICT":"LRL","STATE":"KY","MAINT1":"4","OPER1":"4","OWNER1":"1","TOWN":"High Bridge","COUNTY1":"WOODFORD","MOORING_R":"NONE","SE_ANNO_CAD_DATA":""}},{"type":"Feature","id":148,"geometry":{"type":"Point","coordinates":[-84.7235989997934,37.8297919998018]},"properties":{"OBJECTID":148,"ID":148,"NDCCODE":"4111700601","REGION":"IN","RIVERCD":"KY","LOCKCD":"07","CHMBCD":"1","NOCHMB":1,"PMSDATA":"N","NAVSTR":" 7","CHAMBN":"MAIN","CHB1":"M","STR1":"L","PMSNAME":"LOCK & DAM 7","STATUS":"2","RIVER":"KENTUCKY","RIVERMI":117,"BANK":"R","LIFT":15,"LENGTH":147,"CHMBUL":147,"WIDTH":52,"CHMBUW":52,"AUDPA":6,"AUDPB":6,"UPDPTHMS":9,"LWDPTHMS":7,"YEAROPEN":1897,"GATETYPE":"Miter","GATE":"3","CHNLGTH":23,"CHNDPTHA":6,"CHNDPTHB":0,"CHNWDTHA":100,"CHNWDTHB":100,"WWPRJCT":"KENTUCKY RIVER, KY","MOORING":"N","MULTI":"N","DIVISION":"LRD","DISTRICT":"LRL","STATE":"KY","MAINT1":"4","OPER1":"4","OWNER1":"1","TOWN":"High Bridge","COUNTY1":"JESSAMINE","MOORING_R":"NONE","SE_ANNO_CAD_DATA":""}},{"type":"Feature","id":149,"geometry":{"type":"Point","coordinates":[-84.8305520000741,38.0527820001901]},"properties":{"OBJECTID":149,"ID":149,"NDCCODE":"4108220601","REGION":"IN","RIVERCD":"KY","LOCKCD":"05","CHMBCD":"1","NOCHMB":1,"PMSDATA":"N","NAVSTR":" 5","CHAMBN":"MAIN","CHB1":"M","STR1":"L","PMSNAME":"LOCK & DAM 5","STATUS":"2","RIVER":"KENTUCKY","RIVERMI":82.2,"BANK":"L","LIFT":15,"LENGTH":145,"CHMBUL":145,"WIDTH":38,"CHMBUW":38,"AUDPA":6,"AUDPB":6,"UPDPTHMS":10,"LWDPTHMS":6,"YEAROPEN":1844,"GATETYPE":"Miter","GATE":"3","CHNLGTH":14,"CHNDPTHA":6,"CHNDPTHB":0,"CHNWDTHA":100,"CHNWDTHB":100,"WWPRJCT":"KENTUCKY RIVER, KY","MOORING":"N","MULTI":"N","DIVISION":"LRD","DISTRICT":"LRL","STATE":"KY","MAINT1":"4","OPER1":"4","OWNER1":"1","TOWN":"Tyrone","COUNTY1":"ANDERSON","MOORING_R":"NONE","SE_ANNO_CAD_DATA":""}},{"type":"Feature","id":150,"geometry":{"type":"Point","coordinates":[-84.8730399997955,38.2122830000613]},"properties":{"OBJECTID":150,"ID":150,"NDCCODE":"4106500601","REGION":"IN","RIVERCD":"KY","LOCKCD":"04","CHMBCD":"1","NOCHMB":1,"PMSDATA":"N","NAVSTR":" 4","CHAMBN":"MAIN","CHB1":"M","STR1":"L","PMSNAME":"LOCK & DAM 4","STATUS":"1","RIVER":"KENTUCKY","RIVERMI":65,"BANK":"L","LIFT":13,"LENGTH":145,"CHMBUL":145,"WIDTH":38,"CHMBUW":38,"AUDPA":6,"AUDPB":6,"UPDPTHMS":6,"LWDPTHMS":7,"YEAROPEN":1844,"GATETYPE":"Miter","GATE":"3","CHNLGTH":17,"CHNDPTHA":6,"CHNDPTHB":6,"CHNWDTHA":150,"CHNWDTHB":150,"WWPRJCT":"KENTUCKY RIVER, KY","MOORING":"N","MULTI":"N","DIVISION":"LRD","DISTRICT":"LRL","STATE":"KY","MAINT1":"1","OPER1":"1","OWNER1":"1","TOWN":"Frankfort","COUNTY1":"FRANKLIN","MOORING_R":"NONE","SE_ANNO_CAD_DATA":""}},{"type":"Feature","id":151,"geometry":{"type":"Point","coordinates":[-84.4413679996328,37.8434079999801]},"properties":{"OBJECTID":151,"ID":151,"NDCCODE":"4115750601","REGION":"IN","RIVERCD":"KY","LOCKCD":"09","CHMBCD":"1","NOCHMB":1,"PMSDATA":"N","NAVSTR":" 9","CHAMBN":"MAIN","CHB1":"M","STR1":"L","PMSNAME":"LOCK & DAM 9","STATUS":"2","RIVER":"KENTUCKY","RIVERMI":157.5,"BANK":"R","LIFT":17,"LENGTH":148,"CHMBUL":148,"WIDTH":52,"CHMBUW":52,"AUDPA":6,"AUDPB":6,"UPDPTHMS":11,"LWDPTHMS":7,"YEAROPEN":1907,"GATETYPE":"Miter","GATE":"3","CHNLGTH":19,"CHNDPTHA":6,"CHNDPTHB":0,"CHNWDTHA":100,"CHNWDTHB":100,"WWPRJCT":"KENTUCKY RIVER, KY","MOORING":"N","MULTI":"N","DIVISION":"LRD","DISTRICT":"LRL","STATE":"KY","MAINT1":"4","OPER1":"4","OWNER1":"1","TOWN":"Valley View","COUNTY1":"JESSAMINE","MOORING_R":"NONE","SE_ANNO_CAD_DATA":""}},{"type":"Feature","id":152,"geometry":{"type":"Point","coordinates":[-84.88063100002,38.417076000358]},"properties":{"OBJECTID":152,"ID":152,"NDCCODE":"4104200601","REGION":"IN","RIVERCD":"KY","LOCKCD":"03","CHMBCD":"1","NOCHMB":1,"PMSDATA":"N","NAVSTR":" 3","CHAMBN":"MAIN","CHB1":"M","STR1":"L","PMSNAME":"LOCK & DAM 3","STATUS":"1","RIVER":"KENTUCKY","RIVERMI":42,"BANK":"L","LIFT":13,"LENGTH":145,"CHMBUL":145,"WIDTH":38,"CHMBUW":38,"AUDPA":6,"AUDPB":6,"UPDPTHMS":9,"LWDPTHMS":6,"YEAROPEN":1844,"GATETYPE":"Miter","GATE":"1","CHNLGTH":23,"CHNDPTHA":6,"CHNDPTHB":6,"CHNWDTHA":150,"CHNWDTHB":150,"WWPRJCT":"KENTUCKY RIVER, KY","MOORING":"N","MULTI":"N","DIVISION":"LRD","DISTRICT":"LRL","STATE":"KY","MAINT1":"1","OPER1":"1","OWNER1":"1","TOWN":"Gest","COUNTY1":"HENRY","MOORING_R":"NONE","SE_ANNO_CAD_DATA":""}},{"type":"Feature","id":153,"geometry":{"type":"Point","coordinates":[-84.2620119996534,37.8951809998042]},"properties":{"OBJECTID":153,"ID":153,"NDCCODE":"4117640601","REGION":"IN","RIVERCD":"KY","LOCKCD":"10","CHMBCD":"1","NOCHMB":1,"PMSDATA":"N","NAVSTR":"10","CHAMBN":"MAIN","CHB1":"M","STR1":"L","PMSNAME":"LOCK & DAM 10","STATUS":"2","RIVER":"KENTUCKY","RIVERMI":176.4,"BANK":"L","LIFT":17,"LENGTH":148,"CHMBUL":148,"WIDTH":52,"CHMBUW":52,"AUDPA":6,"AUDPB":6,"UPDPTHMS":9,"LWDPTHMS":6,"YEAROPEN":1907,"GATETYPE":"Miter","GATE":"3","CHNLGTH":25,"CHNDPTHA":6,"CHNDPTHB":0,"CHNWDTHA":100,"CHNWDTHB":100,"WWPRJCT":"KENTUCKY RIVER, KY","MOORING":"N","MULTI":"N","DIVISION":"LRD","DISTRICT":"LRL","STATE":"KY","MAINT1":"4","OPER1":"4","OWNER1":"1","TOWN":"Ford","COUNTY1":"MADISON","MOORING_R":"NONE","SE_ANNO_CAD_DATA":""}},{"type":"Feature","id":154,"geometry":{"type":"Point","coordinates":[-84.1029900002877,37.7841809999541]},"properties":{"OBJECTID":154,"ID":154,"NDCCODE":"4120100601","REGION":"IN","RIVERCD":"KY","LOCKCD":"11","CHMBCD":"1","NOCHMB":1,"PMSDATA":"N","NAVSTR":"11","CHAMBN":"MAIN","CHB1":"M","STR1":"L","PMSNAME":"LOCK & DAM 11","STATUS":"2","RIVER":"KENTUCKY","RIVERMI":201,"BANK":"R","LIFT":18,"LENGTH":148,"CHMBUL":148,"WIDTH":52,"CHMBUW":52,"AUDPA":6,"AUDPB":6,"UPDPTHMS":10,"LWDPTHMS":6,"YEAROPEN":1906,"GATETYPE":"Miter","GATE":"3","CHNLGTH":20,"CHNDPTHA":6,"CHNDPTHB":0,"CHNWDTHA":100,"CHNWDTHB":100,"WWPRJCT":"KENTUCKY RIVER, KY","MOORING":"N","MULTI":"N","DIVISION":"LRD","DISTRICT":"LRL","STATE":"KY","MAINT1":"4","OPER1":"4","OWNER1":"4","TOWN":"Irvine","COUNTY1":"ESTILL","MOORING_R":"NONE","SE_ANNO_CAD_DATA":""}},{"type":"Feature","id":155,"geometry":{"type":"Point","coordinates":[-84.1717890001616,38.7972499998885]},"properties":{"OBJECTID":155,"ID":155,"NDCCODE":"4154480602","REGION":"IN","RIVERCD":"OH","LOCKCD":"25","CHMBCD":"2","NOCHMB":2,"PMSDATA":"Y","NAVSTR":"CAPTAIN ANTHONY MELDAHL","CHAMBN":"MAIN","CHB1":"M","STR1":"L","PMSNAME":"CAPT ANT MELDAHL LOCK & DAM","STATUS":"1","RIVER":"OHIO","RIVERMI":436.2,"BANK":"R","LIFT":30,"LENGTH":1200,"CHMBUL":1200,"WIDTH":110,"CHMBUW":110,"AUDPA":9,"AUDPB":9,"UPDPTHMS":45,"LWDPTHMS":15,"YEAROPEN":1962,"GATETYPE":"Miter","GATE":"1","CHNLGTH":95,"CHNDPTHA":9,"CHNDPTHB":9,"CHNWDTHA":300,"CHNWDTHB":300,"WWPRJCT":"OHIO RIVER","MOORING":"Y","MULTI":"NRC","DIVISION":"LRD","DISTRICT":"LRH","STATE":"OH","MAINT1":"1","OPER1":"1","OWNER1":"1","TOWN":"Chilo","COUNTY1":"CLERMONT","MOORING_R":"2 CELLS ABOVE ABOUT 1000'","SE_ANNO_CAD_DATA":""}},{"type":"Feature","id":156,"geometry":{"type":"Point","coordinates":[-91.2300439998301,43.5699559996706]},"properties":{"OBJECTID":156,"ID":156,"NDCCODE":"3267920601","REGION":"IN","RIVERCD":"MI","LOCKCD":"08","CHMBCD":"1","NOCHMB":1,"PMSDATA":"Y","NAVSTR":" 8","CHAMBN":"MAIN","CHB1":"M","STR1":"L","PMSNAME":"LOCK & DAM 8","STATUS":"2","RIVER":"MISSISSIPPI","RIVERMI":679.2,"BANK":"L","LIFT":11,"LENGTH":600,"CHMBUL":600,"WIDTH":110,"CHMBUW":105,"AUDPA":9,"AUDPB":9,"UPDPTHMS":22,"LWDPTHMS":14,"YEAROPEN":1937,"GATETYPE":"(L) 4 Miter (D) Moveable,  5 Roller gates, 10 Tain","GATE":"1","CHNLGTH":23,"CHNDPTHA":9,"CHNDPTHB":9,"CHNWDTHA":300,"CHNWDTHB":300,"WWPRJCT":"MISSISSIPPI R BETWN MISSOURI R & MINNEAPOLIS, MN","MOORING":"N","MULTI":"N","DIVISION":"MVD","DISTRICT":"MVP","STATE":"WI","MAINT1":"1","OPER1":"1","OWNER1":"1","TOWN":"Genoa","COUNTY1":"VERNON","MOORING_R":"NONE","SE_ANNO_CAD_DATA":""}},{"type":"Feature","id":157,"geometry":{"type":"Point","coordinates":[-91.4364170001438,43.9992400003267]},"properties":{"OBJECTID":157,"ID":157,"NDCCODE":"3271430601","REGION":"IN","RIVERCD":"MI","LOCKCD":"06","CHMBCD":"1","NOCHMB":1,"PMSDATA":"Y","NAVSTR":" 6","CHAMBN":"MAIN","CHB1":"M","STR1":"L","PMSNAME":"LOCK & DAM 6","STATUS":"2","RIVER":"MISSISSIPPI","RIVERMI":714.30000000000007,"BANK":"L","LIFT":6,"LENGTH":600,"CHMBUL":600,"WIDTH":110,"CHMBUW":105,"AUDPA":9,"AUDPB":9,"UPDPTHMS":17,"LWDPTHMS":13,"YEAROPEN":1936,"GATETYPE":"(L) 4 Miter (D) Moveable,  5 Roller gates, 10 Tain","GATE":"1","CHNLGTH":14,"CHNDPTHA":9,"CHNDPTHB":9,"CHNWDTHA":300,"CHNWDTHB":300,"WWPRJCT":"MISSISSIPPI R BETWN MISSOURI R & MINNEAPOLIS, MN","MOORING":"N","MULTI":"N","DIVISION":"MVD","DISTRICT":"MVP","STATE":"WI","MAINT1":"1","OPER1":"1","OWNER1":"1","TOWN":"Trempealeau","COUNTY1":"TREMPEALEAU","MOORING_R":"NONE","SE_ANNO_CAD_DATA":""}},{"type":"Feature","id":158,"geometry":{"type":"Point","coordinates":[-91.308971000011,43.865425999711]},"properties":{"OBJECTID":158,"ID":158,"NDCCODE":"3270250601","REGION":"IN","RIVERCD":"MI","LOCKCD":"07","CHMBCD":"1","NOCHMB":1,"PMSDATA":"Y","NAVSTR":" 7","CHAMBN":"MAIN","CHB1":"M","STR1":"L","PMSNAME":"LOCK & DAM 7","STATUS":"2","RIVER":"MISSISSIPPI","RIVERMI":702.5,"BANK":"R","LIFT":8,"LENGTH":600,"CHMBUL":600,"WIDTH":110,"CHMBUW":105,"AUDPA":9,"AUDPB":9,"UPDPTHMS":18,"LWDPTHMS":12,"YEAROPEN":1937,"GATETYPE":"(L) 4 Miter (D) Moveable,  5 Roller gates, 11 Tain","GATE":"1","CHNLGTH":12,"CHNDPTHA":9,"CHNDPTHB":9,"CHNWDTHA":300,"CHNWDTHB":300,"WWPRJCT":"MISSISSIPPI R BETWN MISSOURI R & MINNEAPOLIS, MN","MOORING":"Y","MULTI":"N","DIVISION":"MVD","DISTRICT":"MVP","STATE":"MN","MAINT1":"1","OPER1":"1","OWNER1":"1","TOWN":"Dresbach","COUNTY1":"WINONA","MOORING_R":"UPPER & LOWER","SE_ANNO_CAD_DATA":""}},{"type":"Feature","id":159,"geometry":{"type":"Point","coordinates":[-91.09534000044,42.7855089999413]},"properties":{"OBJECTID":159,"ID":159,"NDCCODE":"3261510601","REGION":"IN","RIVERCD":"MI","LOCKCD":"10","CHMBCD":"1","NOCHMB":1,"PMSDATA":"Y","NAVSTR":"10","CHAMBN":"MAIN","CHB1":"M","STR1":"L","PMSNAME":"LOCK & DAM 10","STATUS":"2","RIVER":"MISSISSIPPI","RIVERMI":615.1,"BANK":"R","LIFT":8,"LENGTH":600,"CHMBUL":600,"WIDTH":110,"CHMBUW":105,"AUDPA":9,"AUDPB":9,"UPDPTHMS":15,"LWDPTHMS":12,"YEAROPEN":1936,"GATETYPE":"(L) 4 Miter (D) Moveable,  4 Roller gates, 8 Taint","GATE":"1","CHNLGTH":33,"CHNDPTHA":9,"CHNDPTHB":9,"CHNWDTHA":300,"CHNWDTHB":300,"WWPRJCT":"MISSISSIPPI R BETWN MISSOURI R & MINNEAPOLIS, MN","MOORING":"N","MULTI":"N","DIVISION":"MVD","DISTRICT":"MVP","STATE":"IA","MAINT1":"1","OPER1":"1","OWNER1":"1","TOWN":"Guttenburg","COUNTY1":"CLAYTON","MOORING_R":"NONE","SE_ANNO_CAD_DATA":""}},{"type":"Feature","id":160,"geometry":{"type":"Point","coordinates":[-90.4225320003509,42.2605399997221]},"properties":{"OBJECTID":160,"ID":160,"NDCCODE":"3155610001","REGION":"IN","RIVERCD":"MI","LOCKCD":"12","CHMBCD":"1","NOCHMB":1,"PMSDATA":"Y","NAVSTR":"12","CHAMBN":"MAIN","CHB1":"M","STR1":"L","PMSNAME":"LOCK & DAM 12","STATUS":"1","RIVER":"MISSISSIPPI","RIVERMI":556.7,"BANK":"R","LIFT":9,"LENGTH":600,"CHMBUL":600,"WIDTH":110,"CHMBUW":108,"AUDPA":9,"AUDPB":9,"UPDPTHMS":17,"LWDPTHMS":13,"YEAROPEN":1939,"GATETYPE":"Miter","GATE":"1","CHNLGTH":26,"CHNDPTHA":9,"CHNDPTHB":9,"CHNWDTHA":300,"CHNWDTHB":300,"WWPRJCT":"MISSISSIPPI R BETWN MISSOURI R & MINNEAPOLIS, MN","MOORING":"Y","MULTI":"N","DIVISION":"MVD","DISTRICT":"MVR","STATE":"IA","MAINT1":"1","OPER1":"1","OWNER1":"1","TOWN":"Bellevue","COUNTY1":"JACKSON","MOORING_R":"NONE","SE_ANNO_CAD_DATA":""}},{"type":"Feature","id":161,"geometry":{"type":"Point","coordinates":[-90.6455660000702,42.5395879996873]},"properties":{"OBJECTID":161,"ID":161,"NDCCODE":"3158310001","REGION":"IN","RIVERCD":"MI","LOCKCD":"11","CHMBCD":"1","NOCHMB":1,"PMSDATA":"Y","NAVSTR":"11","CHAMBN":"MAIN","CHB1":"M","STR1":"L","PMSNAME":"LOCK & DAM 11","STATUS":"1","RIVER":"MISSISSIPPI","RIVERMI":583,"BANK":"R","LIFT":12,"LENGTH":600,"CHMBUL":600,"WIDTH":110,"CHMBUW":108,"AUDPA":9,"AUDPB":9,"UPDPTHMS":19,"LWDPTHMS":13,"YEAROPEN":1937,"GATETYPE":"Miter","GATE":"1","CHNLGTH":32,"CHNDPTHA":9,"CHNDPTHB":9,"CHNWDTHA":300,"CHNWDTHB":300,"WWPRJCT":"MISSISSIPPI R BETWN MISSOURI R & MINNEAPOLIS, MN","MOORING":"N","MULTI":"N","DIVISION":"MVD","DISTRICT":"MVR","STATE":"IA","MAINT1":"1","OPER1":"1","OWNER1":"1","TOWN":"Dubuque","COUNTY1":"DUBUQUE","MOORING_R":"NONE","SE_ANNO_CAD_DATA":""}},{"type":"Feature","id":162,"geometry":{"type":"Point","coordinates":[-91.0995270001703,43.211416000449]},"properties":{"OBJECTID":162,"ID":162,"NDCCODE":"3264790601","REGION":"IN","RIVERCD":"MI","LOCKCD":"09","CHMBCD":"1","NOCHMB":1,"PMSDATA":"Y","NAVSTR":" 9","CHAMBN":"MAIN","CHB1":"M","STR1":"L","PMSNAME":"LOCK & DAM 9","STATUS":"2","RIVER":"MISSISSIPPI","RIVERMI":647.9,"BANK":"L","LIFT":9,"LENGTH":600,"CHMBUL":600,"WIDTH":110,"CHMBUW":105,"AUDPA":9,"AUDPB":9,"UPDPTHMS":16,"LWDPTHMS":13,"YEAROPEN":1938,"GATETYPE":"(L) 4 Miter (D) Moveable,  5 Roller gates, 8 Taint","GATE":"1","CHNLGTH":31,"CHNDPTHA":9,"CHNDPTHB":9,"CHNWDTHA":300,"CHNWDTHB":300,"WWPRJCT":"MISSISSIPPI R BETWN MISSOURI R & MINNEAPOLIS, MN","MOORING":"N","MULTI":"N","DIVISION":"MVD","DISTRICT":"MVP","STATE":"WI","MAINT1":"1","OPER1":"1","OWNER1":"1","TOWN":"Lynxville","COUNTY1":"CRAWFORD","MOORING_R":"NONE","SE_ANNO_CAD_DATA":""}},{"type":"Feature","id":163,"geometry":{"type":"Point","coordinates":[-91.8114429996941,44.1599169995708]},"properties":{"OBJECTID":163,"ID":163,"NDCCODE":"3273810601","REGION":"IN","RIVERCD":"MI","LOCKCD":"05","CHMBCD":"1","NOCHMB":1,"PMSDATA":"Y","NAVSTR":" 5","CHAMBN":"MAIN","CHB1":"M","STR1":"L","PMSNAME":"LOCK & DAM 5","STATUS":"2","RIVER":"MISSISSIPPI","RIVERMI":738.1,"BANK":"R","LIFT":9,"LENGTH":600,"CHMBUL":600,"WIDTH":110,"CHMBUW":105,"AUDPA":9,"AUDPB":9,"UPDPTHMS":18,"LWDPTHMS":12,"YEAROPEN":1935,"GATETYPE":"(L) 4 Miter (D) Moveable,  6 Roller gates, 28 Tain","GATE":"1","CHNLGTH":15,"CHNDPTHA":9,"CHNDPTHB":9,"CHNWDTHA":300,"CHNWDTHB":300,"WWPRJCT":"MISSISSIPPI R BETWN MISSOURI R & MINNEAPOLIS, MN","MOORING":"Y","MULTI":"N","DIVISION":"MVD","DISTRICT":"MVP","STATE":"MN","MAINT1":"1","OPER1":"1","OWNER1":"1","TOWN":"Minneiska","COUNTY1":"WINONA","MOORING_R":"UPPER & LOWER","SE_ANNO_CAD_DATA":""}},{"type":"Feature","id":164,"geometry":{"type":"Point","coordinates":[-91.9188880001805,44.3252979999037]},"properties":{"OBJECTID":164,"ID":164,"NDCCODE":"3275280601","REGION":"IN","RIVERCD":"MI","LOCKCD":"04","CHMBCD":"1","NOCHMB":1,"PMSDATA":"Y","NAVSTR":" 4","CHAMBN":"MAIN","CHB1":"M","STR1":"L","PMSNAME":"LOCK & DAM 4","STATUS":"2","RIVER":"MISSISSIPPI","RIVERMI":752.80000000000007,"BANK":"L","LIFT":7,"LENGTH":600,"CHMBUL":600,"WIDTH":110,"CHMBUW":105,"AUDPA":9,"AUDPB":9,"UPDPTHMS":17,"LWDPTHMS":13,"YEAROPEN":1935,"GATETYPE":"(L) 4 Miter (D) Moveable,  6 Roller gates, 22 Tain","GATE":"1","CHNLGTH":44,"CHNDPTHA":9,"CHNDPTHB":9,"CHNWDTHA":300,"CHNWDTHB":300,"WWPRJCT":"MISSISSIPPI R BETWN MISSOURI R & MINNEAPOLIS, MN","MOORING":"N","MULTI":"N","DIVISION":"MVD","DISTRICT":"MVP","STATE":"WI","MAINT1":"1","OPER1":"1","OWNER1":"1","TOWN":"Alma","COUNTY1":"BUFFALO","MOORING_R":"NONE","SE_ANNO_CAD_DATA":""}},{"type":"Feature","id":165,"geometry":{"type":"Point","coordinates":[-91.669730999985,44.0872690002651]},"properties":{"OBJECTID":165,"ID":165,"NDCCODE":"3272850601","REGION":"IN","RIVERCD":"MI","LOCKCD":"55","CHMBCD":"1","NOCHMB":1,"PMSDATA":"Y","NAVSTR":"5a","CHAMBN":"MAIN","CHB1":"M","STR1":"L","PMSNAME":"LOCK & DAM 5A","STATUS":"2","RIVER":"MISSISSIPPI","RIVERMI":728.5,"BANK":"R","LIFT":5,"LENGTH":600,"CHMBUL":600,"WIDTH":110,"CHMBUW":105,"AUDPA":9,"AUDPB":9,"UPDPTHMS":18,"LWDPTHMS":13,"YEAROPEN":1936,"GATETYPE":"(L) 4 Miter (D) Moveable,  5 Roller gates, 5 Taint","GATE":"1","CHNLGTH":10,"CHNDPTHA":9,"CHNDPTHB":9,"CHNWDTHA":300,"CHNWDTHB":300,"WWPRJCT":"MISSISSIPPI R BETWN MISSOURI R & MINNEAPOLIS, MN","MOORING":"N","MULTI":"N","DIVISION":"MVD","DISTRICT":"MVP","STATE":"MN","MAINT1":"1","OPER1":"1","OWNER1":"1","TOWN":"Winona,MN","COUNTY1":"WINONA","MOORING_R":"NONE","SE_ANNO_CAD_DATA":""}},{"type":"Feature","id":166,"geometry":{"type":"Point","coordinates":[-88.0635770003776,44.4503330003686]},"properties":{"OBJECTID":166,"ID":166,"NDCCODE":"7782700901","REGION":"GL","RIVERCD":"FX","LOCKCD":"11","CHMBCD":"1","NOCHMB":1,"PMSDATA":"N","NAVSTR":"DEPERE","CHAMBN":"MAIN","CHB1":"M","STR1":"L","PMSNAME":"DEPERE LOCK & DAM","STATUS":"5","RIVER":"FOX","RIVERMI":7,"BANK":"R","LIFT":9,"LENGTH":146,"CHMBUL":146,"WIDTH":36,"CHMBUW":33,"AUDPA":6,"AUDPB":6,"UPDPTHMS":10,"LWDPTHMS":12,"YEAROPEN":1856,"GATETYPE":"(L) 4 LEAF (D) 14-20' TAINTER (355')","GATE":"5","CHNLGTH":6,"CHNDPTHA":6,"CHNDPTHB":6,"CHNWDTHA":35,"CHNWDTHB":35,"WWPRJCT":"FOX RIVER","MOORING":"N","MULTI":"R","DIVISION":"LRD","DISTRICT":"LRE","STATE":"WI","MAINT1":"8","OPER1":"4","OWNER1":"4","TOWN":"DePere","COUNTY1":"BROWN","MOORING_R":"NONE","SE_ANNO_CAD_DATA":""}},{"type":"Feature","id":167,"geometry":{"type":"Point","coordinates":[-88.1237639997082,44.3780039995858]},"properties":{"OBJECTID":167,"ID":167,"NDCCODE":"7782701301","REGION":"GL","RIVERCD":"FX","LOCKCD":"12","CHMBCD":"1","NOCHMB":1,"PMSDATA":"N","NAVSTR":"LITTLE KAUKAUNA","CHAMBN":"MAIN","CHB1":"M","STR1":"L","PMSNAME":"LITTLE KAUKAUNA LOCK & DAM","STATUS":"5","RIVER":"FOX","RIVERMI":14,"BANK":"L","LIFT":7,"LENGTH":146,"CHMBUL":146,"WIDTH":36,"CHMBUW":33,"AUDPA":6,"AUDPB":6,"UPDPTHMS":8,"LWDPTHMS":10,"YEAROPEN":1938,"GATETYPE":"(L) 4 LEAF (D) 8-20' TAINTER (205')","GATE":"5","CHNLGTH":6,"CHNDPTHA":6,"CHNDPTHB":6,"CHNWDTHA":35,"CHNWDTHB":35,"WWPRJCT":"FOX RIVER","MOORING":"N","MULTI":"RP","DIVISION":"LRD","DISTRICT":"LRE","STATE":"WI","MAINT1":"8","OPER1":"4","OWNER1":"4","TOWN":"DePere","COUNTY1":"BROWN","MOORING_R":"NONE","SE_ANNO_CAD_DATA":""}},{"type":"Feature","id":168,"geometry":{"type":"Point","coordinates":[-88.1964430004435,44.3171829997965]},"properties":{"OBJECTID":168,"ID":168,"NDCCODE":"7782701501","REGION":"GL","RIVERCD":"FX","LOCKCD":"13","CHMBCD":"1","NOCHMB":1,"PMSDATA":"N","NAVSTR":"RAPIDE CROCHE","CHAMBN":"MAIN","CHB1":"M","STR1":"L","PMSNAME":"RAPID CROCHE LOCK & DAM","STATUS":"5","RIVER":"FOX","RIVERMI":19.2,"BANK":"L","LIFT":8,"LENGTH":146,"CHMBUL":146,"WIDTH":36,"CHMBUW":33,"AUDPA":6,"AUDPB":6,"UPDPTHMS":9,"LWDPTHMS":10,"YEAROPEN":1934,"GATETYPE":"(L) 4 LEAF (D) 4-20' TAINTER (105')","GATE":"5","CHNLGTH":4,"CHNDPTHA":6,"CHNDPTHB":6,"CHNWDTHA":35,"CHNWDTHB":35,"WWPRJCT":"FOX RIVER","MOORING":"N","MULTI":"RP","DIVISION":"LRD","DISTRICT":"LRE","STATE":"WI","MAINT1":"8","OPER1":"8","OWNER1":"4","TOWN":"Wrightstown","COUNTY1":"OUTGAMIE","MOORING_R":"NONE","SE_ANNO_CAD_DATA":""}},{"type":"Feature","id":169,"geometry":{"type":"Point","coordinates":[-88.2700610004142,44.2817410003478]},"properties":{"OBJECTID":169,"ID":169,"NDCCODE":"7782701701","REGION":"GL","RIVERCD":"FX","LOCKCD":"20","CHMBCD":"1","NOCHMB":1,"PMSDATA":"N","NAVSTR":"KAUKAUNA GUARD","CHAMBN":"MAIN","CHB1":"C","STR1":"C","PMSNAME":"KAUKAUNA GUARD","STATUS":"5","RIVER":"FOX","RIVERMI":24,"BANK":"L","LIFT":9,"LENGTH":0,"CHMBUL":0,"WIDTH":40,"CHMBUW":40,"AUDPA":6,"AUDPB":6,"UPDPTHMS":0,"LWDPTHMS":0,"YEAROPEN":1891,"GATETYPE":"(L) 2 LEAF (D) B-8-20' TAINTER (205')","GATE":"5","CHNLGTH":1,"CHNDPTHA":6,"CHNDPTHB":6,"CHNWDTHA":35,"CHNWDTHB":35,"WWPRJCT":"FOX RIVER","MOORING":"N","MULTI":"RP","DIVISION":"LRD","DISTRICT":"LRE","STATE":"WI","MAINT1":"8","OPER1":"8","OWNER1":"4","TOWN":"Kaukauna","COUNTY1":"OUTGAMIE","MOORING_R":"NONE","SE_ANNO_CAD_DATA":""}},{"type":"Feature","id":170,"geometry":{"type":"Point","coordinates":[-88.2627640002578,44.2823149998383]},"properties":{"OBJECTID":170,"ID":170,"NDCCODE":"7782704301","REGION":"GL","RIVERCD":"FX","LOCKCD":"21","CHMBCD":"1","NOCHMB":1,"PMSDATA":"N","NAVSTR":"KAUKAUNA 1","CHAMBN":"MAIN","CHB1":"M","STR1":"L","PMSNAME":"KAUKAUNA 1","STATUS":"5","RIVER":"FOX","RIVERMI":23.6,"BANK":"-","LIFT":11,"LENGTH":144,"CHMBUL":144,"WIDTH":35,"CHMBUW":33,"AUDPA":6,"AUDPB":6,"UPDPTHMS":7,"LWDPTHMS":6,"YEAROPEN":1856,"GATETYPE":"(L) 4 LEAF GATES","GATE":"7","CHNLGTH":0,"CHNDPTHA":6,"CHNDPTHB":6,"CHNWDTHA":35,"CHNWDTHB":35,"WWPRJCT":"FOX RIVER","MOORING":"N","MULTI":"R","DIVISION":"LRD","DISTRICT":"LRE","STATE":"WI","MAINT1":"8","OPER1":"8","OWNER1":"4","TOWN":"Kaukauna","COUNTY1":"OUTGAMIE","MOORING_R":"NONE","SE_ANNO_CAD_DATA":""}},{"type":"Feature","id":171,"geometry":{"type":"Point","coordinates":[-88.2585199996976,44.2827019996984]},"properties":{"OBJECTID":171,"ID":171,"NDCCODE":"7782704701","REGION":"GL","RIVERCD":"FX","LOCKCD":"22","CHMBCD":"1","NOCHMB":1,"PMSDATA":"N","NAVSTR":"KAUKAUNA 2","CHAMBN":"MAIN","CHB1":"M","STR1":"L","PMSNAME":"KAUKAUNA 2","STATUS":"5","RIVER":"FOX","RIVERMI":23.400000000000002,"BANK":"L","LIFT":10,"LENGTH":144,"CHMBUL":144,"WIDTH":35,"CHMBUW":33,"AUDPA":6,"AUDPB":6,"UPDPTHMS":6,"LWDPTHMS":6,"YEAROPEN":1856,"GATETYPE":"(L) 4 LEAF","GATE":"7","CHNLGTH":0,"CHNDPTHA":6,"CHNDPTHB":6,"CHNWDTHA":35,"CHNWDTHB":35,"WWPRJCT":"FOX RIVER","MOORING":"N","MULTI":"R","DIVISION":"LRD","DISTRICT":"LRE","STATE":"WI","MAINT1":"8","OPER1":"8","OWNER1":"4","TOWN":"Kaukauna","COUNTY1":"OUTGAMIE","MOORING_R":"NONE","SE_ANNO_CAD_DATA":""}},{"type":"Feature","id":172,"geometry":{"type":"Point","coordinates":[-88.2558459995926,44.283576000433]},"properties":{"OBJECTID":172,"ID":172,"NDCCODE":"7782704801","REGION":"GL","RIVERCD":"FX","LOCKCD":"23","CHMBCD":"1","NOCHMB":1,"PMSDATA":"N","NAVSTR":"KAUKAUNA 3","CHAMBN":"MAIN","CHB1":"M","STR1":"L","PMSNAME":"KAUKAUNA 3","STATUS":"5","RIVER":"FOX","RIVERMI":23.3,"BANK":"L","LIFT":10,"LENGTH":144,"CHMBUL":144,"WIDTH":35,"CHMBUW":33,"AUDPA":6,"AUDPB":6,"UPDPTHMS":7,"LWDPTHMS":6,"YEAROPEN":1856,"GATETYPE":"(L) 4 LEAF","GATE":"7","CHNLGTH":0,"CHNDPTHA":6,"CHNDPTHB":6,"CHNWDTHA":35,"CHNWDTHB":35,"WWPRJCT":"FOX RIVER","MOORING":"Y","MULTI":"R","DIVISION":"LRD","DISTRICT":"LRE","STATE":"WI","MAINT1":"8","OPER1":"8","OWNER1":"4","TOWN":"Kaukauna","COUNTY1":"OUTGAMIE","MOORING_R":" ","SE_ANNO_CAD_DATA":""}},{"type":"Feature","id":173,"geometry":{"type":"Point","coordinates":[-88.2528210003882,44.2846099995527]},"properties":{"OBJECTID":173,"ID":173,"NDCCODE":"7782704901","REGION":"GL","RIVERCD":"FX","LOCKCD":"24","CHMBCD":"1","NOCHMB":1,"PMSDATA":"N","NAVSTR":"KAUKAUNA 4","CHAMBN":"MAIN","CHB1":"M","STR1":"L","PMSNAME":"KAUKAUNA 4","STATUS":"5","RIVER":"FOX","RIVERMI":23.1,"BANK":"L","LIFT":10,"LENGTH":144,"CHMBUL":144,"WIDTH":37,"CHMBUW":33,"AUDPA":6,"AUDPB":6,"UPDPTHMS":7,"LWDPTHMS":6,"YEAROPEN":1856,"GATETYPE":"(L) 4 LEAF","GATE":"7","CHNLGTH":0,"CHNDPTHA":6,"CHNDPTHB":6,"CHNWDTHA":35,"CHNWDTHB":35,"WWPRJCT":"FOX RIVER","MOORING":"Y","MULTI":"R","DIVISION":"LRD","DISTRICT":"LRE","STATE":"WI","MAINT1":"8","OPER1":"8","OWNER1":"4","TOWN":"Kaukauna","COUNTY1":"OUTGAMIE","MOORING_R":" ","SE_ANNO_CAD_DATA":""}},{"type":"Feature","id":174,"geometry":{"type":"Point","coordinates":[-88.2466560002736,44.2867870001209]},"properties":{"OBJECTID":174,"ID":174,"NDCCODE":"7782704401","REGION":"GL","RIVERCD":"FX","LOCKCD":"25","CHMBCD":"1","NOCHMB":1,"PMSDATA":"N","NAVSTR":"KAUKAUNA 5","CHAMBN":"MAIN","CHB1":"M","STR1":"L","PMSNAME":"KAUKAUNA 5","STATUS":"5","RIVER":"FOX","RIVERMI":22.8,"BANK":"L","LIFT":9,"LENGTH":144,"CHMBUL":144,"WIDTH":36,"CHMBUW":33,"AUDPA":6,"AUDPB":6,"UPDPTHMS":7,"LWDPTHMS":9,"YEAROPEN":1856,"GATETYPE":"(L) 4 LEAF","GATE":"7","CHNLGTH":0,"CHNDPTHA":6,"CHNDPTHB":6,"CHNWDTHA":35,"CHNWDTHB":35,"WWPRJCT":"FOX RIVER","MOORING":"N","MULTI":"R","DIVISION":"LRD","DISTRICT":"LRE","STATE":"WI","MAINT1":"8","OPER1":"8","OWNER1":"4","TOWN":"Kaukauna","COUNTY1":"OUTGAMIE","MOORING_R":"NONE","SE_ANNO_CAD_DATA":""}},{"type":"Feature","id":175,"geometry":{"type":"Point","coordinates":[-88.3171380004177,44.2765449999527]},"properties":{"OBJECTID":175,"ID":175,"NDCCODE":"7782705601","REGION":"GL","RIVERCD":"FX","LOCKCD":"31","CHMBCD":"1","NOCHMB":1,"PMSDATA":"N","NAVSTR":"LITTLE CHUTE 1 GUARD","CHAMBN":"MAIN","CHB1":"C","STR1":"C","PMSNAME":"LITTLE CHUTE 1 GUARD","STATUS":"5","RIVER":"FOX","RIVERMI":26.5,"BANK":"L","LIFT":7,"LENGTH":0,"CHMBUL":0,"WIDTH":35,"CHMBUW":33,"AUDPA":7,"AUDPB":7,"UPDPTHMS":0,"LWDPTHMS":0,"YEAROPEN":1904,"GATETYPE":"(L) 2 LEAF (D) 9-20' TAINTER (230')","GATE":"7","CHNLGTH":1,"CHNDPTHA":6,"CHNDPTHB":6,"CHNWDTHA":35,"CHNWDTHB":35,"WWPRJCT":"FOX RIVER","MOORING":"N","MULTI":"RP","DIVISION":"LRD","DISTRICT":"LRE","STATE":"WI","MAINT1":"8","OPER1":"8","OWNER1":"4","TOWN":"Little Chute","COUNTY1":"OUTGAMIE","MOORING_R":"NONE","SE_ANNO_CAD_DATA":""}},{"type":"Feature","id":176,"geometry":{"type":"Point","coordinates":[-88.313646000362,44.2756970004172]},"properties":{"OBJECTID":176,"ID":176,"NDCCODE":"7782705501","REGION":"GL","RIVERCD":"FX","LOCKCD":"32","CHMBCD":"1","NOCHMB":1,"PMSDATA":"N","NAVSTR":"LITTLE CHUTE 2","CHAMBN":"MAIN","CHB1":"M","STR1":"L","PMSNAME":"LITTLE CHUTE 2","STATUS":"5","RIVER":"FOX","RIVERMI":26.400000000000002,"BANK":"L","LIFT":14,"LENGTH":144,"CHMBUL":144,"WIDTH":35,"CHMBUW":33,"AUDPA":7,"AUDPB":7,"UPDPTHMS":8,"LWDPTHMS":6,"YEAROPEN":1881,"GATETYPE":"(L) 4 LEAF","GATE":"7","CHNLGTH":1,"CHNDPTHA":6,"CHNDPTHB":6,"CHNWDTHA":35,"CHNWDTHB":35,"WWPRJCT":"FOX RIVER","MOORING":"Y","MULTI":"RP","DIVISION":"LRD","DISTRICT":"LRE","STATE":"WI","MAINT1":"8","OPER1":"8","OWNER1":"4","TOWN":"Little Chute","COUNTY1":"OUTGAMIE","MOORING_R":" ","SE_ANNO_CAD_DATA":""}},{"type":"Feature","id":177,"geometry":{"type":"Point","coordinates":[-88.2948240002268,44.2758949996554]},"properties":{"OBJECTID":177,"ID":177,"NDCCODE":"7782705401","REGION":"GL","RIVERCD":"FX","LOCKCD":"33","CHMBCD":"1","NOCHMB":1,"PMSDATA":"N","NAVSTR":"LITTLE CHUTE UPPER","CHAMBN":"MAIN","CHB1":"M","STR1":"L","PMSNAME":"LITTLE CHUTE UPPER","STATUS":"5","RIVER":"FOX","RIVERMI":25.400000000000002,"BANK":"L","LIFT":11,"LENGTH":144,"CHMBUL":144,"WIDTH":36,"CHMBUW":33,"AUDPA":7,"AUDPB":7,"UPDPTHMS":8,"LWDPTHMS":6,"YEAROPEN":1856,"GATETYPE":"(L) 4 LEAF","GATE":"7","CHNLGTH":0,"CHNDPTHA":6,"CHNDPTHB":6,"CHNWDTHA":35,"CHNWDTHB":35,"WWPRJCT":"FOX RIVER","MOORING":"N","MULTI":"R","DIVISION":"LRD","DISTRICT":"LRE","STATE":"WI","MAINT1":"8","OPER1":"8","OWNER1":"4","TOWN":"Little Chute","COUNTY1":"OUTGAMIE","MOORING_R":"NONE","SE_ANNO_CAD_DATA":""}},{"type":"Feature","id":178,"geometry":{"type":"Point","coordinates":[-88.2948240002268,44.275879999863]},"properties":{"OBJECTID":178,"ID":178,"NDCCODE":"7782705801","REGION":"GL","RIVERCD":"FX","LOCKCD":"34","CHMBCD":"1","NOCHMB":1,"PMSDATA":"N","NAVSTR":"LITTLE CHUTE LOWER","CHAMBN":"MAIN","CHB1":"M","STR1":"L","PMSNAME":"LITTLE CHUTE LOWER","STATUS":"5","RIVER":"FOX","RIVERMI":25.400000000000002,"BANK":"L","LIFT":11,"LENGTH":147,"CHMBUL":147,"WIDTH":35,"CHMBUW":33,"AUDPA":7,"AUDPB":7,"UPDPTHMS":6,"LWDPTHMS":9,"YEAROPEN":1856,"GATETYPE":"(L) 4 LEAF (UPPER GATES ARE LOWER","GATE":"7","CHNLGTH":0,"CHNDPTHA":6,"CHNDPTHB":6,"CHNWDTHA":35,"CHNWDTHB":35,"WWPRJCT":"FOX RIVER","MOORING":"N","MULTI":"R","DIVISION":"LRD","DISTRICT":"LRE","STATE":"WI","MAINT1":"8","OPER1":"8","OWNER1":"4","TOWN":"Little Chute","COUNTY1":"OUTGAMIE","MOORING_R":"NONE","SE_ANNO_CAD_DATA":""}},{"type":"Feature","id":179,"geometry":{"type":"Point","coordinates":[-88.3317849995775,44.2798779998707]},"properties":{"OBJECTID":179,"ID":179,"NDCCODE":"7782705901","REGION":"GL","RIVERCD":"FX","LOCKCD":"35","CHMBCD":"1","NOCHMB":1,"PMSDATA":"N","NAVSTR":"CEDARS","CHAMBN":"MAIN","CHB1":"M","STR1":"L","PMSNAME":"CEDARS","STATUS":"5","RIVER":"FOX","RIVERMI":27.3,"BANK":"L","LIFT":10,"LENGTH":144,"CHMBUL":144,"WIDTH":35,"CHMBUW":33,"AUDPA":6,"AUDPB":6,"UPDPTHMS":7,"LWDPTHMS":7,"YEAROPEN":1856,"GATETYPE":"(L) 4 LEAF GATES (D) 7-20' TAINTER (180')","GATE":"7","CHNLGTH":3,"CHNDPTHA":6,"CHNDPTHB":6,"CHNWDTHA":35,"CHNWDTHB":35,"WWPRJCT":"FOX RIVER","MOORING":"N","MULTI":"R","DIVISION":"LRD","DISTRICT":"LRE","STATE":"WI","MAINT1":"8","OPER1":"8","OWNER1":"4","TOWN":"Little Chute","COUNTY1":"OUTGAMIE","MOORING_R":"NONE","SE_ANNO_CAD_DATA":""}},{"type":"Feature","id":180,"geometry":{"type":"Point","coordinates":[-88.407790999954,44.253908000155]},"properties":{"OBJECTID":180,"ID":180,"NDCCODE":"7782706001","REGION":"GL","RIVERCD":"FX","LOCKCD":"41","CHMBCD":"1","NOCHMB":1,"PMSDATA":"N","NAVSTR":"APPLETON 1","CHAMBN":"MAIN","CHB1":"M","STR1":"L","PMSNAME":"APPLETON 1","STATUS":"5","RIVER":"FOX","RIVERMI":31.900000000000002,"BANK":"R","LIFT":10,"LENGTH":145,"CHMBUL":145,"WIDTH":35,"CHMBUW":33,"AUDPA":6,"AUDPB":6,"UPDPTHMS":7,"LWDPTHMS":6,"YEAROPEN":1884,"GATETYPE":"(L) 4 LEAF GATES (D) Y-20' TAINTER (205')","GATE":"7","CHNLGTH":5,"CHNDPTHA":6,"CHNDPTHB":6,"CHNWDTHA":35,"CHNWDTHB":35,"WWPRJCT":"FOX RIVER","MOORING":"Y","MULTI":"RP","DIVISION":"LRD","DISTRICT":"LRE","STATE":"WI","MAINT1":"8","OPER1":"8","OWNER1":"4","TOWN":"Appleton","COUNTY1":"OUTAGAMIE","MOORING_R":" ","SE_ANNO_CAD_DATA":""}},{"type":"Feature","id":181,"geometry":{"type":"Point","coordinates":[-88.4010070000724,44.2544309999915]},"properties":{"OBJECTID":181,"ID":181,"NDCCODE":"7782706201","REGION":"GL","RIVERCD":"FX","LOCKCD":"42","CHMBCD":"1","NOCHMB":1,"PMSDATA":"N","NAVSTR":"APPLETON 2","CHAMBN":"MAIN","CHB1":"M","STR1":"L","PMSNAME":"APPLETON 2","STATUS":"5","RIVER":"FOX","RIVERMI":31.6,"BANK":"R","LIFT":10,"LENGTH":145,"CHMBUL":145,"WIDTH":35,"CHMBUW":33,"AUDPA":6,"AUDPB":6,"UPDPTHMS":7,"LWDPTHMS":6,"YEAROPEN":1856,"GATETYPE":"(L) 4 LEAF GATES","GATE":"7","CHNLGTH":0,"CHNDPTHA":6,"CHNDPTHB":6,"CHNWDTHA":35,"CHNWDTHB":35,"WWPRJCT":"FOX RIVER","MOORING":"N","MULTI":"R","DIVISION":"LRD","DISTRICT":"LRE","STATE":"WI","MAINT1":"8","OPER1":"8","OWNER1":"4","TOWN":"Appleton","COUNTY1":"OUTGAMIE","MOORING_R":"NONE","SE_ANNO_CAD_DATA":""}},{"type":"Feature","id":182,"geometry":{"type":"Point","coordinates":[-88.3951400002102,44.2550719998738]},"properties":{"OBJECTID":182,"ID":182,"NDCCODE":"7782706401","REGION":"GL","RIVERCD":"FX","LOCKCD":"43","CHMBCD":"1","NOCHMB":1,"PMSDATA":"N","NAVSTR":"APPLETON 3","CHAMBN":"MAIN","CHB1":"M","STR1":"L","PMSNAME":"APPLETON 3","STATUS":"5","RIVER":"FOX","RIVERMI":31.3,"BANK":"R","LIFT":9,"LENGTH":144,"CHMBUL":144,"WIDTH":35,"CHMBUW":33,"AUDPA":6,"AUDPB":6,"UPDPTHMS":6,"LWDPTHMS":9,"YEAROPEN":1856,"GATETYPE":"(L) 4 LEAF GATES","GATE":"7","CHNLGTH":0,"CHNDPTHA":6,"CHNDPTHB":6,"CHNWDTHA":35,"CHNWDTHB":35,"WWPRJCT":"FOX RIVER","MOORING":"N","MULTI":"R","DIVISION":"LRD","DISTRICT":"LRE","STATE":"WI","MAINT1":"8","OPER1":"8","OWNER1":"4","TOWN":"Appleton","COUNTY1":"OUTGAMIE","MOORING_R":"NONE","SE_ANNO_CAD_DATA":""}},{"type":"Feature","id":183,"geometry":{"type":"Point","coordinates":[-88.3879820001685,44.2607609996214]},"properties":{"OBJECTID":183,"ID":183,"NDCCODE":"7782706901","REGION":"GL","RIVERCD":"FX","LOCKCD":"44","CHMBCD":"1","NOCHMB":1,"PMSDATA":"N","NAVSTR":"APPLETON 4","CHAMBN":"MAIN","CHB1":"M","STR1":"L","PMSNAME":"APPLETON 4","STATUS":"5","RIVER":"FOX","RIVERMI":30.7,"BANK":"R","LIFT":8,"LENGTH":144,"CHMBUL":144,"WIDTH":35,"CHMBUW":33,"AUDPA":6,"AUDPB":6,"UPDPTHMS":8,"LWDPTHMS":8,"YEAROPEN":1856,"GATETYPE":"(L) 4 LEAF (D) 9-20' TAINTER","GATE":"7","CHNLGTH":1,"CHNDPTHA":6,"CHNDPTHB":6,"CHNWDTHA":35,"CHNWDTHB":35,"WWPRJCT":"FOX RIVER","MOORING":"N","MULTI":"R","DIVISION":"LRD","DISTRICT":"LRE","STATE":"WI","MAINT1":"8","OPER1":"8","OWNER1":"4","TOWN":"Appleton","COUNTY1":"OUTGAMIE","MOORING_R":"NONE","SE_ANNO_CAD_DATA":""}},{"type":"Feature","id":184,"geometry":{"type":"Point","coordinates":[-88.4606030000278,44.2025539998681]},"properties":{"OBJECTID":184,"ID":184,"NDCCODE":"7782707001","REGION":"GL","RIVERCD":"FX","LOCKCD":"51","CHMBCD":"1","NOCHMB":1,"PMSDATA":"N","NAVSTR":"MENASHA","CHAMBN":"MAIN","CHB1":"M","STR1":"L","PMSNAME":"MENASHA","STATUS":"5","RIVER":"FOX","RIVERMI":38,"BANK":"R","LIFT":9,"LENGTH":144,"CHMBUL":144,"WIDTH":34,"CHMBUW":33,"AUDPA":6,"AUDPB":6,"UPDPTHMS":7,"LWDPTHMS":8,"YEAROPEN":1856,"GATETYPE":"(L) 4 LEAF (D) 6-20' TAINTER (154')","GATE":"7","CHNLGTH":28,"CHNDPTHA":6,"CHNDPTHB":6,"CHNWDTHA":100,"CHNWDTHB":100,"WWPRJCT":"FOX RIVER","MOORING":"Y","MULTI":"RP","DIVISION":"LRD","DISTRICT":"LRE","STATE":"WI","MAINT1":"8","OPER1":"4","OWNER1":"4","TOWN":"Menasha","COUNTY1":"WINNEBAGO","MOORING_R":" ","SE_ANNO_CAD_DATA":""}},{"type":"Feature","id":185,"geometry":{"type":"Point","coordinates":[-92.8487959998349,29.8631330001887]},"properties":{"OBJECTID":185,"ID":185,"NDCCODE":"2092505001","REGION":"GU","RIVERCD":"GI","LOCKCD":"22","CHMBCD":"1","NOCHMB":1,"PMSDATA":"Y","NAVSTR":"CATFISH POINT","CHAMBN":"CNTRL","CHB1":"C","STR1":"C","PMSNAME":"CATFISH POINT CONTROL STRUCTURE","STATUS":"1","RIVER":"MERMENTAU","RIVERMI":23.900000000000002,"BANK":"R","LIFT":0,"LENGTH":500,"CHMBUL":500,"WIDTH":56,"CHMBUW":56,"AUDPA":0,"AUDPB":0,"UPDPTHMS":0,"LWDPTHMS":0,"YEAROPEN":1951,"GATETYPE":"Sector","GATE":"3","CHNLGTH":5,"CHNDPTHA":15,"CHNDPTHB":15,"CHNWDTHA":200,"CHNWDTHB":200,"WWPRJCT":"MERMENTAU RIVER, LA","MOORING":"N","MULTI":"NFI","DIVISION":"MVD","DISTRICT":"MVN","STATE":"LA","MAINT1":"1","OPER1":"1","OWNER1":"1","TOWN":"CREOLE","COUNTY1":"CAMERON PARISH","MOORING_R":"NONE","SE_ANNO_CAD_DATA":""}},{"type":"Feature","id":186,"geometry":{"type":"Point","coordinates":[-83.8327730001732,37.6020699997316]},"properties":{"OBJECTID":186,"ID":186,"NDCCODE":"4123990601","REGION":"IN","RIVERCD":"KY","LOCKCD":"13","CHMBCD":"1","NOCHMB":1,"PMSDATA":"N","NAVSTR":"13","CHAMBN":"MAIN","CHB1":"M","STR1":"L","PMSNAME":"LOCK & DAM 13","STATUS":"2","RIVER":"KENTUCKY","RIVERMI":239.9,"BANK":"L","LIFT":18,"LENGTH":148,"CHMBUL":148,"WIDTH":52,"CHMBUW":52,"AUDPA":6,"AUDPB":6,"UPDPTHMS":10,"LWDPTHMS":6,"YEAROPEN":1915,"GATETYPE":"Miter","GATE":"3","CHNLGTH":9,"CHNDPTHA":6,"CHNDPTHB":0,"CHNWDTHA":100,"CHNWDTHB":100,"WWPRJCT":"KENTUCKY RIVER, KY","MOORING":"N","MULTI":"N","DIVISION":"LRD","DISTRICT":"LRL","STATE":"KY","MAINT1":"4","OPER1":"4","OWNER1":"1","TOWN":"Willow","COUNTY1":"LEE","MOORING_R":"NONE","SE_ANNO_CAD_DATA":""}},{"type":"Feature","id":187,"geometry":{"type":"Point","coordinates":[-83.7699909998841,37.5525250001295]},"properties":{"OBJECTID":187,"ID":187,"NDCCODE":"4124900601","REGION":"IN","RIVERCD":"KY","LOCKCD":"14","CHMBCD":"1","NOCHMB":1,"PMSDATA":"N","NAVSTR":"14","CHAMBN":"MAIN","CHB1":"M","STR1":"L","PMSNAME":"LOCK & DAM 14","STATUS":"2","RIVER":"KENTUCKY","RIVERMI":249,"BANK":"R","LIFT":17,"LENGTH":148,"CHMBUL":148,"WIDTH":52,"CHMBUW":52,"AUDPA":6,"AUDPB":6,"UPDPTHMS":9,"LWDPTHMS":6,"YEAROPEN":1917,"GATETYPE":"Miter","GATE":"3","CHNLGTH":26,"CHNDPTHA":6,"CHNDPTHB":0,"CHNWDTHA":100,"CHNWDTHB":100,"WWPRJCT":"KENTUCKY RIVER, KY","MOORING":"N","MULTI":"N","DIVISION":"LRD","DISTRICT":"LRL","STATE":"KY","MAINT1":"4","OPER1":"4","OWNER1":"1","TOWN":"Heidelberg","COUNTY1":"LEE","MOORING_R":"NONE","SE_ANNO_CAD_DATA":""}},{"type":"Feature","id":188,"geometry":{"type":"Point","coordinates":[-82.8611610000794,38.6477909999556]},"properties":{"OBJECTID":188,"ID":188,"NDCCODE":"4164000602","REGION":"IN","RIVERCD":"OH","LOCKCD":"24","CHMBCD":"2","NOCHMB":2,"PMSDATA":"Y","NAVSTR":"GREENUP","CHAMBN":"MAIN","CHB1":"M","STR1":"L","PMSNAME":"GREENUP LOCKS & DAM","STATUS":"1","RIVER":"OHIO","RIVERMI":341,"BANK":"L","LIFT":30,"LENGTH":1200,"CHMBUL":1200,"WIDTH":110,"CHMBUW":110,"AUDPA":9,"AUDPB":9,"UPDPTHMS":45,"LWDPTHMS":15,"YEAROPEN":1959,"GATETYPE":"Miter","GATE":"1","CHNLGTH":62,"CHNDPTHA":9,"CHNDPTHB":9,"CHNWDTHA":300,"CHNWDTHB":300,"WWPRJCT":"OHIO RIVER","MOORING":"Y","MULTI":"NCRP","DIVISION":"LRD","DISTRICT":"LRH","STATE":"KY","MAINT1":"1","OPER1":"1","OWNER1":"1","TOWN":"Greenup","COUNTY1":"GREENUP","MOORING_R":"2 EMERGENCY CELLS UPSTREAM","SE_ANNO_CAD_DATA":""}},{"type":"Feature","id":189,"geometry":{"type":"Point","coordinates":[-91.5195900000778,29.901881000109]},"properties":{"OBJECTID":189,"ID":189,"NDCCODE":"2092511500","REGION":"GU","RIVERCD":"GI","LOCKCD":" ","CHMBCD":" ","NOCHMB":1,"PMSDATA":"N","NAVSTR":"CHARENTON","CHAMBN":"CNTRL","CHB1":"C","STR1":"F","PMSNAME":"CHARENTON","STATUS":"2","RIVER":"GRAND LAKE","RIVERMI":35.7,"BANK":"R","LIFT":0,"LENGTH":90,"CHMBUL":0,"WIDTH":45,"CHMBUW":45,"AUDPA":8,"AUDPB":8,"UPDPTHMS":0,"LWDPTHMS":0,"YEAROPEN":1949,"GATETYPE":"Sector","GATE":"3","CHNLGTH":80,"CHNDPTHA":8,"CHNDPTHB":8,"CHNWDTHA":80,"CHNWDTHB":80,"WWPRJCT":"BAYOU TECHE, LA (FCMR&T)","MOORING":"N","MULTI":"NF","DIVISION":"MVD","DISTRICT":"MVN","STATE":"LA","MAINT1":"1","OPER1":"1","OWNER1":"1","TOWN":"CHARENTON","COUNTY1":"ST. MARY PARISH","MOORING_R":"NONE","SE_ANNO_CAD_DATA":""}},{"type":"Feature","id":190,"geometry":{"type":"Point","coordinates":[-82.1840619999607,38.6824029997995]},"properties":{"OBJECTID":190,"ID":190,"NDCCODE":"4270280702","REGION":"IN","RIVERCD":"OH","LOCKCD":"26","CHMBCD":"2","NOCHMB":2,"PMSDATA":"Y","NAVSTR":"ROBERT C. BYRD","CHAMBN":"MAIN","CHB1":"M","STR1":"L","PMSNAME":"ROBERT C. BYRD","STATUS":"1","RIVER":"OHIO","RIVERMI":279.2,"BANK":"L","LIFT":23,"LENGTH":1200,"CHMBUL":1200,"WIDTH":110,"CHMBUW":110,"AUDPA":9,"AUDPB":9,"UPDPTHMS":41,"LWDPTHMS":18,"YEAROPEN":1993,"GATETYPE":"Miter","GATE":"1","CHNLGTH":42,"CHNDPTHA":9,"CHNDPTHB":9,"CHNWDTHA":300,"CHNWDTHB":300,"WWPRJCT":"OHIO RIVER","MOORING":"Y","MULTI":"NCR","DIVISION":"LRD","DISTRICT":"LRH","STATE":"WV","MAINT1":"1","OPER1":"1","OWNER1":"1","TOWN":"Hogsett","COUNTY1":"MASON","MOORING_R":"2 EMERGENCY MOORING CELLS UPSTREAM","SE_ANNO_CAD_DATA":""}},{"type":"Feature","id":191,"geometry":{"type":"Point","coordinates":[-81.9112440004096,38.9184669996532]},"properties":{"OBJECTID":191,"ID":191,"NDCCODE":"4274450601","REGION":"IN","RIVERCD":"OH","LOCKCD":"22","CHMBCD":"2","NOCHMB":2,"PMSDATA":"Y","NAVSTR":"RACINE","CHAMBN":"MAIN","CHB1":"M","STR1":"L","PMSNAME":"RACINE LOCKS & DAM","STATUS":"1","RIVER":"OHIO","RIVERMI":237.5,"BANK":"L","LIFT":22,"LENGTH":1200,"CHMBUL":1200,"WIDTH":110,"CHMBUW":110,"AUDPA":9,"AUDPB":9,"UPDPTHMS":37,"LWDPTHMS":15,"YEAROPEN":1967,"GATETYPE":"Miter","GATE":"1","CHNLGTH":34,"CHNDPTHA":9,"CHNDPTHB":9,"CHNWDTHA":300,"CHNWDTHB":300,"WWPRJCT":"OHIO RIVER","MOORING":"Y","MULTI":"NRCP","DIVISION":"LRD","DISTRICT":"LRH","STATE":"WV","MAINT1":"1","OPER1":"1","OWNER1":"1","TOWN":"Letart","COUNTY1":"MASON","MOORING_R":"2 EMERGENCY CELLS UPSTREAM","SE_ANNO_CAD_DATA":""}},{"type":"Feature","id":192,"geometry":{"type":"Point","coordinates":[-81.7428699996501,39.1174629997186]},"properties":{"OBJECTID":192,"ID":192,"NDCCODE":"4277850601","REGION":"IN","RIVERCD":"OH","LOCKCD":"21","CHMBCD":"2","NOCHMB":2,"PMSDATA":"Y","NAVSTR":"BELLEVILLE","CHAMBN":"MAIN","CHB1":"M","STR1":"L","PMSNAME":"BELLEVILLE LOCKS & DAM","STATUS":"1","RIVER":"OHIO","RIVERMI":203.9,"BANK":"R","LIFT":22,"LENGTH":1200,"CHMBUL":1200,"WIDTH":110,"CHMBUW":110,"AUDPA":9,"AUDPB":9,"UPDPTHMS":37,"LWDPTHMS":15,"YEAROPEN":1969,"GATETYPE":"Miter","GATE":"1","CHNLGTH":36,"CHNDPTHA":9,"CHNDPTHB":9,"CHNWDTHA":300,"CHNWDTHB":300,"WWPRJCT":"OHIO RIVER","MOORING":"Y","MULTI":"NRCP","DIVISION":"LRD","DISTRICT":"LRH","STATE":"OH","MAINT1":"1","OPER1":"1","OWNER1":"1","TOWN":"Reedsville","COUNTY1":"MEIGS","MOORING_R":"2 CELLS ABOVE, 1/4 MILE ABOVE","SE_ANNO_CAD_DATA":""}},{"type":"Feature","id":193,"geometry":{"type":"Point","coordinates":[-81.321249999887,39.3604359998224]},"properties":{"OBJECTID":193,"ID":193,"NDCCODE":"4282060601","REGION":"IN","RIVERCD":"OH","LOCKCD":"72","CHMBCD":"2","NOCHMB":2,"PMSDATA":"Y","NAVSTR":"WILLOW ISLAND","CHAMBN":"MAIN","CHB1":"M","STR1":"L","PMSNAME":"WILLOW ISLAND LOCKS & DAM","STATUS":"1","RIVER":"OHIO","RIVERMI":161.70000000000002,"BANK":"R","LIFT":20,"LENGTH":1200,"CHMBUL":1200,"WIDTH":110,"CHMBUW":110,"AUDPA":9,"AUDPB":9,"UPDPTHMS":35,"LWDPTHMS":15,"YEAROPEN":1972,"GATETYPE":"Miter","GATE":"1","CHNLGTH":35,"CHNDPTHA":9,"CHNDPTHB":9,"CHNWDTHA":300,"CHNWDTHB":300,"WWPRJCT":"OHIO RIVER","MOORING":"Y","MULTI":"NRCP","DIVISION":"LRD","DISTRICT":"LRH","STATE":"OH","MAINT1":"1","OPER1":"1","OWNER1":"1","TOWN":"NEWPORT","COUNTY1":"WASHINGTON","MOORING_R":"2 MOORING CELLS ABOVE","SE_ANNO_CAD_DATA":""}},{"type":"Feature","id":194,"geometry":{"type":"Point","coordinates":[-80.8658229996311,39.665275000242]},"properties":{"OBJECTID":194,"ID":194,"NDCCODE":"4385560601","REGION":"IN","RIVERCD":"OH","LOCKCD":"71","CHMBCD":"1","NOCHMB":2,"PMSDATA":"Y","NAVSTR":"HANNIBAL","CHAMBN":"MAIN","CHB1":"M","STR1":"L","PMSNAME":"HANNIBAL LOCKS & DAM","STATUS":"1","RIVER":"OHIO","RIVERMI":126.4,"BANK":"R","LIFT":21,"LENGTH":1200,"CHMBUL":1200,"WIDTH":110,"CHMBUW":110,"AUDPA":9,"AUDPB":9,"UPDPTHMS":38,"LWDPTHMS":17,"YEAROPEN":1973,"GATETYPE":"Miter","GATE":"1","CHNLGTH":36,"CHNDPTHA":9,"CHNDPTHB":9,"CHNWDTHA":300,"CHNWDTHB":300,"WWPRJCT":"OHIO RIVER","MOORING":"Y","MULTI":"NP","DIVISION":"LRD","DISTRICT":"LRP","STATE":"OH","MAINT1":"1","OPER1":"1","OWNER1":"1","TOWN":"HANNIBAL","COUNTY1":"MONROE","MOORING_R":"3 MOORING CELLS ABOVE, 2 LOWER","SE_ANNO_CAD_DATA":""}},{"type":"Feature","id":195,"geometry":{"type":"Point","coordinates":[-80.0492769999329,39.5650809995894]},"properties":{"OBJECTID":195,"ID":195,"NDCCODE":"4311530601","REGION":"IN","RIVERCD":"MN","LOCKCD":"31","CHMBCD":"1","NOCHMB":1,"PMSDATA":"Y","NAVSTR":"OPEKISKA","CHAMBN":"MAIN","CHB1":"M","STR1":"L","PMSNAME":"OPEKISKA LOCK & DAM","STATUS":"1","RIVER":"MONONGAHELA","RIVERMI":115.4,"BANK":"R","LIFT":22,"LENGTH":600,"CHMBUL":600,"WIDTH":84,"CHMBUW":84,"AUDPA":9,"AUDPB":9,"UPDPTHMS":18,"LWDPTHMS":14,"YEAROPEN":1964,"GATETYPE":"Miter","GATE":"1","CHNLGTH":7,"CHNDPTHA":9,"CHNDPTHB":9,"CHNWDTHA":300,"CHNWDTHB":300,"WWPRJCT":"MONONGAHELA RIVER","MOORING":"N","MULTI":"N","DIVISION":"LRD","DISTRICT":"LRP","STATE":"WV","MAINT1":"1","OPER1":"1","OWNER1":"1","TOWN":"Opekiska","COUNTY1":"MONOGALIA","MOORING_R":"NONE","SE_ANNO_CAD_DATA":""}},{"type":"Feature","id":196,"geometry":{"type":"Point","coordinates":[-80.0113609997097,39.5821050004463]},"properties":{"OBJECTID":196,"ID":196,"NDCCODE":"4310800601","REGION":"IN","RIVERCD":"MN","LOCKCD":"30","CHMBCD":"1","NOCHMB":1,"PMSDATA":"Y","NAVSTR":"HILDEBRAND","CHAMBN":"MAIN","CHB1":"M","STR1":"L","PMSNAME":"HILDEBRAND LOCK & DAM","STATUS":"1","RIVER":"MONONGAHELA","RIVERMI":108,"BANK":"L","LIFT":21,"LENGTH":600,"CHMBUL":600,"WIDTH":84,"CHMBUW":84,"AUDPA":9,"AUDPB":9,"UPDPTHMS":14,"LWDPTHMS":15,"YEAROPEN":1959,"GATETYPE":"Miter","GATE":"1","CHNLGTH":7,"CHNDPTHA":9,"CHNDPTHB":9,"CHNWDTHA":300,"CHNWDTHB":300,"WWPRJCT":"MONONGAHELA RIVER","MOORING":"Y","MULTI":"N","DIVISION":"LRD","DISTRICT":"LRP","STATE":"WV","MAINT1":"1","OPER1":"1","OWNER1":"1","TOWN":"Morgantown","COUNTY1":"MONOGALIA","MOORING_R":"2 UPPER, 2 LOWER","SE_ANNO_CAD_DATA":""}},{"type":"Feature","id":197,"geometry":{"type":"Point","coordinates":[-79.9690979995723,39.6208490001821]},"properties":{"OBJECTID":197,"ID":197,"NDCCODE":"4310200601","REGION":"IN","RIVERCD":"MN","LOCKCD":"29","CHMBCD":"1","NOCHMB":1,"PMSDATA":"Y","NAVSTR":"MORGANTOWN","CHAMBN":"MAIN","CHB1":"M","STR1":"L","PMSNAME":"MORGANTOWN LOCK & DAM","STATUS":"1","RIVER":"MONONGAHELA","RIVERMI":102,"BANK":"L","LIFT":17,"LENGTH":600,"CHMBUL":600,"WIDTH":84,"CHMBUW":84,"AUDPA":9,"AUDPB":9,"UPDPTHMS":17,"LWDPTHMS":14,"YEAROPEN":1950,"GATETYPE":"Miter","GATE":"1","CHNLGTH":6,"CHNDPTHA":9,"CHNDPTHB":9,"CHNWDTHA":300,"CHNWDTHB":300,"WWPRJCT":"MONONGAHELA RIVER","MOORING":"Y","MULTI":"N","DIVISION":"LRD","DISTRICT":"LRP","STATE":"WV","MAINT1":"1","OPER1":"1","OWNER1":"1","TOWN":"Morgantown","COUNTY1":"MONOGALIA","MOORING_R":"1 UPPER","SE_ANNO_CAD_DATA":""}},{"type":"Feature","id":198,"geometry":{"type":"Point","coordinates":[-79.9129070001572,39.7267860003745]},"properties":{"OBJECTID":198,"ID":198,"NDCCODE":"4309080601","REGION":"IN","RIVERCD":"MN","LOCKCD":"28","CHMBCD":"1","NOCHMB":1,"PMSDATA":"Y","NAVSTR":"POINT MARION","CHAMBN":"MAIN","CHB1":"M","STR1":"L","PMSNAME":"POINT MARION","STATUS":"1","RIVER":"MONONGAHELA","RIVERMI":90.8,"BANK":"L","LIFT":19,"LENGTH":720,"CHMBUL":720,"WIDTH":84,"CHMBUW":84,"AUDPA":9,"AUDPB":9,"UPDPTHMS":16,"LWDPTHMS":35,"YEAROPEN":1994,"GATETYPE":"Miter","GATE":"1","CHNLGTH":11,"CHNDPTHA":9,"CHNDPTHB":9,"CHNWDTHA":300,"CHNWDTHB":300,"WWPRJCT":"MONONGAHELA RIVER","MOORING":"Y","MULTI":"N","DIVISION":"LRD","DISTRICT":"LRP","STATE":"PA","MAINT1":"1","OPER1":"1","OWNER1":"1","TOWN":"Point Marion","COUNTY1":"GREENE","MOORING_R":"3 Upper cells, 1 Lower cell","SE_ANNO_CAD_DATA":""}},{"type":"Feature","id":199,"geometry":{"type":"Point","coordinates":[-85.6204349995749,35.0050310002813]},"properties":{"OBJECTID":199,"ID":199,"NDCCODE":"4542470601","REGION":"IN","RIVERCD":"TN","LOCKCD":"06","CHMBCD":"1","NOCHMB":1,"PMSDATA":"Y","NAVSTR":"NICKAJACK","CHAMBN":"AUXILLARY","CHB1":"A","STR1":"L","PMSNAME":"NICKAJAC LOCK","STATUS":"1","RIVER":"TENNESSEE","RIVERMI":424.7,"BANK":"R","LIFT":39,"LENGTH":600,"CHMBUL":600,"WIDTH":110,"CHMBUW":110,"AUDPA":9,"AUDPB":9,"UPDPTHMS":13,"LWDPTHMS":11,"YEAROPEN":1967,"GATETYPE":"Miter","GATE":"1","CHNLGTH":46,"CHNDPTHA":9,"CHNDPTHB":9,"CHNWDTHA":300,"CHNWDTHB":300,"WWPRJCT":"TENNESSEE RIVER, TN, AL, & KY","MOORING":"Y","MULTI":"NPRF","DIVISION":"LRD","DISTRICT":"LRN","STATE":"TN","MAINT1":"1","OPER1":"1","OWNER1":"2","TOWN":"JASPER","COUNTY1":"MARION","MOORING_R":"4 CELLS, 2 UP, 2 DN","SE_ANNO_CAD_DATA":""}},{"type":"Feature","id":200,"geometry":{"type":"Point","coordinates":[-79.9208810000575,39.8247360000673]},"properties":{"OBJECTID":200,"ID":200,"NDCCODE":"4308190601","REGION":"IN","RIVERCD":"MN","LOCKCD":"26","CHMBCD":"1","NOCHMB":1,"PMSDATA":"Y","NAVSTR":"GRAYS LANDING","CHAMBN":"MAIN","CHB1":"M","STR1":"L","PMSNAME":"LOCK & DAM 7","STATUS":"1","RIVER":"MONONGAHELA","RIVERMI":82,"BANK":"R","LIFT":15,"LENGTH":720,"CHMBUL":720,"WIDTH":84,"CHMBUW":84,"AUDPA":9,"AUDPB":9,"UPDPTHMS":27,"LWDPTHMS":18,"YEAROPEN":1993,"GATETYPE":"Miter","GATE":"1","CHNLGTH":21,"CHNDPTHA":9,"CHNDPTHB":9,"CHNWDTHA":300,"CHNWDTHB":300,"WWPRJCT":"MONONGAHELA RIVER","MOORING":"Y","MULTI":"N","DIVISION":"LRD","DISTRICT":"LRP","STATE":"PA","MAINT1":"1","OPER1":"1","OWNER1":"1","TOWN":"Grays Landing","COUNTY1":"FAYETTE","MOORING_R":"2 Upper cells, 1 Lower cell","SE_ANNO_CAD_DATA":""}},{"type":"Feature","id":201,"geometry":{"type":"Point","coordinates":[-80.7011220000796,40.1483700002762]},"properties":{"OBJECTID":201,"ID":201,"NDCCODE":"4389680601","REGION":"IN","RIVERCD":"OH","LOCKCD":"05","CHMBCD":"1","NOCHMB":2,"PMSDATA":"Y","NAVSTR":"PIKE ISLAND","CHAMBN":"MAIN","CHB1":"M","STR1":"L","PMSNAME":"PIKE ISLAND LOCK & DAM","STATUS":"1","RIVER":"OHIO","RIVERMI":84.2,"BANK":"L","LIFT":18,"LENGTH":1200,"CHMBUL":1200,"WIDTH":110,"CHMBUW":110,"AUDPA":9,"AUDPB":9,"UPDPTHMS":17,"LWDPTHMS":18,"YEAROPEN":1965,"GATETYPE":"Miter","GATE":"1","CHNLGTH":30,"CHNDPTHA":9,"CHNDPTHB":9,"CHNWDTHA":300,"CHNWDTHB":300,"WWPRJCT":"OHIO RIVER","MOORING":"Y","MULTI":"N","DIVISION":"LRD","DISTRICT":"LRP","STATE":"WV","MAINT1":"1","OPER1":"1","OWNER1":"1","TOWN":"Warwood","COUNTY1":"OHIO","MOORING_R":"3 UPPER, 1 LOWER","SE_ANNO_CAD_DATA":""}},{"type":"Feature","id":202,"geometry":{"type":"Point","coordinates":[-80.6275149997168,40.5262059999079]},"properties":{"OBJECTID":202,"ID":202,"NDCCODE":"4392790601","REGION":"IN","RIVERCD":"OH","LOCKCD":"04","CHMBCD":"1","NOCHMB":2,"PMSDATA":"Y","NAVSTR":"NEW CUMBERLAND","CHAMBN":"MAIN","CHB1":"M","STR1":"L","PMSNAME":"NEW CUMBERLAND LOCK & DAM","STATUS":"1","RIVER":"OHIO","RIVERMI":54.4,"BANK":"R","LIFT":21,"LENGTH":1200,"CHMBUL":1200,"WIDTH":110,"CHMBUW":110,"AUDPA":9,"AUDPB":9,"UPDPTHMS":17,"LWDPTHMS":15,"YEAROPEN":1959,"GATETYPE":"Miter","GATE":"1","CHNLGTH":23,"CHNDPTHA":9,"CHNDPTHB":9,"CHNWDTHA":300,"CHNWDTHB":300,"WWPRJCT":"OHIO RIVER","MOORING":"Y","MULTI":"N","DIVISION":"LRD","DISTRICT":"LRP","STATE":"OH","MAINT1":"1","OPER1":"1","OWNER1":"1","TOWN":"Stratton","COUNTY1":"JEFFERSON","MOORING_R":"2 UPPER, 2 LOWER","SE_ANNO_CAD_DATA":""}},{"type":"Feature","id":203,"geometry":{"type":"Point","coordinates":[-80.3852429995641,40.6484949996454]},"properties":{"OBJECTID":203,"ID":203,"NDCCODE":"4395030601","REGION":"IN","RIVERCD":"OH","LOCKCD":"03","CHMBCD":"1","NOCHMB":2,"PMSDATA":"Y","NAVSTR":"MONTGOMERY","CHAMBN":"MAIN","CHB1":"M","STR1":"L","PMSNAME":"MONTGOMERY LOCK & DAM","STATUS":"1","RIVER":"OHIO","RIVERMI":31.7,"BANK":"L","LIFT":18,"LENGTH":600,"CHMBUL":600,"WIDTH":110,"CHMBUW":110,"AUDPA":9,"AUDPB":9,"UPDPTHMS":16,"LWDPTHMS":15,"YEAROPEN":1936,"GATETYPE":"Miter","GATE":"1","CHNLGTH":18,"CHNDPTHA":9,"CHNDPTHB":9,"CHNWDTHA":300,"CHNWDTHB":300,"WWPRJCT":"OHIO RIVER","MOORING":"Y","MULTI":"N","DIVISION":"LRD","DISTRICT":"LRP","STATE":"PA","MAINT1":"1","OPER1":"1","OWNER1":"1","TOWN":"Monaca","COUNTY1":"BEAVER","MOORING_R":"2 Lower, 3 Upper","SE_ANNO_CAD_DATA":""}},{"type":"Feature","id":204,"geometry":{"type":"Point","coordinates":[-79.9601610002293,40.0006870004057]},"properties":{"OBJECTID":204,"ID":204,"NDCCODE":"4306120601","REGION":"IN","RIVERCD":"MN","LOCKCD":"25","CHMBCD":"1","NOCHMB":2,"PMSDATA":"Y","NAVSTR":"MAXWELL","CHAMBN":"MAIN","CHB1":"M","STR1":"L","PMSNAME":"MAXWELL LOCK & DAM","STATUS":"1","RIVER":"MONONGAHELA","RIVERMI":61.2,"BANK":"R","LIFT":20,"LENGTH":720,"CHMBUL":720,"WIDTH":84,"CHMBUW":84,"AUDPA":9,"AUDPB":9,"UPDPTHMS":20,"LWDPTHMS":14,"YEAROPEN":1963,"GATETYPE":"Miter","GATE":"1","CHNLGTH":24,"CHNDPTHA":9,"CHNDPTHB":9,"CHNWDTHA":300,"CHNWDTHB":300,"WWPRJCT":"MONONGAHELA RIVER","MOORING":"Y","MULTI":"N","DIVISION":"LRD","DISTRICT":"LRP","STATE":"PA","MAINT1":"1","OPER1":"1","OWNER1":"1","TOWN":"Maxwell","COUNTY1":"FAYETTE","MOORING_R":"3 UPPER, 1 LOWER","SE_ANNO_CAD_DATA":""}},{"type":"Feature","id":205,"geometry":{"type":"Point","coordinates":[-79.8991830003945,40.1470050002815]},"properties":{"OBJECTID":205,"ID":205,"NDCCODE":"4304150601","REGION":"IN","RIVERCD":"MN","LOCKCD":"24","CHMBCD":"1","NOCHMB":2,"PMSDATA":"Y","NAVSTR":" 4","CHAMBN":"MAIN","CHB1":"M","STR1":"L","PMSNAME":"LOCK & DAM 4","STATUS":"1","RIVER":"MONONGAHELA","RIVERMI":41.5,"BANK":"R","LIFT":17,"LENGTH":720,"CHMBUL":720,"WIDTH":56,"CHMBUW":56,"AUDPA":9,"AUDPB":9,"UPDPTHMS":20,"LWDPTHMS":10,"YEAROPEN":1932,"GATETYPE":"Miter","GATE":"1","CHNLGTH":20,"CHNDPTHA":9,"CHNDPTHB":9,"CHNWDTHA":300,"CHNWDTHB":300,"WWPRJCT":"MONONGAHELA RIVER","MOORING":"Y","MULTI":"N","DIVISION":"LRD","DISTRICT":"LRP","STATE":"PA","MAINT1":"1","OPER1":"1","OWNER1":"1","TOWN":"Monessen","COUNTY1":"WESTMORELAND","MOORING_R":"2 UPPER, 2 LOWER","SE_ANNO_CAD_DATA":""}},{"type":"Feature","id":206,"geometry":{"type":"Point","coordinates":[-79.8988310003497,40.2644970000374]},"properties":{"OBJECTID":206,"ID":206,"NDCCODE":"4302380601","REGION":"IN","RIVERCD":"MN","LOCKCD":"23","CHMBCD":"1","NOCHMB":2,"PMSDATA":"Y","NAVSTR":" 3","CHAMBN":"MAIN","CHB1":"M","STR1":"L","PMSNAME":"LOCK & DAM 3","STATUS":"1","RIVER":"MONONGAHELA","RIVERMI":23.8,"BANK":"R","LIFT":8,"LENGTH":720,"CHMBUL":720,"WIDTH":56,"CHMBUW":56,"AUDPA":9,"AUDPB":9,"UPDPTHMS":11,"LWDPTHMS":11,"YEAROPEN":1907,"GATETYPE":"Miter","GATE":"1","CHNLGTH":18,"CHNDPTHA":9,"CHNDPTHB":9,"CHNWDTHA":300,"CHNWDTHB":300,"WWPRJCT":"MONONGAHELA RIVER","MOORING":"Y","MULTI":"N","DIVISION":"LRD","DISTRICT":"LRP","STATE":"PA","MAINT1":"1","OPER1":"1","OWNER1":"1","TOWN":"Elizabeth","COUNTY1":"ALLEGHENY","MOORING_R":"2 UPPER","SE_ANNO_CAD_DATA":""}},{"type":"Feature","id":207,"geometry":{"type":"Point","coordinates":[-80.2059180001149,40.5489740003507]},"properties":{"OBJECTID":207,"ID":207,"NDCCODE":"4396870601","REGION":"IN","RIVERCD":"OH","LOCKCD":"02","CHMBCD":"1","NOCHMB":2,"PMSDATA":"Y","NAVSTR":"DASHIELDS","CHAMBN":"MAIN","CHB1":"M","STR1":"L","PMSNAME":"DASHIELDS LOCK & DAM","STATUS":"1","RIVER":"OHIO","RIVERMI":13.3,"BANK":"L","LIFT":10,"LENGTH":600,"CHMBUL":600,"WIDTH":110,"CHMBUW":110,"AUDPA":9,"AUDPB":9,"UPDPTHMS":13,"LWDPTHMS":18,"YEAROPEN":1929,"GATETYPE":"Miter","GATE":"1","CHNLGTH":7,"CHNDPTHA":9,"CHNDPTHB":9,"CHNWDTHA":300,"CHNWDTHB":300,"WWPRJCT":"OHIO RIVER","MOORING":"Y","MULTI":"N","DIVISION":"LRD","DISTRICT":"LRP","STATE":"PA","MAINT1":"1","OPER1":"1","OWNER1":"1","TOWN":"Glenwillard","COUNTY1":"ALLEGHENY","MOORING_R":"1 Lower, 3 Upper","SE_ANNO_CAD_DATA":""}},{"type":"Feature","id":208,"geometry":{"type":"Point","coordinates":[-80.0886760001966,40.504722000221]},"properties":{"OBJECTID":208,"ID":208,"NDCCODE":"4397480001","REGION":"IN","RIVERCD":"OH","LOCKCD":"01","CHMBCD":"1","NOCHMB":2,"PMSDATA":"Y","NAVSTR":"EMSWORTH","CHAMBN":"MAIN","CHB1":"M","STR1":"L","PMSNAME":"EMSWORTH LOCK & DAM","STATUS":"1","RIVER":"OHIO","RIVERMI":6.2,"BANK":"R","LIFT":18,"LENGTH":600,"CHMBUL":600,"WIDTH":110,"CHMBUW":110,"AUDPA":9,"AUDPB":9,"UPDPTHMS":17,"LWDPTHMS":13,"YEAROPEN":1921,"GATETYPE":"Miter","GATE":"1","CHNLGTH":6,"CHNDPTHA":9,"CHNDPTHB":9,"CHNWDTHA":300,"CHNWDTHB":300,"WWPRJCT":"OHIO RIVER","MOORING":"Y","MULTI":"N","DIVISION":"LRD","DISTRICT":"LRP","STATE":"PA","MAINT1":"1","OPER1":"1","OWNER1":"1","TOWN":"Emsworth","COUNTY1":"ALLEGHENY","MOORING_R":"3 UPPER, 3 LOWER","SE_ANNO_CAD_DATA":""}},{"type":"Feature","id":209,"geometry":{"type":"Point","coordinates":[-79.911324000002,40.4905100004371]},"properties":{"OBJECTID":209,"ID":209,"NDCCODE":"4320670201","REGION":"IN","RIVERCD":"AG","LOCKCD":"42","CHMBCD":"1","NOCHMB":1,"PMSDATA":"Y","NAVSTR":" 2","CHAMBN":"MAIN","CHB1":"M","STR1":"L","PMSNAME":"LOCK & DAM 2","STATUS":"1","RIVER":"ALLEGHENY","RIVERMI":6.7,"BANK":"L","LIFT":11,"LENGTH":360,"CHMBUL":360,"WIDTH":56,"CHMBUW":56,"AUDPA":9,"AUDPB":9,"UPDPTHMS":11,"LWDPTHMS":12,"YEAROPEN":1934,"GATETYPE":"Miter","GATE":"1","CHNLGTH":8,"CHNDPTHA":9,"CHNDPTHB":9,"CHNWDTHA":200,"CHNWDTHB":200,"WWPRJCT":"ALLEGHENY","MOORING":"Y","MULTI":"N","DIVISION":"LRD","DISTRICT":"LRP","STATE":"PA","MAINT1":"1","OPER1":"1","OWNER1":"1","TOWN":"Aspinwall","COUNTY1":"ALLEGHENY","MOORING_R":"1 LOWER, 3 UPPER","SE_ANNO_CAD_DATA":""}},{"type":"Feature","id":210,"geometry":{"type":"Point","coordinates":[-79.8589759997419,40.3917460000787]},"properties":{"OBJECTID":210,"ID":210,"NDCCODE":"4301120601","REGION":"IN","RIVERCD":"MN","LOCKCD":"22","CHMBCD":"1","NOCHMB":2,"PMSDATA":"Y","NAVSTR":" 2","CHAMBN":"MAIN","CHB1":"M","STR1":"L","PMSNAME":"LOCK & DAM 2","STATUS":"1","RIVER":"MONONGAHELA","RIVERMI":11.200000000000001,"BANK":"R","LIFT":9,"LENGTH":720,"CHMBUL":720,"WIDTH":110,"CHMBUW":110,"AUDPA":9,"AUDPB":9,"UPDPTHMS":15,"LWDPTHMS":16,"YEAROPEN":1905,"GATETYPE":"Miter","GATE":"1","CHNLGTH":13,"CHNDPTHA":9,"CHNDPTHB":9,"CHNWDTHA":300,"CHNWDTHB":300,"WWPRJCT":"MONONGAHELA RIVER","MOORING":"Y","MULTI":"N","DIVISION":"LRD","DISTRICT":"LRP","STATE":"PA","MAINT1":"1","OPER1":"1","OWNER1":"1","TOWN":"Braddock","COUNTY1":"ALLEGHENY","MOORING_R":"2 Upper cells, 1 Lower cell","SE_ANNO_CAD_DATA":""}},{"type":"Feature","id":211,"geometry":{"type":"Point","coordinates":[-79.9154939998476,40.4877770003092]},"properties":{"OBJECTID":211,"ID":211,"NDCCODE":"4321450601","REGION":"IN","RIVERCD":"AG","LOCKCD":"43","CHMBCD":"1","NOCHMB":1,"PMSDATA":"Y","NAVSTR":" 3","CHAMBN":"MAIN","CHB1":"M","STR1":"L","PMSNAME":"LOCK & DAM 3","STATUS":"1","RIVER":"ALLEGHENY","RIVERMI":14.5,"BANK":"L","LIFT":14,"LENGTH":360,"CHMBUL":360,"WIDTH":56,"CHMBUW":56,"AUDPA":9,"AUDPB":9,"UPDPTHMS":12,"LWDPTHMS":11,"YEAROPEN":1934,"GATETYPE":"Miter","GATE":"1","CHNLGTH":10,"CHNDPTHA":9,"CHNDPTHB":9,"CHNWDTHA":200,"CHNWDTHB":200,"WWPRJCT":"ALLEGHENY","MOORING":"Y","MULTI":"N","DIVISION":"LRD","DISTRICT":"LRP","STATE":"PA","MAINT1":"1","OPER1":"1","OWNER1":"1","TOWN":"Cheswick","COUNTY1":"ALLEGHENY","MOORING_R":"1 UPPER, 2 LOWER","SE_ANNO_CAD_DATA":""}},{"type":"Feature","id":212,"geometry":{"type":"Point","coordinates":[-79.7188670002112,40.6139130002857]},"properties":{"OBJECTID":212,"ID":212,"NDCCODE":"4322420601","REGION":"IN","RIVERCD":"AG","LOCKCD":"44","CHMBCD":"1","NOCHMB":1,"PMSDATA":"Y","NAVSTR":" 4","CHAMBN":"MAIN","CHB1":"M","STR1":"L","PMSNAME":"LOCK & DAM 4","STATUS":"1","RIVER":"ALLEGHENY","RIVERMI":24.2,"BANK":"R","LIFT":11,"LENGTH":360,"CHMBUL":360,"WIDTH":56,"CHMBUW":56,"AUDPA":9,"AUDPB":9,"UPDPTHMS":9,"LWDPTHMS":10,"YEAROPEN":1927,"GATETYPE":"Miter","GATE":"1","CHNLGTH":6,"CHNDPTHA":9,"CHNDPTHB":9,"CHNWDTHA":200,"CHNWDTHB":200,"WWPRJCT":"ALLEGHENY","MOORING":"Y","MULTI":"N","DIVISION":"LRD","DISTRICT":"LRP","STATE":"PA","MAINT1":"1","OPER1":"1","OWNER1":"1","TOWN":"Natrona","COUNTY1":"ALLEGHENY","MOORING_R":"1 LOWER,  1 UPPER","SE_ANNO_CAD_DATA":""}},{"type":"Feature","id":213,"geometry":{"type":"Point","coordinates":[-78.8217490000157,34.8353759998034]},"properties":{"OBJECTID":213,"ID":213,"NDCCODE":"1183387101","REGION":"AT","RIVERCD":"FR","LOCKCD":"03","CHMBCD":"1","NOCHMB":1,"PMSDATA":"N","NAVSTR":"WILLIAM O. HUSKE","CHAMBN":"MAIN","CHB1":"M","STR1":"L","PMSNAME":"WILLIAM O. HUSKE LOCK & DAM","STATUS":"1","RIVER":"CAPE FEAR","RIVERMI":95,"BANK":"R","LIFT":9,"LENGTH":300,"CHMBUL":300,"WIDTH":40,"CHMBUW":40,"AUDPA":8,"AUDPB":8,"UPDPTHMS":9,"LWDPTHMS":9,"YEAROPEN":1935,"GATETYPE":"Miter","GATE":"1","CHNLGTH":20,"CHNDPTHA":8,"CHNDPTHB":8,"CHNWDTHA":100,"CHNWDTHB":100,"WWPRJCT":"CAPE FEAR RIVER","MOORING":"Y","MULTI":"N","DIVISION":"SAD","DISTRICT":"SAW","STATE":"NC","MAINT1":"1","OPER1":"1","OWNER1":"1","TOWN":"Tolars Landing","COUNTY1":"BLADEN","MOORING_R":"8 sets cluster piling/ 9 sets coffer cells/ & 1 fender system.","SE_ANNO_CAD_DATA":""}},{"type":"Feature","id":214,"geometry":{"type":"Point","coordinates":[-78.2935999997395,34.4042220001461]},"properties":{"OBJECTID":214,"ID":214,"NDCCODE":"1183396001","REGION":"AT","RIVERCD":"FR","LOCKCD":"01","CHMBCD":"1","NOCHMB":1,"PMSDATA":"N","NAVSTR":" 1","CHAMBN":"MAIN","CHB1":"M","STR1":"L","PMSNAME":"LOCK & DAM 1","STATUS":"1","RIVER":"CAPE FEAR","RIVERMI":39,"BANK":"R","LIFT":11,"LENGTH":200,"CHMBUL":200,"WIDTH":40,"CHMBUW":40,"AUDPA":8,"AUDPB":8,"UPDPTHMS":9,"LWDPTHMS":9,"YEAROPEN":1915,"GATETYPE":"Miter","GATE":"1","CHNLGTH":32,"CHNDPTHA":8,"CHNDPTHB":8,"CHNWDTHA":100,"CHNWDTHB":100,"WWPRJCT":"CAPE FEAR RIVER","MOORING":"Y","MULTI":"N","DIVISION":"SAD","DISTRICT":"SAW","STATE":"NC","MAINT1":"1","OPER1":"1","OWNER1":"1","TOWN":"Kings Bluff","COUNTY1":"BLADEN","MOORING_R":"8 sets cluster piling/ 9 sets coffer cells/ & fender system.","SE_ANNO_CAD_DATA":""}},{"type":"Feature","id":215,"geometry":{"type":"Point","coordinates":[-78.5770999999644,34.6252839997577]},"properties":{"OBJECTID":215,"ID":215,"NDCCODE":"1183391001","REGION":"AT","RIVERCD":"FR","LOCKCD":"02","CHMBCD":"1","NOCHMB":1,"PMSDATA":"N","NAVSTR":" 2","CHAMBN":"MAIN","CHB1":"M","STR1":"L","PMSNAME":"LOCK & DAM 2","STATUS":"1","RIVER":"CAPE FEAR","RIVERMI":71,"BANK":"R","LIFT":9,"LENGTH":200,"CHMBUL":200,"WIDTH":40,"CHMBUW":40,"AUDPA":8,"AUDPB":8,"UPDPTHMS":12,"LWDPTHMS":12,"YEAROPEN":1917,"GATETYPE":"Miter","GATE":"1","CHNLGTH":24,"CHNDPTHA":8,"CHNDPTHB":8,"CHNWDTHA":100,"CHNWDTHB":100,"WWPRJCT":"CAPE FEAR RIVER","MOORING":"Y","MULTI":"N","DIVISION":"SAD","DISTRICT":"SAW","STATE":"NC","MAINT1":"1","OPER1":"1","OWNER1":"1","TOWN":"Browns Landing","COUNTY1":"BLADEN","MOORING_R":"9 sets cluster piling/ 9 sets coffer cells/ & 1 fender system.","SE_ANNO_CAD_DATA":""}},{"type":"Feature","id":216,"geometry":{"type":"Point","coordinates":[-76.3242269996757,36.4396589998639]},"properties":{"OBJECTID":216,"ID":216,"NDCCODE":"1082600601","REGION":"AT","RIVERCD":"DS","LOCKCD":"02","CHMBCD":"1","NOCHMB":1,"PMSDATA":"Y","NAVSTR":"SOUTH MILLS","CHAMBN":"MAIN","CHB1":"M","STR1":"L","PMSNAME":"SOUTH MILLS LOCK","STATUS":"1","RIVER":"DISMAL SWAMP CANAL","RIVERMI":33.2,"BANK":"L","LIFT":12,"LENGTH":300,"CHMBUL":300,"WIDTH":52,"CHMBUW":52,"AUDPA":9,"AUDPB":9,"UPDPTHMS":12,"LWDPTHMS":12,"YEAROPEN":1941,"GATETYPE":"Miter","GATE":"1","CHNLGTH":22,"CHNDPTHA":6,"CHNDPTHB":6,"CHNWDTHA":50,"CHNWDTHB":50,"WWPRJCT":"AIWW BETWEEN NORFOLK, VA & ST. JOHNS RIVER, FL","MOORING":"N","MULTI":"N","DIVISION":"NAD","DISTRICT":"NAO","STATE":"NC","MAINT1":"1","OPER1":"7","OWNER1":"1","TOWN":"South Mills","COUNTY1":"CAMDEN","MOORING_R":" ","SE_ANNO_CAD_DATA":""}},{"type":"Feature","id":217,"geometry":{"type":"Point","coordinates":[-76.3393350003093,36.7465149997683]},"properties":{"OBJECTID":217,"ID":217,"NDCCODE":"1080300601","REGION":"AT","RIVERCD":"DS","LOCKCD":"01","CHMBCD":"1","NOCHMB":1,"PMSDATA":"Y","NAVSTR":"DEEP CREEK","CHAMBN":"MAIN","CHB1":"M","STR1":"L","PMSNAME":"DEEP CREEK LOCK","STATUS":"1","RIVER":"DISMAL SWAMP CANAL","RIVERMI":10.6,"BANK":"L","LIFT":12,"LENGTH":300,"CHMBUL":300,"WIDTH":52,"CHMBUW":52,"AUDPA":9,"AUDPB":9,"UPDPTHMS":12,"LWDPTHMS":12,"YEAROPEN":1940,"GATETYPE":"Miter","GATE":"1","CHNLGTH":22,"CHNDPTHA":50,"CHNDPTHB":50,"CHNWDTHA":50,"CHNWDTHB":50,"WWPRJCT":"AIWW BETWEEN NORFOLK, VA & ST. JOHNS RIVER, FL","MOORING":"N","MULTI":"N","DIVISION":"NAD","DISTRICT":"NAO","STATE":"VA","MAINT1":"1","OPER1":"7","OWNER1":"1","TOWN":"Chesapeake","COUNTY1":"CHESAPEAKE","MOORING_R":" ","SE_ANNO_CAD_DATA":""}},{"type":"Feature","id":218,"geometry":{"type":"Point","coordinates":[-76.2475249995784,36.7236549995795]},"properties":{"OBJECTID":218,"ID":218,"NDCCODE":"1050500601","REGION":"AT","RIVERCD":"AI","LOCKCD":"11","CHMBCD":"1","NOCHMB":1,"PMSDATA":"Y","NAVSTR":"GREAT BRIDGE","CHAMBN":"MAIN","CHB1":"M","STR1":"L","PMSNAME":"GREAT BRIDGE GUARD LOCK","STATUS":"1","RIVER":"ALBEMARLE & CHESAPEAKE CANAL","RIVERMI":12.200000000000001,"BANK":"L","LIFT":3,"LENGTH":600,"CHMBUL":530,"WIDTH":72,"CHMBUW":75,"AUDPA":12,"AUDPB":12,"UPDPTHMS":16,"LWDPTHMS":16,"YEAROPEN":1932,"GATETYPE":"Miter","GATE":"1","CHNLGTH":6,"CHNDPTHA":12,"CHNDPTHB":12,"CHNWDTHA":200,"CHNWDTHB":200,"WWPRJCT":"AIWW BETWEEN NORFOLK, VA & ST. JOHNS RIVER, FL","MOORING":"N","MULTI":"N","DIVISION":"NAD","DISTRICT":"NAO","STATE":"VA","MAINT1":"1","OPER1":"7","OWNER1":"1","TOWN":"Chesapeake","COUNTY1":"CHESAPEAKE","MOORING_R":"NONE","SE_ANNO_CAD_DATA":""}},{"type":"Feature","id":219,"geometry":{"type":"Point","coordinates":[-79.6676699999699,40.6841010003618]},"properties":{"OBJECTID":219,"ID":219,"NDCCODE":"4323040601","REGION":"IN","RIVERCD":"AG","LOCKCD":"45","CHMBCD":"1","NOCHMB":1,"PMSDATA":"Y","NAVSTR":" 5","CHAMBN":"MAIN","CHB1":"M","STR1":"L","PMSNAME":"LOCK & DAM 5","STATUS":"2","RIVER":"ALLEGHENY","RIVERMI":30.400000000000002,"BANK":"R","LIFT":12,"LENGTH":360,"CHMBUL":360,"WIDTH":56,"CHMBUW":56,"AUDPA":9,"AUDPB":9,"UPDPTHMS":10,"LWDPTHMS":11,"YEAROPEN":1927,"GATETYPE":"Miter","GATE":"1","CHNLGTH":6,"CHNDPTHA":9,"CHNDPTHB":9,"CHNWDTHA":200,"CHNWDTHB":200,"WWPRJCT":"ALLEGHENY","MOORING":"N","MULTI":"NP","DIVISION":"LRD","DISTRICT":"LRP","STATE":"PA","MAINT1":"1","OPER1":"1","OWNER1":"1","TOWN":"Freeport","COUNTY1":"ARMSTRONG","MOORING_R":"NONE","SE_ANNO_CAD_DATA":""}},{"type":"Feature","id":220,"geometry":{"type":"Point","coordinates":[-79.5810660000952,40.7161410003078]},"properties":{"OBJECTID":220,"ID":220,"NDCCODE":"4323630601","REGION":"IN","RIVERCD":"AG","LOCKCD":"46","CHMBCD":"1","NOCHMB":1,"PMSDATA":"Y","NAVSTR":" 6","CHAMBN":"MAIN","CHB1":"M","STR1":"L","PMSNAME":"LOCK & DAM 6","STATUS":"2","RIVER":"ALLEGHENY","RIVERMI":36.300000000000004,"BANK":"R","LIFT":12,"LENGTH":360,"CHMBUL":360,"WIDTH":56,"CHMBUW":56,"AUDPA":9,"AUDPB":9,"UPDPTHMS":11,"LWDPTHMS":11,"YEAROPEN":1928,"GATETYPE":"Miter","GATE":"1","CHNLGTH":9,"CHNDPTHA":9,"CHNDPTHB":9,"CHNWDTHA":200,"CHNWDTHB":200,"WWPRJCT":"ALLEGHENY","MOORING":"N","MULTI":"NP","DIVISION":"LRD","DISTRICT":"LRP","STATE":"PA","MAINT1":"1","OPER1":"1","OWNER1":"1","TOWN":"Clinton","COUNTY1":"ARMSTRONG","MOORING_R":"NONE","SE_ANNO_CAD_DATA":""}},{"type":"Feature","id":221,"geometry":{"type":"Point","coordinates":[-79.5302670002212,40.8189449999127]},"properties":{"OBJECTID":221,"ID":221,"NDCCODE":"4324570601","REGION":"IN","RIVERCD":"AG","LOCKCD":"47","CHMBCD":"1","NOCHMB":1,"PMSDATA":"Y","NAVSTR":" 7","CHAMBN":"MAIN","CHB1":"M","STR1":"L","PMSNAME":"LOCK & DAM 7","STATUS":"2","RIVER":"ALLEGHENY","RIVERMI":45.7,"BANK":"R","LIFT":13,"LENGTH":360,"CHMBUL":360,"WIDTH":56,"CHMBUW":56,"AUDPA":9,"AUDPB":9,"UPDPTHMS":11,"LWDPTHMS":10,"YEAROPEN":1930,"GATETYPE":"Miter","GATE":"1","CHNLGTH":7,"CHNDPTHA":9,"CHNDPTHB":9,"CHNWDTHA":200,"CHNWDTHB":200,"WWPRJCT":"ALLEGHENY","MOORING":"N","MULTI":"N","DIVISION":"LRD","DISTRICT":"LRP","STATE":"PA","MAINT1":"1","OPER1":"1","OWNER1":"1","TOWN":"Kittanning","COUNTY1":"ARMSTRONG","MOORING_R":"NONE","SE_ANNO_CAD_DATA":""}},{"type":"Feature","id":222,"geometry":{"type":"Point","coordinates":[-79.546999000203,40.9564269997072]},"properties":{"OBJECTID":222,"ID":222,"NDCCODE":"4326220601","REGION":"IN","RIVERCD":"AG","LOCKCD":"49","CHMBCD":"1","NOCHMB":1,"PMSDATA":"N","NAVSTR":" 9","CHAMBN":"MAIN","CHB1":"M","STR1":"L","PMSNAME":"LOCK & DAM 9","STATUS":"6","RIVER":"ALLEGHENY","RIVERMI":62.2,"BANK":"L","LIFT":22,"LENGTH":360,"CHMBUL":360,"WIDTH":56,"CHMBUW":56,"AUDPA":9,"AUDPB":9,"UPDPTHMS":11,"LWDPTHMS":11,"YEAROPEN":1938,"GATETYPE":"Miter","GATE":"1","CHNLGTH":10,"CHNDPTHA":9,"CHNDPTHB":9,"CHNWDTHA":200,"CHNWDTHB":200,"WWPRJCT":"ALLEGHENY","MOORING":"Y","MULTI":"NP","DIVISION":"LRD","DISTRICT":"LRP","STATE":"PA","MAINT1":"1","OPER1":"1","OWNER1":"1","TOWN":"Rimer","COUNTY1":"ARMSTRONG","MOORING_R":"1 UPPER","SE_ANNO_CAD_DATA":""}},{"type":"Feature","id":223,"geometry":{"type":"Point","coordinates":[-79.4772339998486,40.8943210000151]},"properties":{"OBJECTID":223,"ID":223,"NDCCODE":"4325260601","REGION":"IN","RIVERCD":"AG","LOCKCD":"48","CHMBCD":"1","NOCHMB":1,"PMSDATA":"N","NAVSTR":" 8","CHAMBN":"MAIN","CHB1":"M","STR1":"L","PMSNAME":"LOCK & DAM 8","STATUS":"6","RIVER":"ALLEGHENY","RIVERMI":52.6,"BANK":"L","LIFT":18,"LENGTH":360,"CHMBUL":360,"WIDTH":56,"CHMBUW":56,"AUDPA":9,"AUDPB":9,"UPDPTHMS":14,"LWDPTHMS":10,"YEAROPEN":1931,"GATETYPE":"Miter","GATE":"1","CHNLGTH":10,"CHNDPTHA":9,"CHNDPTHB":9,"CHNWDTHA":200,"CHNWDTHB":200,"WWPRJCT":"ALLEGHENY","MOORING":"N","MULTI":"NP","DIVISION":"LRD","DISTRICT":"LRP","STATE":"PA","MAINT1":"1","OPER1":"1","OWNER1":"1","TOWN":"Templeton","COUNTY1":"ARMSTRONG","MOORING_R":"NONE","SE_ANNO_CAD_DATA":""}},{"type":"Feature","id":224,"geometry":{"type":"Point","coordinates":[-78.9063959995751,42.9345799999679]},"properties":{"OBJECTID":224,"ID":224,"NDCCODE":"7234630601","REGION":"GL","RIVERCD":"BR","LOCKCD":"01","CHMBCD":"1","NOCHMB":1,"PMSDATA":"Y","NAVSTR":"BLACK ROCK","CHAMBN":"MAIN","CHB1":"M","STR1":"L","PMSNAME":"BLACK ROCK LOCK","STATUS":"1","RIVER":"BLACK ROCK CANAL","RIVERMI":4,"BANK":"R","LIFT":5,"LENGTH":650,"CHMBUL":625,"WIDTH":70,"CHMBUW":68,"AUDPA":27,"AUDPB":27,"UPDPTHMS":22,"LWDPTHMS":22,"YEAROPEN":1914,"GATETYPE":"Miter","GATE":"3","CHNLGTH":6,"CHNDPTHA":21,"CHNDPTHB":21,"CHNWDTHA":200,"CHNWDTHB":200,"WWPRJCT":"BLACK ROCK CHANNEL & TONAWANDA HARBOR","MOORING":"N","MULTI":"N","DIVISION":"LRD","DISTRICT":"LRB","STATE":"NY","MAINT1":"1","OPER1":"1","OWNER1":"1","TOWN":"Buffalo","COUNTY1":"ERIE","MOORING_R":"NONE","SE_ANNO_CAD_DATA":""}},{"type":"Feature","id":225,"geometry":{"type":"Point","coordinates":[-73.6853229995561,42.751471999634]},"properties":{"OBJECTID":225,"ID":225,"NDCCODE":"0314390601","REGION":"AT","RIVERCD":"HU","LOCKCD":"01","CHMBCD":"1","NOCHMB":1,"PMSDATA":"Y","NAVSTR":"TROY","CHAMBN":"MAIN","CHB1":"M","STR1":"L","PMSNAME":"TROY LOCK & DAM","STATUS":"1","RIVER":"HUDSON","RIVERMI":153.8,"BANK":"L","LIFT":17,"LENGTH":520,"CHMBUL":493,"WIDTH":45,"CHMBUW":44,"AUDPA":14,"AUDPB":14,"UPDPTHMS":16,"LWDPTHMS":13,"YEAROPEN":1916,"GATETYPE":"Miter","GATE":"3","CHNLGTH":2,"CHNDPTHA":14,"CHNDPTHB":14,"CHNWDTHA":200,"CHNWDTHB":200,"WWPRJCT":"HUDSON RIVER","MOORING":"L","MULTI":"N","DIVISION":"NAD","DISTRICT":"NAN","STATE":"NY","MAINT1":"1","OPER1":"1","OWNER1":"1","TOWN":"Troy","COUNTY1":"RENSSELEAR","MOORING_R":"NONE","SE_ANNO_CAD_DATA":""}},{"type":"Feature","id":226,"geometry":{"type":"Point","coordinates":[-81.9144810003972,38.5276270001868]},"properties":{"OBJECTID":226,"ID":226,"NDCCODE":"4233110601","REGION":"IN","RIVERCD":"KA","LOCKCD":"01","CHMBCD":"1","NOCHMB":3,"PMSDATA":"Y","NAVSTR":"WINFIELD","CHAMBN":"MAIN1","CHB1":"M","STR1":"L","PMSNAME":"WINFIELD LOCKS & DAM MAIN 1","STATUS":"1","RIVER":"KANAWHA","RIVERMI":31.1,"BANK":"R","LIFT":28,"LENGTH":360,"CHMBUL":360,"WIDTH":56,"CHMBUW":0,"AUDPA":9,"AUDPB":9,"UPDPTHMS":18,"LWDPTHMS":12,"YEAROPEN":1935,"GATETYPE":"Miter","GATE":"1","CHNLGTH":37,"CHNDPTHA":9,"CHNDPTHB":9,"CHNWDTHA":300,"CHNWDTHB":300,"WWPRJCT":"KANAWHA LOCK & DAM, WASHINGTON","MOORING":"Y","MULTI":"NRCP","DIVISION":"LRD","DISTRICT":"LRH","STATE":"WV","MAINT1":"1","OPER1":"1","OWNER1":"1","TOWN":"WINFIELD","COUNTY1":"PUTNAM","MOORING_R":"UPPER & LOWER","SE_ANNO_CAD_DATA":""}},{"type":"Feature","id":227,"geometry":{"type":"Point","coordinates":[-81.5672710002558,38.2549170002203]},"properties":{"OBJECTID":227,"ID":227,"NDCCODE":"4236770601","REGION":"IN","RIVERCD":"KA","LOCKCD":"02","CHMBCD":"1","NOCHMB":3,"PMSDATA":"Y","NAVSTR":"MARMET","CHAMBN":"MAIN1","CHB1":"M","STR1":"L","PMSNAME":"MARMET LOCKS & DAM MAIN 1","STATUS":"1","RIVER":"KANAWHA","RIVERMI":67.7,"BANK":"R","LIFT":24,"LENGTH":360,"CHMBUL":360,"WIDTH":56,"CHMBUW":0,"AUDPA":9,"AUDPB":9,"UPDPTHMS":18,"LWDPTHMS":12,"YEAROPEN":1933,"GATETYPE":"Miter","GATE":"1","CHNLGTH":16,"CHNDPTHA":9,"CHNDPTHB":9,"CHNWDTHA":150,"CHNWDTHB":150,"WWPRJCT":"KANAWHA LOCK & DAM, WASHINGTON","MOORING":"Y","MULTI":"NRCP","DIVISION":"LRD","DISTRICT":"LRH","STATE":"WV","MAINT1":"Y","OPER1":"1","OWNER1":"1","TOWN":"1","COUNTY1":"MARMET","MOORING_R":"KANAWHA","SE_ANNO_CAD_DATA":""}},{"type":"Feature","id":228,"geometry":{"type":"Point","coordinates":[-81.3689580002109,38.1936640002943]},"properties":{"OBJECTID":228,"ID":228,"NDCCODE":"4238280601","REGION":"IN","RIVERCD":"KA","LOCKCD":"03","CHMBCD":"1","NOCHMB":2,"PMSDATA":"Y","NAVSTR":"LONDON","CHAMBN":"MAIN1","CHB1":"M","STR1":"L","PMSNAME":"LONDON LOCKS & DAM MAIN 1","STATUS":"1","RIVER":"KANAWHA","RIVERMI":82.8,"BANK":"R","LIFT":24,"LENGTH":360,"CHMBUL":360,"WIDTH":56,"CHMBUW":0,"AUDPA":9,"AUDPB":9,"UPDPTHMS":18,"LWDPTHMS":12,"YEAROPEN":1933,"GATETYPE":"Miter","GATE":"1","CHNLGTH":8,"CHNDPTHA":9,"CHNDPTHB":9,"CHNWDTHA":150,"CHNWDTHB":150,"WWPRJCT":"KANAWHA LOCK & DAM, WASHINGTON","MOORING":"N","MULTI":"NRCP","DIVISION":"LRD","DISTRICT":"LRH","STATE":"WV","MAINT1":"1","OPER1":"1","OWNER1":"1","TOWN":"London","COUNTY1":"KANAWHA","MOORING_R":"NONE","SE_ANNO_CAD_DATA":""}},{"type":"Feature","id":229,"geometry":{"type":"Point","coordinates":[-93.2183909998441,30.2540060002776]},"properties":{"OBJECTID":229,"ID":229,"NDCCODE":"2095520201","REGION":"GU","RIVERCD":"CA","LOCKCD":"23","CHMBCD":"1","NOCHMB":1,"PMSDATA":"Y","NAVSTR":"CALCASIEU BARRIER","CHAMBN":"CNTRL","CHB1":"C","STR1":"B","PMSNAME":"CALCASIEU SALT WTR BARRIER","STATUS":"1","RIVER":"CALCASIEU RIVER","RIVERMI":38.9,"BANK":"L","LIFT":0,"LENGTH":575,"CHMBUL":575,"WIDTH":56,"CHMBUW":56,"AUDPA":0,"AUDPB":0,"UPDPTHMS":0,"LWDPTHMS":0,"YEAROPEN":1968,"GATETYPE":"Sector","GATE":"3","CHNLGTH":15,"CHNDPTHA":13,"CHNDPTHB":13,"CHNWDTHA":56,"CHNWDTHB":56,"WWPRJCT":"CALCASIEU RIVER AND PASS, LA","MOORING":"N","MULTI":"NF","DIVISION":"MVD","DISTRICT":"MVN","STATE":"LA","MAINT1":"1","OPER1":"1","OWNER1":"1","TOWN":"WEST LAKE","COUNTY1":"CALCASIEU PARISH","MOORING_R":"NONE","SE_ANNO_CAD_DATA":""}},{"type":"Feature","id":230,"geometry":{"type":"Point","coordinates":[-82.6164210003283,29.0245070002987]},"properties":{"OBJECTID":230,"ID":230,"NDCCODE":"1488016801","REGION":"GU","RIVERCD":"CF","LOCKCD":"13","CHMBCD":"1","NOCHMB":1,"PMSDATA":"N","NAVSTR":"INGLIS","CHAMBN":"MAIN","CHB1":"M","STR1":"L","PMSNAME":"INGLIS LOCK","STATUS":"7","RIVER":"CROSS FL BARGE CANAL","RIVERMI":92,"BANK":" ","LIFT":28,"LENGTH":600,"CHMBUL":600,"WIDTH":84,"CHMBUW":84,"AUDPA":12,"AUDPB":12,"UPDPTHMS":18,"LWDPTHMS":15,"YEAROPEN":1968,"GATETYPE":" ","GATE":"1","CHNLGTH":11,"CHNDPTHA":12,"CHNDPTHB":12,"CHNWDTHA":0,"CHNWDTHB":0,"WWPRJCT":"CROSS FL BRG CANAL","MOORING":"Y","MULTI":"N","DIVISION":"SAD","DISTRICT":"SAJ","STATE":"FL","MAINT1":"4","OPER1":"4","OWNER1":"4","TOWN":"Inglis","COUNTY1":"LEVY","MOORING_R":"DOLPHINS","SE_ANNO_CAD_DATA":""}},{"type":"Feature","id":231,"geometry":{"type":"Point","coordinates":[-92.263801999662,29.7582780004303]},"properties":{"OBJECTID":231,"ID":231,"NDCCODE":"2092584301","REGION":"GU","RIVERCD":"GI","LOCKCD":"21","CHMBCD":"1","NOCHMB":1,"PMSDATA":"Y","NAVSTR":"SCHOONER BAYOU","CHAMBN":"CNTRL","CHB1":"C","STR1":"C","PMSNAME":"SCHOONER BAYOU CONTROL STRUCTURE","STATUS":"1","RIVER":"INLAND WW, FRANKLIN-MERMENTAU","RIVERMI":3.4,"BANK":"R","LIFT":0,"LENGTH":525,"CHMBUL":525,"WIDTH":75,"CHMBUW":75,"AUDPA":12,"AUDPB":12,"UPDPTHMS":0,"LWDPTHMS":0,"YEAROPEN":1950,"GATETYPE":" ","GATE":"3","CHNLGTH":11,"CHNDPTHA":6,"CHNDPTHB":6,"CHNWDTHA":60,"CHNWDTHB":60,"WWPRJCT":"MERMENTAU RIVER, LA","MOORING":"N","MULTI":"NFI","DIVISION":"MVD","DISTRICT":"MVN","STATE":"LA","MAINT1":"1","OPER1":"1","OWNER1":"1","TOWN":"Abbeville","COUNTY1":"VERMILLION PARISH","MOORING_R":"NONE","SE_ANNO_CAD_DATA":""}},{"type":"Feature","id":232,"geometry":{"type":"Point","coordinates":[-84.7919749999456,45.4375339998951]},"properties":{"OBJECTID":232,"ID":232,"NDCCODE":"5031210001","REGION":"GL","RIVERCD":"IN","LOCKCD":"61","CHMBCD":"1","NOCHMB":1,"PMSDATA":"Y","NAVSTR":"ALANSON","CHAMBN":"MAIN","CHB1":"M","STR1":"L","PMSNAME":"ALANSON LOCK, INLAND ROUTE","STATUS":"1","RIVER":"CROOKED","RIVERMI":30,"BANK":"L","LIFT":3,"LENGTH":66,"CHMBUL":66,"WIDTH":18,"CHMBUW":16,"AUDPA":5,"AUDPB":5,"UPDPTHMS":7,"LWDPTHMS":8,"YEAROPEN":1967,"GATETYPE":" ","GATE":"4","CHNLGTH":4,"CHNDPTHA":5,"CHNDPTHB":5,"CHNWDTHA":300,"CHNWDTHB":300,"WWPRJCT":"THE INLAND ROUTE, MI","MOORING":"N","MULTI":"R","DIVISION":"LRD","DISTRICT":"LRE","STATE":"MI","MAINT1":"8","OPER1":"4","OWNER1":"1","TOWN":"Alanson","COUNTY1":"EMMET","MOORING_R":"NONE","SE_ANNO_CAD_DATA":""}},{"type":"Feature","id":233,"geometry":{"type":"Point","coordinates":[-89.0637580004307,37.1836120000946]},"properties":{"OBJECTID":233,"ID":233,"NDCCODE":"OLMSTED","REGION":"IN","RIVERCD":"OH","LOCKCD":"79","CHMBCD":"1","NOCHMB":2,"PMSDATA":"Y","NAVSTR":"OLMSTED","CHAMBN":"MAIN","CHB1":"M","STR1":"L","PMSNAME":"OLMSTED LOCKS AND DAM","STATUS":"1","RIVER":"OHIO","RIVERMI":964.4,"BANK":"R","LIFT":12,"LENGTH":1200,"CHMBUL":1200,"WIDTH":110,"CHMBUW":110,"AUDPA":9,"AUDPB":9,"UPDPTHMS":15,"LWDPTHMS":10,"YEAROPEN":2018,"GATETYPE":" ","GATE":"1","CHNLGTH":20,"CHNDPTHA":9,"CHNDPTHB":9,"CHNWDTHA":300,"CHNWDTHB":300,"WWPRJCT":"OHIO RIVER","MOORING":"Y","MULTI":"NF","DIVISION":"LRD","DISTRICT":"LRL","STATE":"IL","MAINT1":"1","OPER1":"1","OWNER1":"1","TOWN":"Olmsted","COUNTY1":"PULASKI","MOORING_R":"CELLS ABOVE","SE_ANNO_CAD_DATA":""}},{"type":"Feature","id":234,"geometry":{"type":"Point","coordinates":[-91.0868179995504,33.9459849998088]},"properties":{"OBJECTID":234,"ID":234,"NDCCODE":"MNTPOINT","REGION":"IN","RIVERCD":"MK","LOCKCD":"99","CHMBCD":"1","NOCHMB":1,"PMSDATA":"Y","NAVSTR":"MONTGOMERY POINT","CHAMBN":"MAIN","CHB1":"M","STR1":"L","PMSNAME":"MONTGOMERY POINT LOCK AND DAM","STATUS":"1","RIVER":"WHITE","RIVERMI":0.5,"BANK":" ","LIFT":20,"LENGTH":600,"CHMBUL":600,"WIDTH":110,"CHMBUW":110,"AUDPA":0,"AUDPB":0,"UPDPTHMS":18,"LWDPTHMS":15,"YEAROPEN":2004,"GATETYPE":"1","GATE":" ","CHNLGTH":0,"CHNDPTHA":0,"CHNDPTHB":0,"CHNWDTHA":0,"CHNWDTHB":0,"WWPRJCT":"MCCLELLAN-KERR ARKANSAS RIVER NAVIGATION SYSTEM","MOORING":" ","MULTI":" ","DIVISION":"SWD","DISTRICT":"SWL","STATE":"AR","MAINT1":"1","OPER1":"1","OWNER1":"1","TOWN":"Tichnor","COUNTY1":"DESHA","MOORING_R":" ","SE_ANNO_CAD_DATA":""}}]}