Dam Name,Other Names,Former Names,NID ID,Other Structure ID,Federal ID,Owner Names,Owner Types,Primary Owner Type,Number of Associated Structures,Is Associated Structure?,Designer Names,Non-Federal Dam on Federal Property,Primary Purpose,Purposes,Source Agency,State or Federal Agency ID,Latitude,Longitude,State,County,City,Distance to Nearest City (Miles),River or Stream Name,Congressional District,American Indian/Alaska Native/Native Hawaiian,State Regulated Dam,State Jurisdictional Dam,State Regulatory Agency,State Permitting Authority,State Inspection Authority,State Enforcement Authority,Federally Regulated Dam,Federal Agency Owners,Federal Agency Involvement Funding,Federal Agency Involvement Design,Federal Agency Involvement Construction,Federal Agency Involvement Regulatory,Federal Agency Involvement Inspection,Federal Agency Involvement Operation,Federal Agency Involvement Other,Built Under the Authority of the Secretary of Agriculture,NRCS Watershed Dam Authorization,Primary Dam Type,Dam Types,Core Types,Foundation,Dam Height (Ft),Hydraulic Height (Ft),Structural Height (Ft),NID Height (Ft),NID Height Category,Dam Length (Ft),Volume (Cubic Yards),Year Completed,Year Completed Category,Years Modified,NID Storage (Acre-Ft),Max Storage (Acre-Ft),Normal Storage (Acre-Ft),Surface Area (Acres),Drainage Area (Sq Miles),Max Discharge (Cubic Ft/Second),Spillway Type,Spillway Width (Ft),Number of Locks,Length of Locks (ft),Lock Width (Ft),Length of Secondary Lock (Ft),Secondary Lock Width (Ft),Outlet Gate Type,Data Last Updated,Last Inspection Date,Inspection Frequency,Hazard Potential Classification,Condition Assessment,Condition Assessment Date,Operational Status,Operational Status Date,EAP Prepared,EAP Last Revision Date,Inundation Maps Added to NID?,Website URL,"Non-USACE Dam with USACE Flood Control Storage Authority (Section 7, Flood Control Act of 1944)"
Dalton Pond Dam,Dalton Pond,,VA061012,,VA061012,DOD USMC,Federal,Federal,0,No,,No,Recreation,Recreation,US Marine Corps,,38.57,-77.5605,Virginia,Fauquier,Sowego,1,Dorrells Run,"Virginia, Congressional District 10",,No,No,,No,No,No,Yes,US Marine Corps,US Navy,US Navy,US Navy,US Navy,US Navy,US Marine Corps,US Navy,No,N/A,Earth,Earth,Earth,Soil,18,25,22,25,25-50 feet,275,,1951,1950-1959,,300,300,128,,2.1,1100,Uncontrolled,60,0,0,0,,,None,03/03/2026,11/02/2023,3,Low,Poor,11/02/2023,,,Not Required,,No,https://www.marines.mil/,No
Lunga Dam,Lunga Reservoir,,VA179001,,VA179001,DOD USMC,Federal,Federal,0,No,,No,Recreation,Recreation;Water Supply,US Marine Corps,,38.5236,-77.4612,Virginia,Stafford,Aquia,5,Beaverdam Run,"Virginia, Congressional District 07",,No,No,,No,No,No,Yes,US Marine Corps,US Navy,US Navy,US Navy,US Navy,US Navy,US Marine Corps,US Navy,No,N/A,Earth,Earth,Earth,Soil,59,46,49,59,51-100 feet,1300,93000,1956,1950-1959,2015,12800,12800,5200,474,10.8,5850,Controlled,47.4,0,0,0,,,Valve2,03/03/2026,11/01/2023,3,High,Poor,11/01/2023,,,Yes,03/30/2010,No,https://www.marines.mil/,No
Breckinridge Dam,Breckinridge Reservoir,,VA179003,,VA179003,DOD USMC,Federal,Federal,0,No,,No,Recreation,Recreation;Water Supply,US Marine Corps,,38.53667,-77.39167,Virginia,Stafford,Boswells Store,2,Chopawamsic Creek,"Virginia, Congressional District 07",,No,No,,No,No,No,Yes,US Marine Corps,US Navy,US Navy,US Navy,US Navy,US Navy,US Marine Corps,US Navy,No,N/A,Concrete,Concrete,Concrete,Rock,58,53,58,58,51-100 feet,290,9750,1940,1940-1949,1997,1130,1130,730,55,17.5,5670,Uncontrolled,110,0,0,0,,,None,03/03/2026,11/01/2023,3,High,Poor,11/01/2023,,,Yes,03/30/2010,No,https://www.marines.mil/,No
St. Stephen Powerhouse Dam - North Intake Canal Dike ,,,SC82201,S001,SC82201S001,USACE - Charleston District,Federal,Federal,,Yes,,No,,,US Army Corps of Engineers,SC82201S001,33.426678,-79.934914,South Carolina,Berkeley,,,,"South Carolina, Congressional District 01",,No,No,,No,No,No,Yes,US Army Corps of Engineers,US Army Corps of Engineers,US Army Corps of Engineers,US Army Corps of Engineers,US Army Corps of Engineers,US Army Corps of Engineers,US Army Corps of Engineers,,,,Earth,Earth,,,30,,,30,25-50 feet,2370,,,Undetermined,,1405570,1405570,1055150,,,,,,,,,,,,12/04/2025,02/22/2023,5,High,Not Available,,Not Applicable,11/20/2025,Yes,03/14/2025,Yes,https://www.usace.army.mil/Missions/Civil-Works/Dam-Safety-Program/Article/2870967/dam-safety-program/,No
St. Stephen Powerhouse Dam - South Intake Canal Dike ,,,SC82201,S002,SC82201S002,USACE - Charleston District,Federal,Federal,,Yes,,No,,,US Army Corps of Engineers,SC82201S002,33.423656,-79.930838,South Carolina,Berkeley,,,,"South Carolina, Congressional District 01",,No,No,,No,No,No,Yes,US Army Corps of Engineers,US Army Corps of Engineers,US Army Corps of Engineers,US Army Corps of Engineers,US Army Corps of Engineers,US Army Corps of Engineers,US Army Corps of Engineers,,,,Earth,Earth,,,30,,,30,25-50 feet,2370,,,Undetermined,,1405570,1405570,1055150,,,,,,,,,,,,12/04/2025,02/22/2023,5,High,Not Available,,Not Applicable,11/20/2025,Yes,03/14/2025,Yes,https://www.usace.army.mil/Missions/Civil-Works/Dam-Safety-Program/Article/2870967/dam-safety-program/,No
Pulgas Lake Dam,Pulgas Lake,,CA10130,,CA10130,DOD USMC,Federal,Federal,0,No,,No,"Fire Protection, Stock, Or Small Fish Pond","Fire Protection, Stock, Or Small Fish Pond;Recreation",US Marine Corps,,33.3437,-117.4378,California,San Diego,43 Area - Las Pulgas -  Cpen,0,Piedra De Lubre Creek  ,"California, Congressional District 49",,No,No,,No,No,No,Yes,US Marine Corps,US Navy,US Navy,US Navy,US Navy,US Navy,US Marine Corps,US Navy,No,N/A,Earth,Earth,Earth,Unlisted/Unknown,42,44,33,44,25-50 feet,390,,1953,1950-1959,1980,122,122,101,6.5,3.4,1000,Uncontrolled,20,0,0,0,,,None,05/25/2021,06/23/2017,3,Low,Fair,06/23/2017,,,Yes,03/16/2010,No,https://www.marines.mil/,No
Pilgrim Creek Lake Dam,Pilgrim Creek Lake,,CA10132,,CA10132,DOD USMC,Federal,Federal,,No,,No,Recreation,Recreation,US Marine Corps,,33.277,-117.303,California,San Diego,Mcb Cpen,0,Pilgrim Creek,"California, Congressional District 49",,No,No,,No,No,No,Yes,US Marine Corps,US Navy,US Navy,US Navy,US Navy,US Navy,US Marine Corps,US Navy,No,N/A,Earth,Earth,Earth,Unlisted/Unknown,14,14,14,14,Less than 25 feet,600,,1973,1970-1979,,107,107,32,8.9,11.9,,Uncontrolled,7,0,0,0,,,None,01/14/2026,09/07/2021,3,Low,Poor,09/07/2021,,,Not Required,,No,https://www.marines.mil/,No
Case Springs Dam,Case Spring Lake,,CA10133,,CA10133,DOD USMC,Federal,Federal,0,No,,No,"Fire Protection, Stock, Or Small Fish Pond","Fire Protection, Stock, Or Small Fish Pond;Recreation",US Marine Corps,,33.45,-117.422,California,San Diego,Mcb Cpen,0,Tr-San Onofre Creek,"California, Congressional District 49",,No,No,,No,No,No,Yes,US Marine Corps,US Navy,US Navy,US Navy,US Navy,US Navy,US Marine Corps,US Navy,No,N/A,Earth,Earth,Earth,Unlisted/Unknown,51,44,44,51,51-100 feet,590,,1900,1900-1909,1978,86,86,68,3.7,0,0,Uncontrolled,8,0,0,0,,,None,05/25/2021,06/23/2017,3,Low,Fair,06/23/2017,,,Not Required,,No,https://www.marines.mil/,No
Lake O'Neill Dam,Lake O'Neill,,CA10131,,CA10131,DOD USMC,Federal,Federal,0,No,,No,"Fire Protection, Stock, Or Small Fish Pond","Fire Protection, Stock, Or Small Fish Pond;Recreation;Water Supply",US Marine Corps,,33.327,-117.327,California,San Diego,22 Area -Chappo,2,Santa Margarita Riv Offstream,"California, Congressional District 49",,No,No,,No,No,No,Yes,US Marine Corps,US Navy,US Navy,US Navy,US Navy,US Navy,US Marine Corps,US Navy,No,N/A,Earth,Earth,Earth,Unlisted/Unknown,14,17,14,17,Less than 25 feet,1500,,1883,Before 1900,1940,1395,1395,1057,115.7,9,800,Uncontrolled,20,0,0,0,,,None,03/16/2026,06/23/2017,3,High,Fair,06/23/2017,,,Yes,03/16/2012,No,https://www.marines.mil/,No
Elk City Dam - Quaker Cemetery Levee,Elk City Lake,,KS00002,S003,KS00002S003,USACE - Tulsa District,Federal,Federal,0,Yes,,No,Flood Risk Reduction,Flood Risk Reduction,US Army Corps of Engineers,KS00002S003,37.239667,-95.823644,Kansas,Montgomery,,,,"Kansas, Congressional District 02",,No,No,,No,No,No,Yes,US Army Corps of Engineers,US Army Corps of Engineers,US Army Corps of Engineers,US Army Corps of Engineers,US Army Corps of Engineers,US Army Corps of Engineers,US Army Corps of Engineers,US Army Corps of Engineers,,,Earth,Earth,,,7,,,7,Less than 25 feet,,,,Undetermined,,94800,94800,0,,,,,,,,,,,,08/20/2026,04/01/2025,,Low,,,Normal Operations,11/20/2025,Yes,03/26/2025,No,,No
Richard B. Russell Dam - Saddle Dike,,,GA01705,S001,GA01705S001,USACE - Savannah District,Federal,Federal,0,Yes,CESAS,No,Hydroelectric,Hydroelectric;Other;Fish and Wildlife Pond;Recreation;Water Supply;Flood Risk Reduction,US Army Corps of Engineers,GA01705S001,34.023832,-82.583695,Georgia,Abbeville,Calhoun Falls,8,Savannah River,"South Carolina, Congressional District 03",,No,No,,No,No,No,Yes,US Army Corps of Engineers,US Army Corps of Engineers,US Army Corps of Engineers,US Army Corps of Engineers,US Army Corps of Engineers,US Army Corps of Engineers,US Army Corps of Engineers,US Army Corps of Engineers,,,Earth,Earth,Earth,Rock,25,25,25,25,25-50 feet,1070,0,1986,1980-1989,,1488166,1488166,1026200,0,0,0,None,0,0,0,0,,,None0,12/04/2025,06/23/2021,5,High,Not Available,,Normal Operations,11/20/2025,Yes,07/14/2022,Yes,https://www.sas.usace.army.mil/About/Divisions-and-Offices/Operations-Division/Richard-B-Russell-Dam-and-Lake/,No
Hartwell Dam - Saddle Dike 1,,,GA01702,S001,GA01702S001,USACE - Savannah District,Federal,Federal,0,Yes,CESAS,No,Hydroelectric,Hydroelectric;Other;Fish and Wildlife Pond;Recreation;Water Supply;Flood Risk Reduction,US Army Corps of Engineers,GA01702S001,34.3372442720001,-82.838106091,Georgia,Hart,Hartwell,7,Savannah River,"Georgia, Congressional District 10",,No,No,,No,No,No,Yes,US Army Corps of Engineers,US Army Corps of Engineers,US Army Corps of Engineers,US Army Corps of Engineers,US Army Corps of Engineers,US Army Corps of Engineers,US Army Corps of Engineers,US Army Corps of Engineers,,,Earth,Earth,Earth,Rock,34,34,34,34,25-50 feet,2580,0,1962,1960-1969,,3438700,3438700,2550000,0,0,0,None,0,0,0,0,,,None0,09/16/2026,04/28/2017,5,High,Not Available,,Normal Operations,11/20/2025,Yes,07/14/2022,Yes,https://www.sas.usace.army.mil/About/Divisions-and-Offices/Operations-Division/Hartwell-Dam-and-Lake/,No
Hartwell Dam - Saddle Dike 2,,,GA01702,S002,GA01702S002,USACE - Savannah District,Federal,Federal,0,Yes,CESAS,No,Hydroelectric,Hydroelectric;Other;Fish and Wildlife Pond;Recreation;Water Supply;Flood Risk Reduction,US Army Corps of Engineers,GA01702S002,34.36994352,-82.81443396,Georgia,Anderson,Hartwell,8,Savannah River,"South Carolina, Congressional District 03",,No,No,,No,No,No,Yes,US Army Corps of Engineers,US Army Corps of Engineers,US Army Corps of Engineers,US Army Corps of Engineers,US Army Corps of Engineers,US Army Corps of Engineers,US Army Corps of Engineers,US Army Corps of Engineers,,,Earth,Earth,Earth,,36,36,36,36,25-50 feet,1840,0,1962,1960-1969,,3438700,3438700,2550000,0,0,0,None,0,0,0,0,,,None0,09/16/2026,04/28/2017,5,High,Not Available,,Normal Operations,11/20/2025,Yes,07/14/2022,Yes,https://www.sas.usace.army.mil/About/Divisions-and-Offices/Operations-Division/Hartwell-Dam-and-Lake/,No
Bolivar Dam - East Sparta Levee,,,OH00004,S001,OH00004S001,USACE - Huntington District,Federal,Federal,0,Yes,,No,Flood Risk Reduction,Flood Risk Reduction,US Army Corps of Engineers,OH00004S001,40.6599900000001,-81.35679,Ohio,Stark,East Sparta,,Sandy Creek,"Ohio, Congressional District 06",,No,No,,No,No,No,Yes,US Army Corps of Engineers,US Army Corps of Engineers,US Army Corps of Engineers,US Army Corps of Engineers,US Army Corps of Engineers,US Army Corps of Engineers,US Army Corps of Engineers,US Army Corps of Engineers,,,Earth,Earth,,,25,,,25,25-50 feet,4000,,1938,1930-1939,,123446,123446,0,,,,,,,,,,,,07/31/2026,06/25/2021,5,High,Not Available,,Normal Operations,11/20/2025,Yes,08/12/2009,No,https://www.lrh.usace.army.mil/Missions/Civil-Works/Dam-Safety-Program/,No
Salamonie Dam - Lancaster Levee and Dike,Salamonie Lake,,IN03005,S001,IN03005S001,USACE - Chicago District,Federal,Federal,0,Yes,,No,Flood Risk Reduction,Flood Risk Reduction;Recreation,US Army Corps of Engineers,IN03005S001,40.746353733,-85.507675949,Indiana,Huntington,Lagro Ind,,Salamonie River,"Indiana, Congressional District 03",,No,No,,No,No,No,Yes,US Army Corps of Engineers,US Army Corps of Engineers,US Army Corps of Engineers,US Army Corps of Engineers,US Army Corps of Engineers,US Army Corps of Engineers,US Army Corps of Engineers,US Army Corps of Engineers,,,Earth,Earth,,,20,,,20,Less than 25 feet,2400,2069400,1966,1960-1969,,263600,263600,60700,2860,553,57200,None,0,0,0,0,,,Flap1,01/21/2026,08/05/2019,5,Low,Not Available,,Normal Operations,11/20/2025,Yes,09/05/2019,Yes,https://www.usace.army.mil/Missions/Civil-Works/Dam-Safety-Program/Article/2870967/dam-safety-program/,No
J. Edward Roush Dam - Star of Hope Levee,J. Edward Roush Lake,Huntington Lake Dam,IN03006,S002,IN03006S002,USACE - Chicago District,Federal,Federal,0,Yes,,No,Flood Risk Reduction,Flood Risk Reduction,US Army Corps of Engineers,IN03006S002,40.8283250000001,-85.413289,Indiana,Huntington,Huntington,,Wabash River,"Indiana, Congressional District 03",,No,No,,No,No,No,Yes,US Army Corps of Engineers,US Army Corps of Engineers,US Army Corps of Engineers,US Army Corps of Engineers,US Army Corps of Engineers,US Army Corps of Engineers,US Army Corps of Engineers,US Army Corps of Engineers,,,Earth,Earth,,,26,,,26,25-50 feet,1500,1111000,1968,1960-1969,,153100,153100,0,900,707,0,None,0,0,0,0,,,Flap4,08/25/2025,05/23/2023,5,Low,Not Available,,Normal Operations,05/23/2022,Not Required,,N/A,https://www.usace.army.mil/Missions/Civil-Works/Dam-Safety-Program/Article/2870967/dam-safety-program/,No
Elk City Dam - Rim Dike,,,KS00002,S002,KS00002S002,USACE - Tulsa District,Federal,Federal,,Yes,,No,Flood Risk Reduction,Flood Risk Reduction,US Army Corps of Engineers,,37.244628,-95.759249,Kansas,Montgomery,Independence,1.24,Elk River,"Kansas, Congressional District 02",,No,No,,No,No,No,Yes,US Army Corps of Engineers,US Army Corps of Engineers,US Army Corps of Engineers,US Army Corps of Engineers,US Army Corps of Engineers,US Army Corps of Engineers,US Army Corps of Engineers,US Army Corps of Engineers,,,Earth,Earth,Earth,,43,43,43,43,25-50 feet,21300,,1966,1960-1969,,850405,850405,46122,4440,634,120800,Uncontrolled,400,,,,,,,09/21/2026,,5,High,,,Not Applicable,11/20/2025,Yes,02/27/2024,Yes,,No
Tenkiller Ferry Dam - Dike,Tenkiller Ferry Lake;Tenkiller Lake,,OK10311,S001,OK10311S001,USACE - Tulsa District,Federal,Federal,0,Yes,,No,Flood Risk Reduction,Flood Risk Reduction;Hydroelectric,US Army Corps of Engineers,OK10311S001,35.5940000000001,-95.044,Oklahoma,Sequoyah,Gore,,Illinois River,"Oklahoma, Congressional District 02",Cherokee OTSA,No,No,,No,No,No,Yes,US Army Corps of Engineers,US Army Corps of Engineers,US Army Corps of Engineers,US Army Corps of Engineers,US Army Corps of Engineers,US Army Corps of Engineers,US Army Corps of Engineers,US Army Corps of Engineers,,,Earth,Earth;Gravity,,,197,192,197,197,Greater than 100 feet,4940,75050,1952,1950-1959,,1230800,1230800,654100,12900,1610,290400,Controlled,590,0,0,0,,,,09/29/2026,04/16/2019,5,High,Not Available,,Normal Operations,11/20/2025,Yes,03/23/2022,Yes,https://www.swt.usace.army.mil/Locations/Tulsa-District-Lakes/Oklahoma/Tenkiller-Lake/,No
Buford Dam - Saddle Dike 1,,,GA00824,S001,GA00824S001,USACE - Mobile District,Federal,Federal,0,Yes,CESAM,No,,,US Army Corps of Engineers,GA00824S001,34.1707010000001,-84.077974,Georgia,Forsyth,Buford,,Chattahoochee,"Georgia, Congressional District 07",,No,No,,No,No,No,Yes,US Army Corps of Engineers,US Army Corps of Engineers,US Army Corps of Engineers,US Army Corps of Engineers,US Army Corps of Engineers,US Army Corps of Engineers,US Army Corps of Engineers,,No,N/A,Earth,Earth,,,36,30,36,36,25-50 feet,2300,,1958,1950-1959,,2554000,2554000,1917000,,1034,,,,,,,,,,12/04/2025,04/23/2024,5,High,Not Available,,Not Applicable,11/20/2025,Yes,09/12/2020,Yes,https://www.sam.usace.army.mil/missions/civil-works/recreation/lake-sidney-lanier/,No
Buford Dam - Saddle Dike 3,,,GA00824,S003,GA00824S003,USACE - Mobile District,Federal,Federal,0,Yes,CESAM,No,,,US Army Corps of Engineers,GA00824S003,34.149098,-84.053916,Georgia,Gwinnett,Buford,,Chattahoochee,"Georgia, Congressional District 09",,No,No,,No,No,No,Yes,US Army Corps of Engineers,US Army Corps of Engineers,US Army Corps of Engineers,US Army Corps of Engineers,US Army Corps of Engineers,US Army Corps of Engineers,US Army Corps of Engineers,,No,N/A,Earth,Earth,,,70,64,70,70,51-100 feet,2300,,1958,1950-1959,,2554000,2554000,1917000,,1034,,,,,,,,,,12/04/2025,04/23/2024,5,High,Not Available,,Not Applicable,11/20/2025,Yes,09/12/2020,Yes,https://www.sam.usace.army.mil/missions/civil-works/recreation/lake-sidney-lanier/,No
Buford Dam - Saddle Dike 2,,,GA00824,S002,GA00824S002,USACE - Mobile District,Federal,Federal,0,Yes,CESAM,No,,,US Army Corps of Engineers,GA00824S002,34.1659270000001,-84.076805,Georgia,Forsyth,Buford,,Chattahoochee,"Georgia, Congressional District 07",,No,No,,No,No,No,Yes,US Army Corps of Engineers,US Army Corps of Engineers,US Army Corps of Engineers,US Army Corps of Engineers,US Army Corps of Engineers,US Army Corps of Engineers,US Army Corps of Engineers,,No,N/A,Earth,Earth,,,48,42,48,48,25-50 feet,2300,,1958,1950-1959,,2554000,2554000,1917000,,1034,,,,,,,,,,12/04/2025,04/23/2024,5,High,Not Available,,Not Applicable,11/20/2025,Yes,09/12/2020,Yes,https://www.sam.usace.army.mil/missions/civil-works/recreation/lake-sidney-lanier/,No
Dover Dam - Fairfield Levee,,,OH00003,S002,OH00003S002,USACE - Huntington District,Federal,Federal,0,Yes,,No,Flood Risk Reduction,Flood Risk Reduction,US Army Corps of Engineers,OH00003S002,40.5813900000001,-81.3833299999999,Ohio,Tuscarawas,Fairfield,,Tuscarawas River,"Ohio, Congressional District 06",,No,No,,No,No,No,Yes,US Army Corps of Engineers,US Army Corps of Engineers,US Army Corps of Engineers,US Army Corps of Engineers,US Army Corps of Engineers,US Army Corps of Engineers,US Army Corps of Engineers,US Army Corps of Engineers,,,Earth,Earth,,,30,,,30,25-50 feet,2200,,1937,1930-1939,,210600,210600,0,,,,,,,,,,,,09/25/2026,05/27/2021,5,High,Not Available,,Normal Operations,08/30/2026,Yes,07/29/2020,Yes,https://www.lrh.usace.army.mil/Missions/Civil-Works/Dam-Safety-Program/,No
Winnibigoshish Dam - Dike 1,Winnibigoshish,,MN00586,S001,MN00586S001,USACE - St. Paul District,Federal,Federal,0,Yes,,No,Water Supply,Water Supply;Navigation;Fish and Wildlife Pond;Recreation;Flood Risk Reduction,US Army Corps of Engineers,MN00586S001,47.3495,-94.2504,Minnesota,Cass,Ballclub,,Mississippi River,"Minnesota, Congressional District 08",Leech Lake Reservation,No,No,,No,No,No,Yes,US Army Corps of Engineers,US Army Corps of Engineers,US Army Corps of Engineers,US Army Corps of Engineers,US Army Corps of Engineers,US Army Corps of Engineers,US Army Corps of Engineers,US Army Corps of Engineers,,,Earth,Earth,Earth,Soil,5,5,5,5,Less than 25 feet,50,156,1884,Before 1900,,550000,550000,220000,68000,1442,10000,None,0,0,0,0,,,,09/30/2026,07/14/2021,5,Significant,Not Available,,Normal Operations,11/20/2025,Yes,09/01/1994,N/A,https://www.usace.army.mil/Missions/Civil-Works/Dam-Safety-Program/Article/2870967/dam-safety-program/,No
Clearwater Dam,Clearwater Lake,,MO30203,,MO30203,USACE - Little Rock District,Federal,Federal,0,No,CESWL,No,Flood Risk Reduction,Flood Risk Reduction;Recreation,US Army Corps of Engineers,MO30203,37.1349514520001,-90.770891147,Missouri,Wayne,Leeper,,Black,"Missouri, Congressional District 08",,No,No,,No,No,No,Yes,US Army Corps of Engineers,US Army Corps of Engineers,US Army Corps of Engineers,US Army Corps of Engineers,US Army Corps of Engineers,US Army Corps of Engineers,US Army Corps of Engineers,US Army Corps of Engineers,,,Earth,Earth,Earth,Soil,154,109,155,155,Greater than 100 feet,4225,7500000,1942,1940-1949,,413000,413000,22000,1630,898,310000,Uncontrolled,385,0,0,0,,,,09/28/2026,04/17/2023,5,High,Not Available,,Normal Operations,11/20/2025,Yes,07/25/2023,Yes,https://www.swl.usace.army.mil/Missions/Recreation/Lakes/Clearwater-Lake/Dam-and-Lake-Information/,No
Homme Dam,Homme Lake,Park River Dam,ND00310,,ND00310,USACE - St. Paul District,Federal,Federal,0,No,CEMVP,No,Water Supply,Water Supply;Other;Fish and Wildlife Pond;Recreation;Flood Risk Reduction,US Army Corps of Engineers,ND00310,48.4046823370001,-97.791287189,North Dakota,Walsh,Park River,2,South Branch of Park River,"North Dakota, Congressional District 00",,Yes,Yes,Ndswc,Yes,Yes,Yes,Yes,US Army Corps of Engineers,US Army Corps of Engineers,US Army Corps of Engineers,US Army Corps of Engineers,US Army Corps of Engineers,US Army Corps of Engineers,US Army Corps of Engineers,US Army Corps of Engineers,,,Concrete,Concrete;Earth,Earth,Soil,50,62,72,72,51-100 feet,865,331900,1950,1950-1959,2000H,7000,7000,3550,290,226,23500,Uncontrolled,218,0,0,0,,,Slide (sluice gate)4;Uncontrolled0;Valve1,09/30/2026,08/05/2025,5,High,Not Available,,Normal Operations,11/20/2025,Yes,02/01/1999,Yes,https://www.usace.army.mil/Missions/Civil-Works/Dam-Safety-Program/Article/2870967/dam-safety-program/,No
Bolivar Dam - Magnolia Levee,,,OH00004,S002,OH00004S002,USACE - Huntington District,Federal,Federal,0,Yes,,No,Flood Risk Reduction,Flood Risk Reduction,US Army Corps of Engineers,OH00004S002,40.6505494100001,-81.300935935,Ohio,Carroll,Magnolia,,Sandy Creek,"Ohio, Congressional District 06",,No,No,,No,No,No,Yes,US Army Corps of Engineers,US Army Corps of Engineers,US Army Corps of Engineers,US Army Corps of Engineers,US Army Corps of Engineers,US Army Corps of Engineers,US Army Corps of Engineers,US Army Corps of Engineers,,,Earth,Earth,,,31,,,31,25-50 feet,4877,,1951,1950-1959,,0,0,0,,,,,,,,,,,,07/31/2026,06/25/2021,5,High,Not Available,,Under Remediation,11/20/2025,Yes,08/12/2020,Yes,https://www.lrh.usace.army.mil/Missions/Civil-Works/Dam-Safety-Program/,No
Terminus Dam - Hotel Dike,,,CA10114,S001,CA10114S001,USACE - Sacramento District,Federal,Federal,0,Yes,,No,Flood Risk Reduction,Flood Risk Reduction,US Army Corps of Engineers,CA10114S001,36.4155170000001,-118.925983,California,Tulare,Lemon Cove,,Kaweah River,"California, Congressional District 20",,No,No,,No,No,No,Yes,US Army Corps of Engineers,US Army Corps of Engineers,US Army Corps of Engineers,US Army Corps of Engineers,US Army Corps of Engineers,US Army Corps of Engineers,US Army Corps of Engineers,US Army Corps of Engineers,,,Earth,Earth,,,18,,,18,Less than 25 feet,920,,2005,Since 2000,,0,,0,,,,,,,,,,,,01/20/2026,09/11/2018,5,Significant,Not Available,,"Under Investigation, Planning, Permitting, or Design for Remediation",11/20/2025,Yes,10/21/2020,N/A,https://www.spk.usace.army.mil/Missions/Civil-Works/Dam-Safety-Program/,No
North Hartland Dam - Dike,,,VT00002,S001,VT00002S001,USACE - New England District,Federal,Federal,,Yes,,No,,,US Army Corps of Engineers,VT00002S001,43.595196,-72.366019,Vermont,Windsor,,,,"Vermont, Congressional District 00",,No,No,,No,No,No,Yes,US Army Corps of Engineers,US Army Corps of Engineers,US Army Corps of Engineers,US Army Corps of Engineers,US Army Corps of Engineers,US Army Corps of Engineers,US Army Corps of Engineers,US Army Corps of Engineers,,,,,,,52,47,52,52,51-100 feet,,,1961,1960-1969,,94600,94600,0,,,,,,0,0,0,,,,01/08/2026,10/23/2023,5,High,,,Normal Operations,11/20/2025,Yes,,Yes,,No
Dover Dam - Corundite Levee,,,OH00003,S001,OH00003S001,USACE - Huntington District,Federal,Federal,0,Yes,,No,Flood Risk Reduction,Flood Risk Reduction,US Army Corps of Engineers,OH00003S001,40.6129500000001,-81.43467,Ohio,Tuscarawas,Zoar,,Tuscarawas River,"Ohio, Congressional District 06",,No,No,,No,No,No,Yes,US Army Corps of Engineers,US Army Corps of Engineers,US Army Corps of Engineers,US Army Corps of Engineers,US Army Corps of Engineers,US Army Corps of Engineers,US Army Corps of Engineers,US Army Corps of Engineers,,,Earth,Earth,,,15,,,15,Less than 25 feet,2000,,1937,1930-1939,,133200,133200,0,,,,,,,,,,,,09/25/2026,05/27/2021,5,High,Not Available,,Normal Operations,08/30/2026,Yes,07/29/2020,Yes,https://www.lrh.usace.army.mil/Missions/Civil-Works/Dam-Safety-Program/,No
Richard L. Schafer Dam - Frazier Dike,,Success Dam - Frazier Dike,CA10113,S001,CA10113S001,USACE - Sacramento District,Federal,Federal,0,Yes,,No,Flood Risk Reduction,Flood Risk Reduction,US Army Corps of Engineers,CA10113S001,36.103526699,-118.943659612,California,Tulare,Porterville,,Tule River,"California, Congressional District 20",,No,No,,No,No,No,Yes,US Army Corps of Engineers,US Army Corps of Engineers,US Army Corps of Engineers,US Army Corps of Engineers,US Army Corps of Engineers,US Army Corps of Engineers,US Army Corps of Engineers,US Army Corps of Engineers,,,Earth,Earth,,,42,,,42,25-50 feet,7760,660000,1961,1960-1969,,82300,82300,6540,,,,,,,,,,,,03/19/2026,09/11/2018,5,Significant,Not Available,,Normal Operations,11/20/2025,Yes,10/28/2025,N/A,https://www.spk.usace.army.mil/Missions/Civil-Works/Dam-Safety-Program/,No
Allatoona Dam - Saddle Dike 2a,,,GA03742,S002A,GA03742S002A,USACE - Mobile District,Federal,Federal,,Yes,,No,Flood Risk Reduction,Flood Risk Reduction,US Army Corps of Engineers,GA03742S002A,34.092203,-84.723532,Georgia,Bartow,,,,"Georgia, Congressional District 11",,No,No,,No,No,No,Yes,US Army Corps of Engineers,US Army Corps of Engineers,US Army Corps of Engineers,US Army Corps of Engineers,US Army Corps of Engineers,US Army Corps of Engineers,US Army Corps of Engineers,US Army Corps of Engineers,,,Earth,Earth,,,15,,15,15,Less than 25 feet,270,,,Undetermined,,886200,886200,367471,11862,1122,,,,,,,,,,12/04/2025,03/26/2019,5,High,,,Normal Operations,11/20/2025,Yes,08/16/2022,No,,No
Allatoona Dam - Saddle Dike 2b,,,GA03742,S002B,GA03742S002B,USACE - Mobile District,Federal,Federal,,Yes,,No,Flood Risk Reduction,Flood Risk Reduction,US Army Corps of Engineers,GA03742S002B,34.090087,-84.721742,Georgia,Bartow,,,,"Georgia, Congressional District 11",,No,No,,No,No,No,Yes,US Army Corps of Engineers,US Army Corps of Engineers,US Army Corps of Engineers,US Army Corps of Engineers,US Army Corps of Engineers,US Army Corps of Engineers,US Army Corps of Engineers,US Army Corps of Engineers,,,Earth,Earth,,,30,,30,30,25-50 feet,1045,,,Undetermined,,886200,886200,367471,11862,1122,,,,,,,,,,09/16/2026,03/26/2019,5,High,,,Not Applicable,11/20/2025,Yes,08/16/2022,Yes,,No
Millwood Dam - Okay Levee,Millwood Lake,,AR00536,S001,AR00536S001,USACE - Little Rock District,Federal,Federal,0,Yes,,No,Flood Risk Reduction,Flood Risk Reduction;Recreation;Water Supply,US Army Corps of Engineers,AR00536S001,33.771155434,-93.944651162,Arkansas,Howard,Fulton,,Little,"Arkansas, Congressional District 04",,No,No,,No,No,No,Yes,US Army Corps of Engineers,US Army Corps of Engineers,US Army Corps of Engineers,US Army Corps of Engineers,US Army Corps of Engineers,US Army Corps of Engineers,US Army Corps of Engineers,US Army Corps of Engineers,,,Concrete,Concrete;Earth;Gravity,,,88,74,91,91,51-100 feet,17554,8000000,1966,1960-1969,,1854930,1854930,172000,29000,4144,473300,Controlled,520,0,0,0,,,,09/28/2026,06/01/2022,5,High,Not Available,,Normal Operations,05/12/2020,Yes,07/17/2023,Yes,https://www.swl.usace.army.mil/Missions/Recreation/Lakes/Millwood-Lake/,No
Fern Ridge Dam - Dike 2,,,OR00016,S002,OR00016S002,USACE - Portland District,Federal,Federal,,Yes,,No,,,US Army Corps of Engineers,OR00016S002,44.099766,-123.251138,Oregon,Lane,Eugene,,,"Oregon, Congressional District 04",,No,No,,No,No,No,Yes,US Army Corps of Engineers,US Army Corps of Engineers,US Army Corps of Engineers,US Army Corps of Engineers,US Army Corps of Engineers,US Army Corps of Engineers,US Army Corps of Engineers,US Army Corps of Engineers,,,,,,,12,7,12,12,Less than 25 feet,4145,,1941,1940-1949,,56647,56647,42549,,,,,,,,,,,,08/20/2026,06/24/2020,0,Low,Not Available,,Not Applicable,11/20/2025,Yes,08/25/2008,Yes,https://www.nwp.usace.army.mil/Locations/Willamette-Valley/Fern-Ridge/,No
Fern Ridge Dam - Dike 1,,,OR00016,S001,OR00016S001,USACE - Portland District,Federal,Federal,,Yes,,No,,,US Army Corps of Engineers,OR00016S001,44.115,-123.2761,Oregon,Lane,Eugene,,,"Oregon, Congressional District 04",,No,No,,No,No,No,Yes,US Army Corps of Engineers,US Army Corps of Engineers,US Army Corps of Engineers,US Army Corps of Engineers,US Army Corps of Engineers,US Army Corps of Engineers,US Army Corps of Engineers,US Army Corps of Engineers,,,,,,,6,1,6,6,Less than 25 feet,915,,1941,1940-1949,,9774,9774,0,,,,,,,,,,,,08/20/2026,06/24/2020,5,Low,Not Available,,Not Applicable,11/20/2025,Yes,08/25/2008,N/A,https://www.nwp.usace.army.mil/Locations/Willamette-Valley/Fern-Ridge/,No
Allegheny River Lock and Dam 4 - Braeburn Dike,,,PA00114,S001,PA00114S001,USACE - Pittsburgh District,Federal,Federal,,Yes,,No,,,US Army Corps of Engineers,PA00114S001,40.614461,-79.71343333,Pennsylvania,Westmoreland,,,Allegheny,"Pennsylvania, Congressional District 14",,No,,,,,,Yes,US Army Corps of Engineers,US Army Corps of Engineers,US Army Corps of Engineers,US Army Corps of Engineers,US Army Corps of Engineers,US Army Corps of Engineers,US Army Corps of Engineers,US Army Corps of Engineers,No,,Earth,Earth,,,8,8,8,8,Less than 25 feet,,,1927,1920-1929,,0,,,,,,,,,,,,,,12/04/2025,11/07/2018,5,High,Not Available,,Not Applicable,11/20/2025,Yes,,N/A,,No
Prado Dam - California Institute For Women Dike ,,,CA10022,S003,CA10022S003,USACE - Los Angeles District,Federal,Federal,,Yes,USACE,No,Flood Risk Reduction,Flood Risk Reduction,US Army Corps of Engineers,CA10022S003,33.9488,-117.6412,California,San Bernardino,Chino,,,"California, Congressional District 35",,No,No,,No,No,No,Yes,US Army Corps of Engineers,US Army Corps of Engineers,US Army Corps of Engineers,US Army Corps of Engineers,US Army Corps of Engineers,US Army Corps of Engineers,US Army Corps of Engineers,,,,Earth,Earth,,,32,32,32,32,25-50 feet,6000,,2017,Since 2000,,1289000,1289000,0,,,,,,,0,0,,,,02/19/2026,06/09/2022,5,High,Not Available,,Not Applicable,11/20/2025,Yes,04/22/2025,Yes,https://www.spl.usace.army.mil/Missions/Asset-Management/Prado-Dam/,No
Paint Creek Dam - Dike,,,OH00017,S003,OH00017S003,USACE - Huntington District,Federal,Federal,,Yes,,No,Flood Risk Reduction,Flood Risk Reduction,US Army Corps of Engineers,OH00017S003,39.244589,-83.352231,Ohio,Highland,Bainbridge,,,"Ohio, Congressional District 02",,No,No,,No,No,No,Yes,US Army Corps of Engineers,US Army Corps of Engineers,US Army Corps of Engineers,US Army Corps of Engineers,US Army Corps of Engineers,US Army Corps of Engineers,US Army Corps of Engineers,US Army Corps of Engineers,,,Earth,Earth,,,,54,70,70,51-100 feet,1400,,1973,1970-1979,,128390,128390,16614,,,,,,,,,,,,10/01/2026,07/31/2025,5,High,Not Available,,Normal Operations,11/20/2025,Yes,07/05/2011,No,https://www.lrh.usace.army.mil/Missions/Civil-Works/Dam-Safety-Program/,No
Crooked Creek Dam,Crooked Creek Lake,,PA00102,,PA00102,USACE - Pittsburgh District,Federal,Federal,0,No,CELRP,No,Flood Risk Reduction,Flood Risk Reduction;Recreation,US Army Corps of Engineers,PA00102,40.715295586,-79.5101886859999,Pennsylvania,Armstrong,Ford City,,Crooked Creek,"Pennsylvania, Congressional District 15",,No,No,,No,No,No,Yes,US Army Corps of Engineers,US Army Corps of Engineers,US Army Corps of Engineers,US Army Corps of Engineers,US Army Corps of Engineers,US Army Corps of Engineers,US Army Corps of Engineers,US Army Corps of Engineers,,,Earth,Earth,Earth,Rock;Soil,,134,143,143,Greater than 100 feet,1480,1400000,1940,1940-1949,,132000,132000,4500,350,277,103200,Uncontrolled,390,0,0,0,,,Valve2;Vertical Lift3,09/16/2026,10/12/2021,5,High,Not Available,,Normal Operations,11/20/2025,Yes,,Yes,https://www.usace.army.mil/Missions/Civil-Works/Dam-Safety-Program/Article/2870967/dam-safety-program/,No
Hancock Brook Dam - Railroad Dike,,,CT00507,S001,CT00507S001,USACE - New England District,Federal,Federal,0,Yes,,No,Flood Risk Reduction,Flood Risk Reduction,US Army Corps of Engineers,CT00507S001,41.6255996100001,-73.030587708,Connecticut,Litchfield,Waterbury,,Hancock Brook,"Connecticut, Congressional District 05",,No,No,,No,No,No,Yes,US Army Corps of Engineers,US Army Corps of Engineers,US Army Corps of Engineers,US Army Corps of Engineers,US Army Corps of Engineers,US Army Corps of Engineers,US Army Corps of Engineers,US Army Corps of Engineers,,,Earth,Earth,,,51,46,51,51,51-100 feet,630,177700,1966,1960-1969,,8720,8720,130,40,12,16600,Uncontrolled,100,0,0,0,,,,08/03/2026,10/28/2020,5,High,Not Available,,Normal Operations,11/20/2025,Yes,07/01/2013,Yes,https://www.nae.usace.army.mil/Missions/Civil-Works/Flood-Risk-Management/Connecticut/Hancock-Brook/,No
Littleville Dam - Saddle Dike,,,MA00968,S001,MA00968S001,USACE - New England District,Federal,Federal,,Yes,CENAE,No,Flood Risk Reduction,Flood Risk Reduction,US Army Corps of Engineers,MA00968S001,42.2661722220001,-72.876047222,Massachusetts,Hampshire,Hampden,,Westfield River,"Massachusetts, Congressional District 01",,No,No,,No,No,No,Yes,US Army Corps of Engineers,US Army Corps of Engineers,US Army Corps of Engineers,US Army Corps of Engineers,US Army Corps of Engineers,US Army Corps of Engineers,US Army Corps of Engineers,US Army Corps of Engineers,,,Gravity,Gravity;Earth,Earth,Rock;Soil,46,41,46,46,25-50 feet,935,,1965,1960-1969,,0,,,275,52,,,,0,0,0,,,,09/16/2026,11/01/2017,5,High,Not Available,,Normal Operations,11/20/2025,Yes,09/30/2019,Yes,https://www.nae.usace.army.mil/Missions/Civil-Works/Flood-Risk-Management/Massachusetts/Littleville/,No
Shelbyville Dam - Wood Dam,,,IL00737,S001,IL00118S001,USACE - St. Louis District,Federal,Federal,0,Yes,,No,Recreation,Recreation,US Army Corps of Engineers,IL00118S001,39.5288100000001,-88.61127,Illinois,Moultrie,Findlay,7,Kaskaskia-Tr,"Illinois, Congressional District 15",,Yes,Yes,Idnr,Yes,Yes,Yes,Yes,US Army Corps of Engineers,US Army Corps of Engineers,,,US Army Corps of Engineers,US Army Corps of Engineers,US Army Corps of Engineers,,,,Earth,Earth,,,28,,,28,25-50 feet,430,,1970,1970-1979,,567,567,246,,,,Uncontrolled,112,0,0,0,,,,01/29/2026,03/30/2020,5,Low,Not Available,,Not Applicable,11/20/2025,Yes,02/28/2018,N/A,https://www.usace.army.mil/Missions/Civil-Works/Dam-Safety-Program/Article/2870967/dam-safety-program/,No
Conant Brook Dam - Dike,,,MA00965,S001,MA00965S001,USACE - New England District,Federal,Federal,0,Yes,,No,Flood Risk Reduction,Flood Risk Reduction,US Army Corps of Engineers,MA00965S001,42.0751174960001,-72.290180205,Massachusetts,Hampden,Monson,,Conant Brook,"Massachusetts, Congressional District 01",,No,No,,No,No,No,Yes,US Army Corps of Engineers,US Army Corps of Engineers,US Army Corps of Engineers,US Army Corps of Engineers,US Army Corps of Engineers,US Army Corps of Engineers,US Army Corps of Engineers,US Army Corps of Engineers,No,N/A,Gravity,Gravity;Earth,,,14,9,14,14,Less than 25 feet,1050,338825,1966,1960-1969,,5400,5400,0,1,8,10750,Uncontrolled,100,0,0,0,,,,12/04/2025,06/01/2021,5,High,Not Available,,Normal Operations,11/20/2025,Yes,03/29/2018,Yes,https://www.nae.usace.army.mil/Missions/Civil-Works/Flood-Risk-Management/Massachusetts/Conant-Brook/,No
Dover Dam - U.S. Brick Levee,,,OH00003,S004,OH00003S004,USACE - Huntington District,Federal,Federal,0,Yes,,No,Flood Risk Reduction,Flood Risk Reduction,US Army Corps of Engineers,OH00003S004,40.600411777,-81.348407599,Ohio,Tuscarawas,Mineral City,,Tuscarawas River,"Ohio, Congressional District 06",,No,No,,No,No,No,Yes,US Army Corps of Engineers,US Army Corps of Engineers,US Army Corps of Engineers,US Army Corps of Engineers,US Army Corps of Engineers,US Army Corps of Engineers,US Army Corps of Engineers,US Army Corps of Engineers,,,Earth,Earth,,,20,,,20,Less than 25 feet,1380,,1937,1930-1939,,165300,165300,0,,,,,,,,,,,,09/25/2026,05/27/2021,5,High,Not Available,,Normal Operations,08/30/2026,Yes,07/29/2020,Yes,https://www.lrh.usace.army.mil/Missions/Civil-Works/Dam-Safety-Program/,No
Hop Brook Dam - Saddle Dike,,,CT00504,S001,CT00504S001,USACE - New England District,Federal,Federal,0,Yes,,No,Flood Risk Reduction,Flood Risk Reduction,US Army Corps of Engineers,CT00504S001,41.517528857,-73.062371345,Connecticut,New Haven,Naugatuck,,Naugutuck,"Connecticut, Congressional District 03",,No,No,,No,No,No,Yes,US Army Corps of Engineers,US Army Corps of Engineers,US Army Corps of Engineers,US Army Corps of Engineers,US Army Corps of Engineers,US Army Corps of Engineers,US Army Corps of Engineers,US Army Corps of Engineers,,,Earth,Earth,Earth,,33,31,33,33,25-50 feet,400,,1968,1960-1969,,23000,23000,,,,,None,,,,,,,,09/16/2026,11/01/2022,5,High,Not Available,,Normal Operations,11/20/2025,Yes,02/10/2023,Yes,https://www.nae.usace.army.mil/Missions/Civil-Works/Flood-Risk-Management/Connecticut/Hop-Brook/,No
Black Butte Dam - Dike 6,Black Butte Lake,,CA10102,S001,CA10102S001,USACE - Sacramento District,Federal,Federal,,Yes,,No,Flood Risk Reduction,Flood Risk Reduction;Irrigation;Recreation;Hydroelectric,US Army Corps of Engineers,CA10102S001,39.826938,-122.352704,California,Tehama,,,Stony Creek,"California, Congressional District 01",,No,No,,No,No,No,Yes,US Army Corps of Engineers,US Army Corps of Engineers,US Army Corps of Engineers,US Army Corps of Engineers,US Army Corps of Engineers,US Army Corps of Engineers,US Army Corps of Engineers,,,,Earth,Earth,,,7,7,7,7,Less than 25 feet,220,,1963,1960-1969,,354000,354000,105900,4560,736,,None,,0,0,0,,,None0,02/19/2026,,,Low,Not Available,,Normal Operations,11/20/2025,Yes,02/14/2025,Yes,,No
C-43 Reservoir,,,FL90105,,FL90105,SFWMD;USACE - Jacksonville District,Local Government;Federal,Local Government,,No,"Carollo Engineers Inc.;GCME;Lago Consulting;Smith Engineering Consultants, Inc.;Stanley Consultants, Inc;Terracon Consultants, Inc.",No,Other,Other,Florida,,26.681,-81.51,Florida,Hendry,LaBelle,3.4,Townsend Canal - OS,"Florida, Congressional District 18",,Yes,Yes,Fdep,Yes,Yes,Yes,Yes,US Army Corps of Engineers,US Army Corps of Engineers,US Army Corps of Engineers,US Army Corps of Engineers,US Army Corps of Engineers,US Army Corps of Engineers,US Army Corps of Engineers,US Army Corps of Engineers,,,Earth,Earth,,Soil,38,29,43,43,25-50 feet,101055,15000000,2025,Since 2000,,211327,211327,173000,9700,529000,735,Uncontrolled,15,0,0,0,,,Roller12,12/04/2025,,,High,,,Not Applicable,11/20/2025,Yes,05/01/2025,No,,No
Island Creek Dam,,,VA117002,,VA117002,USACE - Wilmington District,Federal,Federal,0,No,COE,No,Flood Risk Reduction,Flood Risk Reduction;Other,US Army Corps of Engineers,VA117002,36.549563248,-78.465343605,Virginia,Mecklenburg,Clarksville,4,Island Creek,"Virginia, Congressional District 05",,No,No,,No,No,No,Yes,US Army Corps of Engineers,US Army Corps of Engineers,US Army Corps of Engineers,US Army Corps of Engineers,US Army Corps of Engineers,US Army Corps of Engineers,US Army Corps of Engineers,US Army Corps of Engineers,,,Earth,Earth,Earth,Rock,,92,92,92,51-100 feet,2100,0,1951,1950-1959,,43500,43500,910,170,67,0,None,0,0,0,0,,,,06/17/2026,08/20/2025,5,High,Not Available,,Normal Operations,11/20/2025,Yes,09/08/2023,Yes,https://www.usace.army.mil/Missions/Civil-Works/Dam-Safety-Program/Article/2870967/dam-safety-program/,No
Burns Dam,Burns Reservoir,,CA10103,,CA10103,USACE - Sacramento District,Federal,Federal,0,No,,No,Flood Risk Reduction,Flood Risk Reduction;Hydroelectric,US Army Corps of Engineers,CA10103,37.3768739390001,-120.275432349,California,Merced,Planada,4,Burns Creek,"California, Congressional District 13",,No,No,,No,No,No,Yes,US Army Corps of Engineers,US Army Corps of Engineers,US Army Corps of Engineers,US Army Corps of Engineers,US Army Corps of Engineers,US Army Corps of Engineers,US Army Corps of Engineers,US Army Corps of Engineers,,,Earth,Earth,Earth,,65,49,53,65,51-100 feet,4070,0,1950,1950-1959,,21836,21836,6934,670,74,6600,Uncontrolled,40,0,0,0,,,,09/15/2026,04/14/2021,5,High,Not Available,,Normal Operations,11/20/2025,Yes,05/06/2025,Yes,https://www.spk.usace.army.mil/Missions/Civil-Works/Dam-Safety-Program/,No
Buffumville Dam - Pierpoint Meadow Pond Dike,Buffumville Lake,,MA03493,S001,MA00964S001,USACE - New England District,Federal,Federal,0,Yes,,No,Flood Risk Reduction,Flood Risk Reduction,US Army Corps of Engineers,MA00964S001,42.07547,-71.91395,Massachusetts,Worcester,Webster,,Little River,"Massachusetts, Congressional District 01",,No,No,,No,No,No,Yes,US Army Corps of Engineers,US Army Corps of Engineers,US Army Corps of Engineers,US Army Corps of Engineers,US Army Corps of Engineers,US Army Corps of Engineers,US Army Corps of Engineers,US Army Corps of Engineers,,,Gravity,Gravity;Earth,,,18,3,18,18,Less than 25 feet,610,350000,1958,1950-1959,,12700,12700,1440,200,27,29800,Uncontrolled,298,0,0,0,,,,09/16/2026,10/29/2019,5,High,Not Available,,Normal Operations,11/20/2025,Yes,05/04/2021,Yes,https://www.nae.usace.army.mil/Missions/Civil-Works/Flood-Risk-Management/Massachusetts/Buffumville/,No
Prado Dam - Yorba Slaughter Adobe Dike,Adobe Dike,,CA10022,S004,CA10022S004,USACE - Los Angeles District,Federal,Federal,,Yes,USACE - Los Angeles District,No,Flood Risk Reduction,Flood Risk Reduction,US Army Corps of Engineers,CA10022S004,33.940405,-117.664789,California,San Bernardino,Chino,,Santa Ana River,"California, Congressional District 35",,No,No,,No,No,No,Yes,US Army Corps of Engineers,US Army Corps of Engineers,US Army Corps of Engineers,US Army Corps of Engineers,US Army Corps of Engineers,US Army Corps of Engineers,US Army Corps of Engineers,,,,Earth,Earth,,,44,44,44,44,25-50 feet,,,2017,Since 2000,,0.4,0.4,0,,,,,,0,0,0,,,,12/04/2025,,,Significant,Not Available,,Not Applicable,11/20/2025,No,04/22/2025,No,,No
Woonsocket Falls Dam - Dikes 1 and 2,,,RI03902,S001,RI03902S001,USACE - New England District,Federal,Federal,1,Yes,CENAE,No,Flood Risk Reduction,Flood Risk Reduction,US Army Corps of Engineers,RI03902S001,42.0101280530001,-71.529141947,Rhode Island,Providence,Woonsocket,,Blackstone,"Rhode Island, Congressional District 01",,No,No,,No,No,No,Yes,US Army Corps of Engineers,US Army Corps of Engineers,US Army Corps of Engineers,US Army Corps of Engineers,US Army Corps of Engineers,US Army Corps of Engineers,US Army Corps of Engineers,US Army Corps of Engineers,No,N/A,,,Earth,Rock,9,,,9,Less than 25 feet,1040,,1960,1960-1969,,300,300,,,369,,None,,0,,,,,,12/04/2025,09/27/2022,5,Low,Not Available,,Normal Operations,11/20/2025,Yes,06/30/2022,N/A,https://www.usace.army.mil/Missions/Civil-Works/Dam-Safety-Program/Article/2870967/dam-safety-program/,No
DeGray Dam - Saddle Dike,DeGray Lake,,AR00152,S001,AR00151S001,USACE - Vicksburg District,Federal,Federal,0,Yes,,No,Flood Risk Reduction,Flood Risk Reduction;Recreation;Hydroelectric;Water Supply,US Army Corps of Engineers,AR00151S001,34.24145594,-93.104772944,Arkansas,Clark,Caddo Valley,5,Caddo River,"Arkansas, Congressional District 04",,No,No,,No,No,No,Yes,US Army Corps of Engineers,US Army Corps of Engineers,US Army Corps of Engineers,US Army Corps of Engineers,US Army Corps of Engineers,US Army Corps of Engineers,US Army Corps of Engineers,US Army Corps of Engineers,,,Earth,Earth,,,,238,243,243,Greater than 100 feet,3400,6831000,1969,1960-1969,,1377100,1377100,654700,13400,453,67000,Uncontrolled,200,0,0,0,,,,09/28/2026,07/22/2020,5,High,Not Available,,Normal Operations,11/20/2025,Yes,12/02/1996,Yes,https://www.usace.army.mil/Missions/Civil-Works/Dam-Safety-Program/Article/2870967/dam-safety-program/,No
Marsh Dam,Marsh Lake,,MN00579,,MN00579,USACE - St. Paul District,Federal,Federal,0,No,,No,Flood Risk Reduction,Flood Risk Reduction;Other;Fish and Wildlife Pond;Recreation;Water Supply,US Army Corps of Engineers,MN00579,45.1716690000001,-96.09333,Minnesota,Swift,Montevideo,24,Minnesota,"Minnesota, Congressional District 07",,No,No,,No,No,No,Yes,US Army Corps of Engineers,US Army Corps of Engineers,US Army Corps of Engineers,US Army Corps of Engineers,US Army Corps of Engineers,US Army Corps of Engineers,US Army Corps of Engineers,US Army Corps of Engineers,,,Earth,Earth,Earth,Soil,9,12,28,28,25-50 feet,9700,424300,1942,1940-1949,,91000,91000,12050,5100,2800,2700,Uncontrolled,202,0,0,0,,,Slide (sluice gate)1;Uncontrolled0,09/30/2026,06/16/2022,5,Low,Not Available,,Normal Operations,11/20/2025,Yes,10/01/1995,N/A,https://www.usace.army.mil/Missions/Civil-Works/Dam-Safety-Program/Article/2870967/dam-safety-program/,No
Cheatham Lock and Dam,Cheatham Lake,,TN02101,,TN02101,USACE - Nashville District,Federal,Federal,0,No,CELRN,No,Navigation,Navigation;Other;Recreation;Hydroelectric;Water Supply,US Army Corps of Engineers,TN02101,36.319511,-87.222796,Tennessee,Dickson,Nashville,,Cumberland River,"Tennessee, Congressional District 07",,No,No,,No,No,No,Yes,US Army Corps of Engineers,US Army Corps of Engineers,US Army Corps of Engineers,US Army Corps of Engineers,US Army Corps of Engineers,US Army Corps of Engineers,US Army Corps of Engineers,US Army Corps of Engineers,,,Gravity,Gravity,Concrete,Rock,,31,75,75,51-100 feet,981,286070,1954,1950-1959,,104000,104000,84200,7450,14160,93000,Controlled,420,1,800,110,,,,03/12/2026,03/20/2024,5,Significant,Not Available,,Normal Operations,11/20/2025,Yes,01/13/2023,N/A,https://www.usace.army.mil/Missions/Civil-Works/Dam-Safety-Program/Article/2870967/dam-safety-program/,No
Allatoona Dam - Saddle Dike,Allatoona Lake,,GA03742,S001,GA03742S001,USACE - Mobile District,Federal,Federal,0,Yes,CESAM,No,Flood Risk Reduction,Flood Risk Reduction;Recreation;Hydroelectric;Water Supply,US Army Corps of Engineers,GA03742S001,34.112355,-84.713096,Georgia,Bartow,Rome,25,Etowah,"Georgia, Congressional District 11",,No,No,,No,No,No,Yes,US Army Corps of Engineers,US Army Corps of Engineers,US Army Corps of Engineers,US Army Corps of Engineers,US Army Corps of Engineers,US Army Corps of Engineers,US Army Corps of Engineers,US Army Corps of Engineers,No,N/A,Gravity,Gravity,,,37,33,37,37,25-50 feet,2300,0,1965,1960-1969,2011O,886200,886200,367471,11862,1122,0,None,0,0,0,0,,,,12/04/2025,03/26/2019,5,High,Not Available,,Normal Operations,11/20/2025,Yes,08/16/2022,Yes,https://www.sam.usace.army.mil/Missions/Civil-Works/Recreation/Allatoona-Lake/,No
Mansfield Hollow Dam - Dike C,Mansfield Hollow Lake,,CT00503,S003,CT00503S003,USACE - New England District,Federal,Federal,0,Yes,,No,Flood Risk Reduction,Flood Risk Reduction,US Army Corps of Engineers,CT00503S003,41.764999,-72.1816709999999,Connecticut,Tolland,Willimantic,,Nachaug River,"Connecticut, Congressional District 02",,No,No,,No,No,No,Yes,US Army Corps of Engineers,US Army Corps of Engineers,US Army Corps of Engineers,US Army Corps of Engineers,US Army Corps of Engineers,US Army Corps of Engineers,US Army Corps of Engineers,US Army Corps of Engineers,,,Gravity,Gravity;Earth,Earth,,78,74,78,78,51-100 feet,14050,1458000,1952,1950-1959,,76000,76000,2800,450,159,106500,Uncontrolled,690,0,0,0,,,,09/16/2026,06/01/2020,5,High,Not Available,,Normal Operations,11/20/2025,Yes,08/29/2019,Yes,https://www.nae.usace.army.mil/Missions/Civil-Works/Flood-Risk-Management/Connecticut/Mansfield-Hollow/,No
Mansfield Hollow Dam - Dike F,Mansfield Hollow Lake,,CT00503,S006,CT00503S006,USACE - New England District,Federal,Federal,0,Yes,,No,Flood Risk Reduction,Flood Risk Reduction,US Army Corps of Engineers,CT00503S006,41.764999,-72.1816709999999,Connecticut,Tolland,Willimantic,,Nachaug River,"Connecticut, Congressional District 02",,No,No,,No,No,No,Yes,US Army Corps of Engineers,US Army Corps of Engineers,US Army Corps of Engineers,US Army Corps of Engineers,US Army Corps of Engineers,US Army Corps of Engineers,US Army Corps of Engineers,US Army Corps of Engineers,,,Gravity,Gravity;Earth,Earth,,78,74,78,78,51-100 feet,14050,1458000,1952,1950-1959,,76000,76000,2800,450,159,106500,Uncontrolled,690,0,0,0,,,,09/16/2026,06/01/2020,5,High,Not Available,,Normal Operations,11/20/2025,Yes,08/29/2019,Yes,https://www.nae.usace.army.mil/Missions/Civil-Works/Flood-Risk-Management/Connecticut/Mansfield-Hollow/,No
Dequeen Dam - Saddle Dike A,Dequeen Lake,,AR01201,S001,AR01201S001,USACE - Little Rock District,Federal,Federal,0,Yes,,No,Flood Risk Reduction,Flood Risk Reduction;Recreation;Water Supply,US Army Corps of Engineers,AR01201S001,34.098331,-94.381668,Arkansas,Sevier,Dequeen,,Rolling Fork,"Arkansas, Congressional District 04",,No,No,,No,No,No,Yes,US Army Corps of Engineers,US Army Corps of Engineers,US Army Corps of Engineers,US Army Corps of Engineers,US Army Corps of Engineers,US Army Corps of Engineers,US Army Corps of Engineers,US Army Corps of Engineers,,,Earth,Earth,Earth,,160,145,72,160,Greater than 100 feet,865,2602300,1977,1970-1979,,370600,370600,34900,1700,169,17500,None,0,0,0,0,,,,09/18/2026,12/08/2021,5,High,Not Available,,Normal Operations,11/20/2025,Yes,07/14/2023,Yes,https://www.swl.usace.army.mil/Missions/Recreation/Lakes/DeQueen-Lake/Dam-and-Lake-Information/,No
Dequeen Dam,Dequeen Lake,,AR01201,,AR01201,USACE - Little Rock District,Federal,Federal,3,No,CESWT,No,Flood Risk Reduction,Flood Risk Reduction;Recreation;Water Supply,US Army Corps of Engineers,AR01201,34.098186185,-94.381779573,Arkansas,Sevier,Dequeen,,Rolling Fork,"Arkansas, Congressional District 04",,No,No,,No,No,No,Yes,US Army Corps of Engineers,US Army Corps of Engineers,US Army Corps of Engineers,US Army Corps of Engineers,US Army Corps of Engineers,US Army Corps of Engineers,US Army Corps of Engineers,US Army Corps of Engineers,,,Rockfill,Rockfill;Earth,Earth,Rock,160,145,160,160,Greater than 100 feet,2360,2602300,1977,1970-1979,,370600,370600,34900,1700,169,17500,Uncontrolled,200,0,0,0,,,Slide (sluice gate)0,09/28/2026,12/08/2021,5,High,Not Available,,Normal Operations,11/20/2025,Yes,07/14/2023,Yes,https://www.swl.usace.army.mil/Missions/Recreation/Lakes/DeQueen-Lake/Dam-and-Lake-Information/,No
Brea Dam - Saddle Dike 1,Brea Reservoir,,CA10016,S001,CA10016S001,USACE - Los Angeles District,Federal,Federal,1,Yes,,No,Flood Risk Reduction,Flood Risk Reduction;Recreation,US Army Corps of Engineers,CA10016S001,33.9023240000001,-117.927467,California,Orange,Fullerton,,Brea Creek,"California, Congressional District 45",,No,No,,No,No,No,Yes,US Army Corps of Engineers,US Army Corps of Engineers,US Army Corps of Engineers,US Army Corps of Engineers,US Army Corps of Engineers,US Army Corps of Engineers,US Army Corps of Engineers,US Army Corps of Engineers,,,Earth,Earth,,,87,75,,87,51-100 feet,1765,0,1942,1940-1949,,7420,7420,0,1,22,27000,Uncontrolled,150,0,0,0,,,,01/08/2026,11/14/2018,5,High,Not Available,,Normal Operations,11/20/2025,Yes,10/31/2019,No,https://www.usace.army.mil/Missions/Civil-Works/Dam-Safety-Program/Article/2870967/dam-safety-program/,No
"Pokegama Dam - Dikes 1, 2 and 3",Pokegama Reservoir,,MN00584,S001,MN00584S001,USACE - St. Paul District,Federal,Federal,0,Yes,,No,Recreation,Recreation;Navigation;Fish and Wildlife Pond;Water Supply;Flood Risk Reduction,US Army Corps of Engineers,MN00584S001,47.1420000000001,-93.4701,Minnesota,Itasca,Grand Rapids,,Mississippi,"Minnesota, Congressional District 08",,No,No,,No,No,No,Yes,US Army Corps of Engineers,US Army Corps of Engineers,US Army Corps of Engineers,US Army Corps of Engineers,US Army Corps of Engineers,US Army Corps of Engineers,US Army Corps of Engineers,US Army Corps of Engineers,,,Earth,Earth,,,17,15,15,17,Less than 25 feet,385,3700,1884,Before 1900,,120000,120000,82000,13000,660,6000,,108,0,0,0,,,,09/30/2026,07/13/2021,5,Significant,Not Available,,Normal Operations,11/20/2025,Yes,08/01/1994,N/A,https://www.usace.army.mil/Missions/Civil-Works/Dam-Safety-Program/Article/2870967/dam-safety-program/,No
Mansfield Hollow Dam - Dike D and E,Mansfield Hollow Lake,,CT00503,S004,CT00503S004,USACE - New England District,Federal,Federal,0,Yes,,No,Flood Risk Reduction,Flood Risk Reduction,US Army Corps of Engineers,CT00503S004,41.764999,-72.1816709999999,Connecticut,Tolland,Willimantic,,Nachaug River,"Connecticut, Congressional District 02",,No,No,,No,No,No,Yes,US Army Corps of Engineers,US Army Corps of Engineers,US Army Corps of Engineers,US Army Corps of Engineers,US Army Corps of Engineers,US Army Corps of Engineers,US Army Corps of Engineers,US Army Corps of Engineers,,,Gravity,Gravity;Earth,Earth,,78,74,78,78,51-100 feet,14050,1458000,1952,1950-1959,,76000,76000,2800,450,159,106500,Uncontrolled,690,0,0,0,,,,09/16/2026,06/01/2020,5,High,Not Available,,Normal Operations,11/20/2025,Yes,08/29/2019,Yes,https://www.nae.usace.army.mil/Missions/Civil-Works/Flood-Risk-Management/Connecticut/Mansfield-Hollow/,No
Dequeen Dam - Saddle Dike C,Dequeen Lake,,AR01201,S002,AR01201S002,USACE - Little Rock District,Federal,Federal,0,Yes,,No,Flood Risk Reduction,Flood Risk Reduction;Recreation;Water Supply,US Army Corps of Engineers,AR01201S002,34.098331,-94.381668,Arkansas,Sevier,Dequeen,,Rolling Fork,"Arkansas, Congressional District 04",,No,No,,No,No,No,Yes,US Army Corps of Engineers,US Army Corps of Engineers,US Army Corps of Engineers,US Army Corps of Engineers,US Army Corps of Engineers,US Army Corps of Engineers,US Army Corps of Engineers,US Army Corps of Engineers,,,Earth,Earth,Earth,,160,145,12,160,Greater than 100 feet,423,2602300,1977,1970-1979,,370600,370600,34900,1700,169,17500,None,0,0,0,0,,,,09/18/2026,12/08/2021,5,High,Not Available,,Normal Operations,11/20/2025,Yes,07/14/2023,Yes,https://www.swl.usace.army.mil/Missions/Recreation/Lakes/DeQueen-Lake/Dam-and-Lake-Information/,No
Beaver Dam - Saddle Dike 3,Beaver Lake,,AR00174,S001,AR00174S001,USACE - Little Rock District,Federal,Federal,0,Yes,,No,Flood Risk Reduction,Flood Risk Reduction;Recreation;Hydroelectric;Water Supply,US Army Corps of Engineers,AR00174S001,36.434258,-93.851493,Arkansas,Carroll,Beaver,,White,"Arkansas, Congressional District 03",,No,No,,No,No,No,Yes,US Army Corps of Engineers,US Army Corps of Engineers,US Army Corps of Engineers,US Army Corps of Engineers,US Army Corps of Engineers,US Army Corps of Engineers,US Army Corps of Engineers,US Army Corps of Engineers,,,Concrete,Concrete;Earth;Gravity,,,228,216,229,229,Greater than 100 feet,3335,2480000,1963,1960-1969,,1952000,1952000,1652000,28220,1186,342000,Controlled,280,0,0,0,,,,09/28/2026,06/09/2025,5,High,Not Available,,Normal Operations,11/20/2025,Yes,05/10/2023,Yes,https://www.swl.usace.army.mil/Missions/Recreation/Lakes/Beaver-Lake/Dam-and-Lake-Information/,No
Pokegama Dam - Dikes 4 and 5,Pokegama Reservoir,,MN00584,S002,MN00584S002,USACE - St. Paul District,Federal,Federal,0,Yes,,No,Recreation,Recreation;Navigation;Fish and Wildlife Pond;Water Supply;Flood Risk Reduction,US Army Corps of Engineers,MN00584S002,47.224625276,-93.5783589769999,Minnesota,Itasca,Grand Rapids,,Mississippi,"Minnesota, Congressional District 08",,No,No,,No,No,No,Yes,US Army Corps of Engineers,US Army Corps of Engineers,US Army Corps of Engineers,US Army Corps of Engineers,US Army Corps of Engineers,US Army Corps of Engineers,US Army Corps of Engineers,US Army Corps of Engineers,,,Concrete,Concrete,,,17,15,15,17,Less than 25 feet,385,3700,1884,Before 1900,,120000,120000,82000,13000,660,6000,Controlled,108,0,0,0,,,,09/30/2026,07/13/2021,5,Significant,Not Available,,Normal Operations,11/20/2025,Yes,08/01/1994,N/A,https://www.usace.army.mil/Missions/Civil-Works/Dam-Safety-Program/Article/2870967/dam-safety-program/,No
Mississippi River Lock and Dam 5a - Winona Levee,Pool 5a,,MN00588,S001,MN00588S001,USACE - St. Paul District,Federal,Federal,0,Yes,,No,Navigation,Navigation;Recreation,US Army Corps of Engineers,MN00588S001,44.0922000000001,-91.7202,Minnesota,Winona,Winona,3,Mississippi,"Minnesota, Congressional District 01",,No,No,,No,No,No,Yes,US Army Corps of Engineers,US Army Corps of Engineers,US Army Corps of Engineers,US Army Corps of Engineers,US Army Corps of Engineers,US Army Corps of Engineers,US Army Corps of Engineers,US Army Corps of Engineers,,,Concrete,Concrete;Earth,,,17,30,46,46,25-50 feet,21520,1271600,1936,1930-1939,,260000,260000,27700,7000,59105,268000,Controlled,575,1,600,110,,,,09/30/2026,04/24/2017,5,Significant,Not Available,,"Under Investigation, Planning, Permitting, or Design for Remediation",11/20/2025,Yes,05/01/1997,N/A,https://www.usace.army.mil/Missions/Civil-Works/Dam-Safety-Program/Article/2870967/dam-safety-program/,No
Salinas Dam,Santa Margarita Lake,,CA10202,,CA10202,USACE - Los Angeles District,Federal,Federal,0,No,CESPL,No,Water Supply,Water Supply;Flood Risk Reduction,US Army Corps of Engineers,CA10202,35.337156006,-120.50272905,California,San Luis Obispo,Santa Margarita,9,Salinas River,"California, Congressional District 24",,No,No,,No,No,No,Yes,US Army Corps of Engineers,US Army Corps of Engineers,US Army Corps of Engineers,US Army Corps of Engineers,US Army Corps of Engineers,US Army Corps of Engineers,US Army Corps of Engineers,,No,N/A,Concrete,Concrete;Arch,,,135,129,,135,Greater than 100 feet,305,0,1941,1940-1949,,43200,43200,26000,793,111,27000,Uncontrolled,100,0,0,0,,,Valve0,01/08/2026,12/04/2018,5,High,Not Available,,Normal Operations,11/20/2025,Yes,04/01/2013,Yes,https://www.spl.usace.army.mil/Missions/Civil-Works/Projects-Studies/Salinas-Dam-Disposition-Study/,No
Barre Falls Dam - Dike 3,Dry Reservoir,,MA03566,S003,MA00962S003,USACE - New England District,Federal,Federal,0,Yes,,No,Flood Risk Reduction,Flood Risk Reduction,US Army Corps of Engineers,MA00962S003,42.42833,-72.02667,Massachusetts,Worcester,Barre,,Ware River,"Massachusetts, Congressional District 02",,No,No,,No,No,No,Yes,US Army Corps of Engineers,US Army Corps of Engineers,US Army Corps of Engineers,US Army Corps of Engineers,US Army Corps of Engineers,US Army Corps of Engineers,US Army Corps of Engineers,US Army Corps of Engineers,,,Rockfill,Rockfill;Earth;Gravity,Earth,,48,43,48,48,25-50 feet,1020,460000,1958,1950-1959,,63000,63000,0,1,55,16300,Uncontrolled,60,0,0,0,,,,12/04/2025,06/23/2020,5,High,Not Available,,Normal Operations,11/20/2025,Yes,12/16/2020,Yes,https://www.nae.usace.army.mil/Missions/Civil-Works/Flood-Risk-Management/Massachusetts/Barre-Falls/,No
Moose Creek Dam - East Cutoff Dike,,,AK00085,S001,AK00085S001,USACE - Alaska District,Federal,Federal,0,Yes,CEPOA,No,Flood Risk Reduction,Flood Risk Reduction,US Army Corps of Engineers,AK00085S001,64.7335140000001,-147.167011,Alaska,Fairbanks North Star Borough,Fairbanks,17,Chena River,"Alaska, Congressional District 00",,No,No,,No,No,No,Yes,US Army Corps of Engineers,US Army Corps of Engineers,US Army Corps of Engineers,US Army Corps of Engineers,US Army Corps of Engineers,US Army Corps of Engineers,US Army Corps of Engineers,US Army Corps of Engineers,,,Earth,Earth,Earth,Soil,40,43,60,60,51-100 feet,40200,0,1979,1970-1979,,224000,224000,0,1,1496,160000,None,2000,0,0,0,,,Vertical Lift0,12/04/2025,09/09/2021,5,High,Not Available,,Normal Operations,11/20/2025,Yes,04/18/2022,No,https://www.usace.army.mil/Missions/Civil-Works/Dam-Safety-Program/Article/2870967/dam-safety-program/,No
Elk City Dam - Elk City Levee,Elk City Lake,,KS00002,S001,KS00002S001,USACE - Tulsa District,Federal,Federal,0,Yes,,No,Flood Risk Reduction,Flood Risk Reduction,US Army Corps of Engineers,KS00002S001,37.2918900000001,-95.914999,Kansas,Montgomery,Independence,,Elk River,"Kansas, Congressional District 02",,No,No,,No,No,No,Yes,US Army Corps of Engineers,US Army Corps of Engineers,US Army Corps of Engineers,US Army Corps of Engineers,US Army Corps of Engineers,US Army Corps of Engineers,US Army Corps of Engineers,US Army Corps of Engineers,,,Earth,Earth,,,107,102,107,107,Greater than 100 feet,4840,4066000,1966,1960-1969,,850405,850405,46122,4440,634,120800,Uncontrolled,400,0,0,0,,,,03/25/2026,06/16/2020,5,High,Not Available,,Normal Operations,11/20/2025,Yes,02/07/2023,Yes,https://www.swt.usace.army.mil/Locations/Tulsa-District-Lakes/Kansas/Elk-City-Lake/,No
Foster Joseph Sayers Dam - Howard Levee,Blanchard Reservoir,Blanchard Dam,PA00005,S001,PA00005S001,USACE - Baltimore District,Federal,Federal,0,Yes,,No,Flood Risk Reduction,Flood Risk Reduction,US Army Corps of Engineers,PA00005S001,41.0169110000001,-77.65939,Pennsylvania,Centre,Blanchard,,Bald Eagle Creek,"Pennsylvania, Congressional District 15",,No,No,,No,No,No,Yes,US Army Corps of Engineers,US Army Corps of Engineers,US Army Corps of Engineers,US Army Corps of Engineers,US Army Corps of Engineers,US Army Corps of Engineers,US Army Corps of Engineers,US Army Corps of Engineers,,,Earth,Earth,,Soil,47,42,47,47,25-50 feet,6704,2300000,1966,1960-1969,,0,,0,0,0,0,None,0,0,0,0,,,,09/16/2026,06/08/2022,5,High,Not Available,,Normal Operations,11/20/2025,Yes,05/29/2023,Yes,https://www.usace.army.mil/Missions/Civil-Works/Dam-Safety-Program/Article/2870967/dam-safety-program/,No
Dequeen Dam - Saddle Dike E,Dequeen Lake,,AR01201,S003,AR01201S003,USACE - Little Rock District,Federal,Federal,0,Yes,,No,Flood Risk Reduction,Flood Risk Reduction;Recreation;Water Supply,US Army Corps of Engineers,AR01201S003,34.098331,-94.381668,Arkansas,Sevier,Dequeen,,Rolling Fork,"Arkansas, Congressional District 04",,No,No,,No,No,No,Yes,US Army Corps of Engineers,US Army Corps of Engineers,US Army Corps of Engineers,US Army Corps of Engineers,US Army Corps of Engineers,US Army Corps of Engineers,US Army Corps of Engineers,US Army Corps of Engineers,,,Rockfill,Rockfill;Earth,Earth,,160,145,22,160,Greater than 100 feet,1563,2602300,1977,1970-1979,,370600,370600,34900,1700,169,17500,None,200,0,0,0,,,,09/18/2026,12/08/2021,5,High,Not Available,,Normal Operations,11/20/2025,Yes,07/14/2023,Yes,https://www.swl.usace.army.mil/Missions/Recreation/Lakes/DeQueen-Lake/Dam-and-Lake-Information/,No
Ortona Lock and Dam,Ortona Lock and Dam,,FL00424,,FL00424,USACE - Jacksonville District,Federal,Federal,0,No,CESAJ,No,Flood Risk Reduction,Flood Risk Reduction;Irrigation;Navigation;Recreation,US Army Corps of Engineers,FL00424,26.7889321820001,-81.304029795,Florida,Glades,Ortona,1,Caloosahatchee River (C-43),"Florida, Congressional District 18",,Yes,Yes,Fdep,Yes,Yes,Yes,Yes,US Army Corps of Engineers,US Army Corps of Engineers,US Army Corps of Engineers,US Army Corps of Engineers,US Army Corps of Engineers,US Army Corps of Engineers,US Army Corps of Engineers,,,,,,Concrete,Soil,,30,38,38,25-50 feet,0,0,1937,1930-1939,,100986,100986,82375,0,0,5400,Controlled,91,1,250,50,,,Vertical Lift0,09/30/2026,06/22/2022,5,Low,Not Available,,Normal Operations,11/20/2025,Yes,10/27/2025,N/A,https://www.usace.army.mil/Missions/Civil-Works/Dam-Safety-Program/Article/2870967/dam-safety-program/,No
Blackwater Dam - Little Hill Dike,Dry Reservoir,,NH03848,S002,NH00001S002,USACE - New England District,Federal,Federal,0,Yes,,No,Flood Risk Reduction,Flood Risk Reduction,US Army Corps of Engineers,NH00001S002,43.341522,-71.767997,New Hampshire,Merrimack,Webster,,Blackwater River,"New Hampshire, Congressional District 02",,Yes,Yes,Nh Des,Yes,Yes,Yes,Yes,US Army Corps of Engineers,US Army Corps of Engineers,US Army Corps of Engineers,US Army Corps of Engineers,US Army Corps of Engineers,US Army Corps of Engineers,US Army Corps of Engineers,US Army Corps of Engineers,No,N/A,Gravity,Gravity;Earth,Earth,,38,33,38,38,25-50 feet,1425,299000,1941,1940-1949,,93400,93400,0,1,128,42800,Uncontrolled,241,0,0,0,,,,12/04/2025,10/25/2022,5,High,Not Available,,Normal Operations,11/20/2025,Yes,06/02/2021,Yes,https://www.nae.usace.army.mil/Missions/Civil-Works/Flood-Risk-Management/New-Hampshire/Blackwater/,No
Pine Canyon Dam - Saddle Dike 1,Pine Canyon Reservoir,,NV10001,S001,NV10001S001,USACE - Los Angeles District,Federal,Federal,0,Yes,,No,Flood Risk Reduction,Flood Risk Reduction,US Army Corps of Engineers,NV10001S001,37.4780930000001,-114.310555,Nevada,Lincoln,Caliente,,Pine Canyon,"Nevada, Congressional District 04",,No,No,,No,No,No,Yes,US Army Corps of Engineers,US Army Corps of Engineers,US Army Corps of Engineers,US Army Corps of Engineers,US Army Corps of Engineers,US Army Corps of Engineers,US Army Corps of Engineers,US Army Corps of Engineers,No,N/A,Earth,Earth,,,92,87,,92,51-100 feet,884,0,1957,1950-1959,,10725,10725,0,1,45,31700,Uncontrolled,330,0,0,0,,,,12/04/2025,04/01/2019,5,High,Not Available,,Normal Operations,11/20/2025,Yes,04/22/2025,Yes,https://www.usace.army.mil/Missions/Civil-Works/Dam-Safety-Program/Article/2870967/dam-safety-program/,No
Brookville Dam - Dunlapsville Levee,Brookville Lake,,IN03017,S001,IN03017S001,USACE - Louisville District,Federal,Federal,0,Yes,,No,Flood Risk Reduction,Flood Risk Reduction,US Army Corps of Engineers,IN03017S001,39.5897687950001,-84.9915042119999,Indiana,Union,Brookville,1,East Fork of Whitewater River,"Indiana, Congressional District 06",,No,No,,No,No,No,Yes,US Army Corps of Engineers,US Army Corps of Engineers,US Army Corps of Engineers,US Army Corps of Engineers,US Army Corps of Engineers,US Army Corps of Engineers,US Army Corps of Engineers,US Army Corps of Engineers,,,Earth,Earth,Earth,,46,,46,46,25-50 feet,1518,0,1974,1970-1979,,0,0,0,0,0,0,None,0,0,0,0,,,Uncontrolled0;Vertical Lift0,04/09/2026,08/01/2022,5,High,Not Available,,Normal Operations,11/20/2025,Yes,09/05/2019,Yes,https://www.usace.army.mil/Missions/Civil-Works/Dam-Safety-Program/Article/2870967/dam-safety-program/,No
Greers Ferry Dam - Saddle Dike 2,Greers Ferry Lake,,AR00173,S002,AR00173S002,USACE - Little Rock District,Federal,Federal,,Yes,,No,Flood Risk Reduction,Flood Risk Reduction;Irrigation;Fish and Wildlife Pond;Recreation;Hydroelectric;Water Supply,US Army Corps of Engineers,AR00173S002,35.475442532,-92.0894384759999,Arkansas,Cleburne,Heber Springs,,Little Red,"Arkansas, Congressional District 02",,No,No,,No,No,No,Yes,US Army Corps of Engineers,US Army Corps of Engineers,US Army Corps of Engineers,US Army Corps of Engineers,US Army Corps of Engineers,US Army Corps of Engineers,US Army Corps of Engineers,US Army Corps of Engineers,,,Earth,Earth,Earth,Rock,43,72,48,72,51-100 feet,3000,278550,1962,1960-1969,,2844000,2844000,1910000,31460,1146,,None,,,,,,,,09/02/2026,11/21/2024,5,High,Not Available,,Not Applicable,11/20/2025,Yes,03/03/2026,Yes,https://www.swl.usace.army.mil/Missions/Recreation/Lakes/Greers-Ferry-Lake/,No
Pokegama Dam,Pokegama Lake,,MN00584,,MN00584,USACE - St. Paul District,Federal,Federal,2,No,CEMVP,No,Recreation,Recreation;Other;Navigation;Fish and Wildlife Pond;Water Supply;Flood Risk Reduction,US Army Corps of Engineers,MN00584,47.2509000000001,-93.5877,Minnesota,Itasca,Grand Rapids,2,Mississippi,"Minnesota, Congressional District 08",,No,No,,No,No,No,Yes,US Army Corps of Engineers,US Army Corps of Engineers,US Army Corps of Engineers,US Army Corps of Engineers,US Army Corps of Engineers,US Army Corps of Engineers,US Army Corps of Engineers,US Army Corps of Engineers,,,Concrete,Concrete;Timber Crib;Earth,Earth,Rock,17,15,15,17,Less than 25 feet,385,3700,1884,Before 1900,,120000,120000,82000,13000,660,6000,,108,0,0,0,,,Other Controlled8;Slide (sluice gate)6,09/29/2026,07/31/2026,5,Significant,Not Available,,"Under Investigation, Planning, Permitting, or Design for Remediation",11/20/2025,Yes,08/01/1994,Yes,https://www.usace.army.mil/Missions/Civil-Works/Dam-Safety-Program/Article/2870967/dam-safety-program/,No
Whitlow Ranch Dam - Saddle Dike 1,Whitlow Ranch Reservoir,,AZ10004,S001,AZ10004S001,USACE - Los Angeles District,Federal,Federal,0,Yes,,No,Flood Risk Reduction,Flood Risk Reduction;Irrigation,US Army Corps of Engineers,AZ10004S001,33.288462,-111.260127,Arizona,Pinal,Queen Valley,,Queen Creek,"Arizona, Congressional District 02",,No,No,,No,No,No,Yes,US Army Corps of Engineers,US Army Corps of Engineers,US Army Corps of Engineers,US Army Corps of Engineers,US Army Corps of Engineers,US Army Corps of Engineers,US Army Corps of Engineers,US Army Corps of Engineers,No,N/A,Earth,Earth,,,149,144,,149,Greater than 100 feet,837,0,1959,1950-1959,,64910,64910,0,1,143,147000,Uncontrolled,355,0,0,0,,,,01/08/2026,03/20/2018,5,High,Not Available,,Normal Operations,11/20/2025,Yes,01/27/2020,Yes,https://www.usace.army.mil/Missions/Civil-Works/Dam-Safety-Program/Article/2870967/dam-safety-program/,No
Shady Cove Dam,,,MS03710,,MS03710,USACE - Vicksburg District,Federal,Federal,0,No,CEMVK,No,Other,Other,US Army Corps of Engineers,MS03710,34.3931991160001,-89.77640366,Mississippi,Panola,Sardis,0,Rainy Branch Creek,"Mississippi, Congressional District 02",,Yes,Yes,Ms Department of Environmental Quality,Yes,Yes,Yes,Yes,US Army Corps of Engineers,US Army Corps of Engineers,US Army Corps of Engineers,US Army Corps of Engineers,US Army Corps of Engineers,US Army Corps of Engineers,US Army Corps of Engineers,US Army Corps of Engineers,,,Earth,Earth,Earth,Soil,29,16,16,29,25-50 feet,0,8250,2004,Since 2000,,1920,1920,960,120,1.5,0,Uncontrolled,0,0,0,0,,,Uncontrolled0,09/23/2026,04/26/2022,5,Low,Not Available,,Normal Operations,11/20/2025,Yes,03/21/2025,N/A,https://www.usace.army.mil/Missions/Civil-Works/Dam-Safety-Program/Article/2870967/dam-safety-program/,No
Wilbur D. Mills Lock and Dam,Pool 2,,AR00169,,AR00169,USACE - Little Rock District,Federal,Federal,0,No,CESWL,No,Navigation,Navigation;Recreation,US Army Corps of Engineers,AR00169,33.9886473350001,-91.313731095,Arkansas,Arkansas,Akansas City,,Arkansas,"Arkansas, Congressional District 01",,No,No,,No,No,No,Yes,US Army Corps of Engineers,US Army Corps of Engineers,US Army Corps of Engineers,US Army Corps of Engineers,US Army Corps of Engineers,US Army Corps of Engineers,US Army Corps of Engineers,US Army Corps of Engineers,,,Concrete,Concrete;Gravity,,Soil,31,14,68,68,51-100 feet,10000,845000,1967,1960-1969,,133200,133200,110080,10600,160475,371200,Controlled,960,1,600,110,,,,09/28/2026,06/01/2026,5,Significant,Not Available,,Normal Operations,11/20/2025,Yes,07/11/2023,N/A,https://www.usace.army.mil/Missions/Civil-Works/Dam-Safety-Program/Article/2870967/dam-safety-program/,No
Fulton Lock and Dam - Ring Dike,Pool C,Lock C,MS03060,S001,MS03060S001,USACE - Mobile District,Federal,Federal,0,Yes,CESAM,No,Navigation,Navigation;Recreation,US Army Corps of Engineers,MS03060S001,34.2664270870001,-88.423673394,Mississippi,Itawamba,Fulton,1,Tombigbee,"Mississippi, Congressional District 01",,No,No,,No,No,No,Yes,US Army Corps of Engineers,US Army Corps of Engineers,US Army Corps of Engineers,US Army Corps of Engineers,US Army Corps of Engineers,US Army Corps of Engineers,US Army Corps of Engineers,US Army Corps of Engineers,No,N/A,Gravity,Gravity;Earth,,,,43,58,58,51-100 feet,396,41450,1983,1980-1989,,13221,13221,13221,1642,612,158500,Controlled,180,1,600,110,,,,12/04/2025,04/11/2023,5,Significant,Not Available,,Normal Operations,11/20/2025,Yes,09/30/2021,Yes,https://www.sam.usace.army.mil/Missions/Civil-Works/Recreation/Tennessee-Tombigbee-Waterway/Navigation/,No
John Martin Dam - Fort Lyon Protective Works,John Martin Reservoir,Caddoa Dam,CO01283,S001,CO01283S001,USACE - Albuquerque District,Federal,Federal,0,Yes,,No,Flood Risk Reduction,Flood Risk Reduction,US Army Corps of Engineers,CO01283S001,38.0723330000001,-103.129028,Colorado,Bent,Lamar,20,Arkansas,"Colorado, Congressional District 04",,Yes,Yes,Dwr,Yes,Yes,Yes,Yes,US Army Corps of Engineers,US Army Corps of Engineers,US Army Corps of Engineers,US Army Corps of Engineers,US Army Corps of Engineers,US Army Corps of Engineers,US Army Corps of Engineers,US Army Corps of Engineers,,,Gravity,Gravity;Earth,,,118,105,118,118,Greater than 100 feet,1024,12300000,1943,1940-1949,,608245,608245,345250,11590,18130,639000,Controlled,1024,0,0,0,,,,12/04/2025,09/01/2019,5,High,Not Available,,Normal Operations,11/20/2025,Yes,08/28/2024,Yes,https://www.spa.usace.army.mil/Missions/Civil-Works/Recreation/John-Martin-Reservoir/,No
Coralville Dam - Amana Remedial Works,Coralville Remedial Works Amana,,IA00012,S001,IA00012S001,USACE - Rock Island District,Federal,Federal,0,Yes,,No,Flood Risk Reduction,Flood Risk Reduction,US Army Corps of Engineers,IA00012S001,41.7971000000001,-91.8602979999999,Iowa,Iowa,Amana,,Iowa,"Iowa, Congressional District 01",,No,No,,No,No,No,Yes,US Army Corps of Engineers,US Army Corps of Engineers,US Army Corps of Engineers,US Army Corps of Engineers,US Army Corps of Engineers,US Army Corps of Engineers,US Army Corps of Engineers,US Army Corps of Engineers,No,N/A,Concrete,Concrete;Earth;Gravity,,,7,7,17,17,Less than 25 feet,1975,0,1958,1950-1959,,0,0,0,0,0,0,None,0,0,0,0,,,,12/04/2025,08/13/2019,5,High,Not Available,,Normal Operations,11/20/2025,Yes,10/30/2020,Yes,https://www.usace.army.mil/Missions/Civil-Works/Dam-Safety-Program/Article/2870967/dam-safety-program/,No
Littleville Dam,Littleville Lake,,MA00968,,MA00968,USACE - New England District,Federal,Federal,0,No,CENAE,No,Flood Risk Reduction,Flood Risk Reduction;Water Supply,US Army Corps of Engineers,MA00968,42.2650919020001,-72.881726064,Massachusetts,Hampden,Huntington,,Westfield River,"Massachusetts, Congressional District 01",,No,No,,No,No,No,Yes,US Army Corps of Engineers,US Army Corps of Engineers,US Army Corps of Engineers,US Army Corps of Engineers,US Army Corps of Engineers,US Army Corps of Engineers,US Army Corps of Engineers,US Army Corps of Engineers,,,Gravity,Gravity;Earth,Earth,Rock;Soil,164,159,164,164,Greater than 100 feet,1360,1972800,1965,1960-1969,,40600,40600,9400,275,52,92000,Uncontrolled,400,0,0,0,,,,01/08/2026,05/08/2023,5,High,Not Available,,Normal Operations,11/20/2025,Yes,09/30/2019,Yes,https://www.nae.usace.army.mil/Missions/Civil-Works/Flood-Risk-Management/Massachusetts/Littleville/,No
John H. Kerr Dam - Saddle Dike 3,,Buggs Island Saddle Dike No. 4,VA117001,S003,VA117001S003,USACE - Wilmington District,Federal,Federal,0,Yes,,No,Flood Risk Reduction,Flood Risk Reduction;Recreation,US Army Corps of Engineers,VA117001S003,36.59,-78.3149999999999,Virginia,Mecklenburg,Boydton,,Roanoke,"Virginia, Congressional District 05",,No,No,,No,No,No,Yes,US Army Corps of Engineers,US Army Corps of Engineers,US Army Corps of Engineers,US Army Corps of Engineers,US Army Corps of Engineers,US Army Corps of Engineers,US Army Corps of Engineers,US Army Corps of Engineers,,,Earth,Earth,Earth,,12,,,12,Less than 25 feet,2340,0,1952,1950-1959,,0,0,0,48900,7800,0,None,0,0,0,0,,,,01/08/2026,04/20/2023,5,High,Not Available,,Normal Operations,11/20/2025,Yes,07/31/2017,Yes,https://www.saw.usace.army.mil/Locations/District-Lakes-and-Dams/John-H-Kerr/,No
Francis E. Walter Dam - Saddle Dike,Walter Dam,Bear Creek Reservoir,PA00008,S001,PA00008S001,USACE - Philadelphia District,Federal,Federal,0,Yes,,No,Flood Risk Reduction,Flood Risk Reduction,US Army Corps of Engineers,PA00008S001,41.1301,-75.730026,Pennsylvania,Luzerne,White Haven,,Lehigh River,"Pennsylvania, Congressional District 08",,No,No,,No,No,No,Yes,US Army Corps of Engineers,US Army Corps of Engineers,US Army Corps of Engineers,US Army Corps of Engineers,US Army Corps of Engineers,US Army Corps of Engineers,US Army Corps of Engineers,US Army Corps of Engineers,,,Rockfill,Rockfill,,,,30,30,30,25-50 feet,1860,0,1961,1960-1969,,160290,160290,1793,80,288,0,Uncontrolled,0,0,0,0,,,,09/16/2026,06/22/2022,5,High,Not Available,,Normal Operations,11/20/2025,Yes,06/01/2021,Yes,https://www.nap.usace.army.mil/Missions/Civil-Works/Francis-E-Walter-Dam/,No
"Winnibigoshish Dam - Dikes 2, 3 and 4",Winnibigoshish,,MN00586,S002,MN00586S002,USACE - St. Paul District,Federal,Federal,0,Yes,,No,Water Supply,Water Supply;Navigation;Fish and Wildlife Pond;Recreation;Flood Risk Reduction,US Army Corps of Engineers,MN00586S002,47.3505000000001,-94.193,Minnesota,Cass,Ballclub,,Mississippi River,"Minnesota, Congressional District 08",Leech Lake Reservation,No,No,,No,No,No,Yes,US Army Corps of Engineers,US Army Corps of Engineers,US Army Corps of Engineers,,US Army Corps of Engineers,US Army Corps of Engineers,US Army Corps of Engineers,US Army Corps of Engineers,,,Earth,Earth,Earth,Soil,23,22,23,23,Less than 25 feet,962,46000,1884,Before 1900,,550000,550000,220000,68000,1442,10000,Controlled,87,0,0,0,,,,09/30/2026,07/14/2021,5,Significant,Not Available,,"Under Investigation, Planning, Permitting, or Design for Remediation",11/20/2025,Yes,09/01/1994,N/A,https://www.usace.army.mil/Missions/Civil-Works/Dam-Safety-Program/Article/2870967/dam-safety-program/,No
B. Everett Jordan Dam -  Saddle Dike 3,,New Hope Porject,NC00173,S003,NC00173S003,USACE - Wilmington District,Federal,Federal,0,Yes,,No,Flood Risk Reduction,Flood Risk Reduction,US Army Corps of Engineers,NC00173S003,35.671162511,-79.020797134,North Carolina,Chatham,Moncure,,Haw River,"North Carolina, Congressional District 09",,No,No,,No,No,No,Yes,US Army Corps of Engineers,US Army Corps of Engineers,US Army Corps of Engineers,US Army Corps of Engineers,US Army Corps of Engineers,US Army Corps of Engineers,US Army Corps of Engineers,US Army Corps of Engineers,,,Earth,Earth,Earth,,17,,,17,Less than 25 feet,1725,0,1974,1970-1979,,0,0,0,13940,1690,0,None,0,0,0,0,,,,01/08/2026,06/16/2021,5,High,Not Available,,Normal Operations,11/20/2025,Yes,07/31/2017,Yes,https://www.saw.usace.army.mil/Locations/District-Lakes-and-Dams/B-Everett-Jordan/,No
B. Everett Jordan Dam -  Saddle Dike 1,,New Hope Project,NC00173,S001,NC00173S001,USACE - Wilmington District,Federal,Federal,0,Yes,,No,Flood Risk Reduction,Flood Risk Reduction,US Army Corps of Engineers,NC00173S001,35.6703360920001,-79.046647701,North Carolina,Chatham,Moncure,,Haw River,"North Carolina, Congressional District 09",,No,No,,No,No,No,Yes,US Army Corps of Engineers,US Army Corps of Engineers,US Army Corps of Engineers,US Army Corps of Engineers,US Army Corps of Engineers,US Army Corps of Engineers,US Army Corps of Engineers,US Army Corps of Engineers,,,Earth,Earth,Earth,,17,,,17,Less than 25 feet,1200,0,1974,1970-1979,,0,0,0,13940,1690,0,None,0,0,0,0,,,,01/08/2026,06/16/2021,5,High,Not Available,,Normal Operations,11/20/2025,Yes,07/31/2017,Yes,https://www.saw.usace.army.mil/Locations/District-Lakes-and-Dams/B-Everett-Jordan/,No
Barre Falls Dam - Dike 1,Dry Reservoir,Barre Falls Dam Dike 2,MA03564,S001,MA00962S001,USACE - New England District,Federal,Federal,0,Yes,,No,Flood Risk Reduction,Flood Risk Reduction,US Army Corps of Engineers,MA00962S001,42.42833,-72.02667,Massachusetts,Worcester,Barre,,Ware River,"Massachusetts, Congressional District 02",,No,No,,No,No,No,Yes,US Army Corps of Engineers,US Army Corps of Engineers,US Army Corps of Engineers,US Army Corps of Engineers,US Army Corps of Engineers,US Army Corps of Engineers,US Army Corps of Engineers,US Army Corps of Engineers,,,Rockfill,Rockfill;Earth;Gravity,Earth,,23,18,23,23,Less than 25 feet,720,460000,1958,1950-1959,,63000,63000,0,1,55,16300,Uncontrolled,60,0,0,0,,,,12/04/2025,06/23/2020,5,High,Not Available,,Normal Operations,11/20/2025,Yes,12/16/2020,Yes,https://www.nae.usace.army.mil/Missions/Civil-Works/Flood-Risk-Management/Massachusetts/Barre-Falls/,No
Oahe Dam - Spring Creek Dam,Lake Pocasse,,SD02553,S002,SD01095S002,USACE - Omaha District,Federal,Federal,0,Yes,CENWO,No,Other,Other,US Army Corps of Engineers,SD01095S002,45.90867,-100.29348,South Dakota,Campbell,Pollack,,Spring Creek,"South Dakota, Congressional District 00",,No,No,,No,No,No,Yes,US Army Corps of Engineers,US Army Corps of Engineers,US Army Corps of Engineers,US Army Corps of Engineers,US Army Corps of Engineers,US Army Corps of Engineers,US Army Corps of Engineers,US Army Corps of Engineers,No,N/A,Earth,Earth,Earth,Soil,40,,40,40,25-50 feet,3200,0,1961,1960-1969,,26000,26000,0,0,660,4400,Uncontrolled,72,0,0,0,,,None0,12/04/2025,07/21/2022,5,Low,Not Available,,Normal Operations,11/20/2025,Yes,02/01/2010,N/A,https://www.nwo.usace.army.mil/Missions/Dam-and-Lake-Projects/Missouri-River-Dams/Oahe/,No
Carr Creek Dam Sediment Dam 2 - Littcarr,,Littcarr Sediment Dam,KY03056,S002,KY03056S002,USACE - Louisville District,Federal,Federal,0,Yes,,No,Other,Other,US Army Corps of Engineers,KY03056S002,37.241414472,-82.947039248,Kentucky,Knott,Vicco,,Littcarr Creek,"Kentucky, Congressional District 05",,No,No,,No,No,No,Yes,US Army Corps of Engineers,US Army Corps of Engineers,US Army Corps of Engineers,US Army Corps of Engineers,US Army Corps of Engineers,US Army Corps of Engineers,US Army Corps of Engineers,US Army Corps of Engineers,,,Rockfill,Rockfill,,,14,104,25,104,Greater than 100 feet,440,929000,1975,1970-1979,,47700,47700,22620,710,58,87800,Uncontrolled,40,0,0,0,,,Slide (sluice gate)0;Uncontrolled0;Vertical Lift0,12/04/2025,07/27/2023,5,Low,Not Available,,Normal Operations,11/20/2025,Yes,05/06/2024,N/A,https://www.usace.army.mil/Missions/Civil-Works/Dam-Safety-Program/Article/2870967/dam-safety-program/,No
Barre Falls Dam - Dike 2,Dry Reservoir,Barre Falls Dam Dike 3,MA03565,S002,MA00962S002,USACE - New England District,Federal,Federal,0,Yes,,No,Flood Risk Reduction,Flood Risk Reduction,US Army Corps of Engineers,MA00962S002,42.42833,-72.02667,Massachusetts,Worcester,Barre,,Ware River,"Massachusetts, Congressional District 02",,No,No,,No,No,No,Yes,US Army Corps of Engineers,US Army Corps of Engineers,US Army Corps of Engineers,US Army Corps of Engineers,US Army Corps of Engineers,US Army Corps of Engineers,US Army Corps of Engineers,US Army Corps of Engineers,,,Rockfill,Rockfill;Earth;Gravity,Earth,,38,33,38,38,25-50 feet,1475,460000,1958,1950-1959,,63000,63000,0,1,55,16300,Uncontrolled,60,0,0,0,,,,12/04/2025,06/23/2020,5,High,Not Available,,Normal Operations,11/20/2025,Yes,12/16/2020,Yes,https://www.nae.usace.army.mil/Missions/Civil-Works/Flood-Risk-Management/Massachusetts/Barre-Falls/,No
B. Everett Jordan Dam -  Saddle Dike 4,,New Hope Project,NC00173,S004,NC00173S004,USACE - Wilmington District,Federal,Federal,0,Yes,,No,Flood Risk Reduction,Flood Risk Reduction,US Army Corps of Engineers,NC00173S004,35.6686687760001,-79.015731489,North Carolina,Chatham,Moncure,,Haw River,"North Carolina, Congressional District 09",,No,No,,No,No,No,Yes,US Army Corps of Engineers,US Army Corps of Engineers,US Army Corps of Engineers,US Army Corps of Engineers,US Army Corps of Engineers,US Army Corps of Engineers,US Army Corps of Engineers,US Army Corps of Engineers,,,Earth,Earth,Earth,,17,,,17,Less than 25 feet,2100,0,1974,1970-1979,,0,0,0,13940,1690,0,None,0,0,0,0,,,,01/08/2026,06/16/2021,5,High,Not Available,,Normal Operations,11/20/2025,Yes,07/31/2017,Yes,https://www.saw.usace.army.mil/Locations/District-Lakes-and-Dams/B-Everett-Jordan/,No
Winnibigoshish Dam,Lake Winnibigoshish,,MN00586,,MN00586,USACE - St. Paul District,Federal,Federal,2,No,CEMVP,No,Recreation,Recreation;Other;Navigation;Fish and Wildlife Pond;Water Supply;Flood Risk Reduction,US Army Corps of Engineers,MN00586,47.429069176,-94.0518821379999,Minnesota,Cass,Ballclub,13,Mississippi River,"Minnesota, Congressional District 08",Leech Lake Reservation,No,No,,No,No,No,Yes,US Army Corps of Engineers,US Army Corps of Engineers,US Army Corps of Engineers,US Army Corps of Engineers,US Army Corps of Engineers,US Army Corps of Engineers,US Army Corps of Engineers,US Army Corps of Engineers,,,Earth,Earth,Earth,Soil,23,22,23,23,Less than 25 feet,962,46000,1884,Before 1900,,550000,550000,220000,68000,1442,10000,Controlled,87,0,0,0,,,Other Controlled16;Slide (sluice gate)5,09/30/2026,07/29/2026,5,Significant,Not Available,,Normal Operations,11/20/2025,Yes,09/01/1994,Yes,https://www.usace.army.mil/Missions/Civil-Works/Dam-Safety-Program/Article/2870967/dam-safety-program/,No
John H. Kerr Dam - Saddle Dike 2,,Buggs Island Saddle Dike No. 3,VA117001,S002,VA117001S002,USACE - Wilmington District,Federal,Federal,0,Yes,,No,Flood Risk Reduction,Flood Risk Reduction;Recreation,US Army Corps of Engineers,VA117001S002,36.5910000000001,-78.325,Virginia,Mecklenburg,Boydton,,Roanoke River,"Virginia, Congressional District 05",,No,No,,No,No,No,Yes,US Army Corps of Engineers,US Army Corps of Engineers,US Army Corps of Engineers,US Army Corps of Engineers,US Army Corps of Engineers,US Army Corps of Engineers,US Army Corps of Engineers,US Army Corps of Engineers,,,Earth,Earth,Earth,,15,,,15,Less than 25 feet,910,0,1952,1950-1959,,0,0,0,48900,7800,0,None,0,0,0,0,,,,01/08/2026,04/20/2023,5,High,Not Available,,Normal Operations,11/20/2025,Yes,07/31/2017,Yes,https://www.saw.usace.army.mil/Locations/District-Lakes-and-Dams/John-H-Kerr/,No
Hodges Village Dam - Dike 1,Dry Reservoir,Hodges Village Dike 2,MA00967,S001,MA00967S001,USACE - New England District,Federal,Federal,0,Yes,,No,Flood Risk Reduction,Flood Risk Reduction,US Army Corps of Engineers,MA00967S001,42.1204437750001,-71.880608565,Massachusetts,Worcester,Webster,,French River,"Massachusetts, Congressional District 01",,No,No,,No,No,No,Yes,US Army Corps of Engineers,US Army Corps of Engineers,US Army Corps of Engineers,US Army Corps of Engineers,US Army Corps of Engineers,US Army Corps of Engineers,US Army Corps of Engineers,US Army Corps of Engineers,No,N/A,Rockfill,Rockfill;Earth;Gravity,,,30,25,30,30,25-50 feet,720,285400,1959,1950-1959,,26000,26000,0,1,31,25800,Uncontrolled,125,0,0,0,,,,04/04/2023,11/04/2019,5,High,Not Available,,Normal Operations,11/12/2020,Yes,09/30/2019,Yes,https://www.nae.usace.army.mil/Missions/Civil-Works/Flood-Risk-Management/Massachusetts/Hodges-Village/,No
Gull Dam,Gull Lake,,MN00596,,MN00596,USACE - St. Paul District,Federal,Federal,0,No,CEMVP,No,Recreation,Recreation;Other;Navigation;Fish and Wildlife Pond;Water Supply;Flood Risk Reduction,US Army Corps of Engineers,MN00596,46.411011069,-94.353417152,Minnesota,Cass,Brainerd,11,Gull River,"Minnesota, Congressional District 08",,No,No,,No,No,No,Yes,US Army Corps of Engineers,US Army Corps of Engineers,US Army Corps of Engineers,US Army Corps of Engineers,US Army Corps of Engineers,US Army Corps of Engineers,US Army Corps of Engineers,US Army Corps of Engineers,,,Concrete,Concrete,Concrete,Soil,9,6,15,15,Less than 25 feet,276,7000,1912,1910-1919,,75300,75300,61000,13000,287,1140,Controlled,36,0,0,0,,,,04/30/2026,07/12/2018,5,Low,Not Available,,Normal Operations,11/20/2025,Yes,03/01/1999,N/A,https://www.usace.army.mil/Missions/Civil-Works/Dam-Safety-Program/Article/2870967/dam-safety-program/,No
Sandy Lock and Dam,Sandy Lake Reservoir,,MN00583,,MN00583,USACE - St. Paul District,Federal,Federal,0,No,CEMVP,No,Other,Other;Navigation;Fish and Wildlife Pond;Recreation;Water Supply;Flood Risk Reduction,US Army Corps of Engineers,MN00583,46.7879464490001,-93.3198493099999,Minnesota,Aitkin,Libby,1,Sandy River,"Minnesota, Congressional District 08",,No,No,,No,No,No,Yes,US Army Corps of Engineers,US Army Corps of Engineers,US Army Corps of Engineers,US Army Corps of Engineers,US Army Corps of Engineers,US Army Corps of Engineers,US Army Corps of Engineers,US Army Corps of Engineers,,,Earth,Earth,Earth,Soil,14,13,22,22,Less than 25 feet,109,0,1895,Before 1900,,79400,79400,38000,9400,421,3738,Controlled,66,1,160,30,,,Other Controlled6;Slide (sluice gate)6,04/30/2026,06/02/2022,5,Low,Not Available,,Normal Operations,11/20/2025,Yes,,N/A,https://www.usace.army.mil/Missions/Civil-Works/Dam-Safety-Program/Article/2870967/dam-safety-program/,No
John H. Kerr Dam - Saddle Dike 1,,Buggs Island Saddle Dike No. 2,VA117001,S001,VA117001S001,USACE - Wilmington District,Federal,Federal,0,Yes,,No,Flood Risk Reduction,Flood Risk Reduction;Recreation,US Army Corps of Engineers,VA117001S001,36.5910000000001,-78.331,Virginia,Mecklenburg,Boydton,,Roanoke River,"Virginia, Congressional District 05",,No,No,,No,No,No,Yes,US Army Corps of Engineers,US Army Corps of Engineers,US Army Corps of Engineers,US Army Corps of Engineers,US Army Corps of Engineers,US Army Corps of Engineers,US Army Corps of Engineers,US Army Corps of Engineers,,,Earth,Earth,Earth,,42,,,42,25-50 feet,4025,0,1952,1950-1959,,0,0,0,48900,7800,0,None,0,0,0,0,,,,01/08/2026,04/20/2023,5,High,Not Available,,Normal Operations,11/20/2025,Yes,07/31/2017,Yes,https://www.saw.usace.army.mil/Locations/District-Lakes-and-Dams/John-H-Kerr/,No
Norrell Lock and Dam,Arkansas Post Canal,,AR00161,,AR00161,USACE - Little Rock District,Federal,Federal,0,No,CESWL,No,Navigation,Navigation;Recreation,US Army Corps of Engineers,AR00161,34.0192985400001,-91.194356321,Arkansas,Arkansas,Arkansas City,,Arkansas River,"Arkansas, Congressional District 01",,No,No,,No,No,No,Yes,US Army Corps of Engineers,US Army Corps of Engineers,US Army Corps of Engineers,US Army Corps of Engineers,US Army Corps of Engineers,US Army Corps of Engineers,US Army Corps of Engineers,US Army Corps of Engineers,,,Concrete,Concrete;Gravity,Concrete,Rock,2,2,7,7,Less than 25 feet,490,75000,1967,1960-1969,,1510,1510,0,0,0,371200,Uncontrolled,277,1,600,110,,,,09/28/2026,02/17/2026,5,Significant,Not Available,,Normal Operations,11/20/2025,Yes,07/11/2023,N/A,https://www.usace.army.mil/Missions/Civil-Works/Dam-Safety-Program/Article/2870967/dam-safety-program/,No
Mansfield Hollow Dam - Dike A and B,Mansfield Hollow Lake,,CT00503,S001,CT00503S001,USACE - New England District,Federal,Federal,0,Yes,,No,Flood Risk Reduction,Flood Risk Reduction,US Army Corps of Engineers,CT00503S001,41.764999,-72.1816709999999,Connecticut,Tolland,Willimantic,,Nachaug River,"Connecticut, Congressional District 02",,No,No,,No,No,No,Yes,US Army Corps of Engineers,US Army Corps of Engineers,US Army Corps of Engineers,US Army Corps of Engineers,US Army Corps of Engineers,US Army Corps of Engineers,US Army Corps of Engineers,US Army Corps of Engineers,No,N/A,Gravity,Gravity;Earth,Earth,,78,74,78,78,51-100 feet,14050,1458000,1952,1950-1959,,76000,76000,2800,450,159,106500,Uncontrolled,690,0,0,0,,,,01/08/2026,06/01/2020,5,High,Not Available,,Normal Operations,11/20/2025,Yes,08/29/2019,No,https://www.nae.usace.army.mil/Missions/Civil-Works/Flood-Risk-Management/Connecticut/Mansfield-Hollow/,No
John Rankin Lock and Dam - Right Canal Embankment,Pool D,Lock D,MS82201,S001,MS82201S001,USACE - Mobile District,Federal,Federal,0,Yes,CESAM,No,Navigation,Navigation;Recreation,US Army Corps of Engineers,MS82201S001,34.367828,-88.4098989999999,Mississippi,Itawamba,Fulton,41,Tombigbee,"Mississippi, Congressional District 01",,No,No,,No,No,No,Yes,US Army Corps of Engineers,US Army Corps of Engineers,US Army Corps of Engineers,US Army Corps of Engineers,US Army Corps of Engineers,US Army Corps of Engineers,US Army Corps of Engineers,US Army Corps of Engineers,No,N/A,Gravity,Gravity;Earth,,,,45,48,48,25-50 feet,1600,18000,1984,1980-1989,,27000,27000,24900,1992,379,116400,Controlled,78,1,600,110,,,,12/04/2025,06/07/2021,5,Significant,Not Available,,Normal Operations,11/20/2025,Yes,08/19/2017,Yes,https://www.sam.usace.army.mil/Missions/Civil-Works/Recreation/Tennessee-Tombigbee-Waterway/Navigation/,No
B. Everett Jordan Dam -  Saddle Dike 2,B. Everett Jordan Lake,,NC00173,S002,NC00173S002,USACE - Wilmington District,Federal,Federal,0,Yes,,No,Flood Risk Reduction,Flood Risk Reduction,US Army Corps of Engineers,NC00173S002,35.6747691580001,-79.0271669429999,North Carolina,Chatham,Moncure,,Haw River,"North Carolina, Congressional District 09",,No,No,,No,No,No,Yes,US Army Corps of Engineers,US Army Corps of Engineers,US Army Corps of Engineers,US Army Corps of Engineers,US Army Corps of Engineers,US Army Corps of Engineers,US Army Corps of Engineers,US Army Corps of Engineers,,,Earth,Earth,Earth,,17,,,17,Less than 25 feet,1275,0,1974,1970-1979,,0,0,0,13940,1690,0,None,0,0,0,0,,,,01/08/2026,06/16/2021,5,High,Not Available,,Normal Operations,11/20/2025,Yes,07/31/2017,Yes,https://www.saw.usace.army.mil/Locations/District-Lakes-and-Dams/B-Everett-Jordan/,No
Raystown Dam - Hesston Dike,Raystown Lake,,PA00004,S001,PA00004S001,USACE - Baltimore District,Federal,Federal,0,Yes,,No,Flood Risk Reduction,Flood Risk Reduction,US Army Corps of Engineers,PA00004S001,40.40378,-78.12691,Pennsylvania,Huntingdon,Huntingdon,,Raystown Branch Juniata River,"Pennsylvania, Congressional District 13",,No,No,,No,No,No,Yes,US Army Corps of Engineers,US Army Corps of Engineers,US Army Corps of Engineers,US Army Corps of Engineers,US Army Corps of Engineers,US Army Corps of Engineers,US Army Corps of Engineers,US Army Corps of Engineers,,,Earth,Earth,,,15,11,15,15,Less than 25 feet,177,0,1973,1970-1979,,871000,871000,0,8300,960,301000,Uncontrolled,1630,0,0,0,,,,04/30/2026,08/10/2023,5,High,Not Available,,Normal Operations,11/20/2025,Yes,01/06/2022,Yes,https://www.usace.army.mil/Missions/Civil-Works/Dam-Safety-Program/Article/2870967/dam-safety-program/,No
Mojave River Dam - Saddle Dike 1,Mojave Reservoir,,CA10021,S001,CA10021S001,USACE - Los Angeles District,Federal,Federal,0,Yes,,No,Flood Risk Reduction,Flood Risk Reduction;Recreation,US Army Corps of Engineers,CA10021S001,34.3441329520001,-117.244098613,California,San Bernardino,Victorville,,West Fork Mojave River,"California, Congressional District 23",,No,No,,No,No,No,Yes,US Army Corps of Engineers,US Army Corps of Engineers,US Army Corps of Engineers,US Army Corps of Engineers,US Army Corps of Engineers,US Army Corps of Engineers,US Army Corps of Engineers,US Army Corps of Engineers,No,N/A,Earth,Earth,,,200,193,,200,Greater than 100 feet,2200,0,1971,1970-1979,,179400,179400,0,1,215,105400,Uncontrolled,200,0,0,0,,,,12/04/2025,11/09/2017,5,High,Not Available,,Normal Operations,11/20/2025,Yes,04/22/2025,Yes,https://www.spl.usace.army.mil/Missions/Operations-Division/Mojave-River-Dam/,No
Laurel Dam,Laurel Lake;Laurel River Lake,,KY03046,,KY03046,USACE - Nashville District,Federal,Federal,0,No,CELRN,No,Recreation,Recreation;Other;Hydroelectric;Water Supply;Flood Risk Reduction,US Army Corps of Engineers,KY03046,36.960996772,-84.268001485,Kentucky,Laurel,Burnside,,Laurel,"Kentucky, Congressional District 05",,No,No,,No,No,No,Yes,US Army Corps of Engineers,US Army Corps of Engineers,US Army Corps of Engineers,US Army Corps of Engineers,US Army Corps of Engineers,US Army Corps of Engineers,US Army Corps of Engineers,US Army Corps of Engineers;Forest Service,,,Rockfill,Rockfill,Earth,Rock,,282,282,282,Greater than 100 feet,1420,3000000,1973,1970-1979,,435600,435600,185000,6060,282,86000,Uncontrolled,750,0,0,0,,,,01/08/2026,03/30/2022,5,High,Not Available,,Normal Operations,11/20/2025,Yes,01/13/2023,Yes,https://www.usace.army.mil/Missions/Civil-Works/Dam-Safety-Program/Article/2870967/dam-safety-program/,No
Bear Creek Dam - South Embankment,Bear Creek Lake,,CO00004,S001,CO00004S001,USACE - Omaha District,Federal,Federal,0,Yes,CENWO,No,Flood Risk Reduction,Flood Risk Reduction;Recreation,US Army Corps of Engineers,CO00004S001,39.642461,-105.13595,Colorado,Jefferson,Denver,,Bear Creek,"Colorado, Congressional District 07",,Yes,Yes,Dwr,Yes,Yes,Yes,Yes,US Army Corps of Engineers,US Army Corps of Engineers,US Army Corps of Engineers,US Army Corps of Engineers,US Army Corps of Engineers,US Army Corps of Engineers,US Army Corps of Engineers,US Army Corps of Engineers,No,N/A,Earth,Earth,Earth,Rock,,60,65,65,51-100 feet,2100,11345000,1979,1970-1979,,75000,75000,2000,110,236,0,None,0,0,0,0,,,None0,12/04/2025,06/02/2021,5,High,Not Available,,Normal Operations,11/20/2025,Yes,06/01/2010,Yes,https://www.nwo.usace.army.mil/Missions/Dam-and-Lake-Projects/Tri-Lakes-Projects/Bear-Creek-Dam/,No
Tioga Dam - Mansfield Levee,Tioga Lake,,PA01132,S001,PA01132S001,USACE - Baltimore District,Federal,Federal,0,Yes,,No,Flood Risk Reduction,Flood Risk Reduction,US Army Corps of Engineers,PA01132S001,41.8064150000001,-77.082354,Pennsylvania,Tioga,Tioga,,Tioga River,"Pennsylvania, Congressional District 15",,No,No,,No,No,No,Yes,US Army Corps of Engineers,US Army Corps of Engineers,US Army Corps of Engineers,US Army Corps of Engineers,US Army Corps of Engineers,US Army Corps of Engineers,US Army Corps of Engineers,US Army Corps of Engineers,,,Rockfill,Rockfill;Earth,Earth,Soil,29,26,29,29,25-50 feet,11740,,1979,1970-1979,,0,,,,,,Uncontrolled,,0,0,0,,,,04/30/2026,07/15/2021,5,High,Not Available,,"Under Investigation, Planning, Permitting, or Design for Remediation",07/13/2024,Yes,09/01/2020,No,https://www.usace.army.mil/Missions/Civil-Works/Dam-Safety-Program/Article/2870967/dam-safety-program/,No
Mississippi River Lock and Dam 25,Mississippi River,,MO10301,,MO10301,USACE - St. Louis District,Federal,Federal,0,No,CEMVS,No,Navigation,Navigation,US Army Corps of Engineers,MO10301,39.0043298430001,-90.687940127,Missouri,Lincoln,Winfield,3,Mississippi River,"Missouri, Congressional District 06",,No,No,,No,No,No,Yes,US Army Corps of Engineers,US Army Corps of Engineers,US Army Corps of Engineers,US Army Corps of Engineers,US Army Corps of Engineers,US Army Corps of Engineers,US Army Corps of Engineers,US Army Corps of Engineers,,,Concrete,Concrete;Other;Earth,Earth;Metal,Soil,25,31,75,75,51-100 feet,26400,0,1939,1930-1939,,176000,176000,176000,13000,142000,0,None,0,1,600,110,,,None0;Roller0,09/29/2026,08/21/2025,5,Significant,Not Available,,Normal Operations,11/20/2025,Yes,07/06/2015,N/A,https://www.usace.army.mil/Missions/Civil-Works/Dam-Safety-Program/Article/2870967/dam-safety-program/,No
Red Rock Dam - Carlisle Remedial Works,Red Rock Remedial Works Avon Station,,IA00013,S003,IA00013S003,USACE - Rock Island District,Federal,Federal,0,Yes,,No,Flood Risk Reduction,Flood Risk Reduction,US Army Corps of Engineers,IA00013S003,41.5231020000001,-93.496201,Iowa,Polk,Avon Station,,Des Moines,"Iowa, Congressional District 03",,No,No,,No,No,No,Yes,US Army Corps of Engineers,US Army Corps of Engineers,US Army Corps of Engineers,,US Army Corps of Engineers,US Army Corps of Engineers,US Army Corps of Engineers,US Army Corps of Engineers,No,N/A,Gravity,Gravity;Earth,,,13,10,13,13,Less than 25 feet,11064,0,1967,1960-1969,,0,0,0,0,0,0,None,0,0,0,0,,,,12/04/2025,12/02/2021,5,High,Not Available,,Normal Operations,11/20/2025,Yes,10/11/2019,Yes,https://www.usace.army.mil/Missions/Civil-Works/Dam-Safety-Program/Article/2870967/dam-safety-program/,No
Highway 75 Dam,Highway 75 Reservoir,,MN00581,,MN00581,USACE - St. Paul District,Federal,Federal,0,No,CEMVP,No,Flood Risk Reduction,Flood Risk Reduction;Other;Fish and Wildlife Pond;Recreation;Water Supply,US Army Corps of Engineers,MN00581,45.234217383,-96.288300726,Minnesota,Lac qui Parle,Correll,7,Minnesota River,"Minnesota, Congressional District 07",,No,No,,No,No,No,Yes,US Army Corps of Engineers,US Army Corps of Engineers,US Army Corps of Engineers,US Army Corps of Engineers,US Army Corps of Engineers,US Army Corps of Engineers,US Army Corps of Engineers,US Army Corps of Engineers,,,Earth,Earth,Earth,Rock;Soil,10,25,32,32,25-50 feet,16160,615500,1974,1970-1979,,91000,91000,11700,2800,1700,32300,Controlled,65,0,0,0,,,Bascule0,04/30/2026,08/21/2019,5,Low,Not Available,,Normal Operations,11/20/2025,Yes,06/01/1987,N/A,https://www.usace.army.mil/Missions/Civil-Works/Dam-Safety-Program/Article/2870967/dam-safety-program/,No
East Brimfield Dam,East Brimfield Lake,,MA00966,,MA00966,USACE - New England District,Federal,Federal,0,No,CENAE,No,Flood Risk Reduction,Flood Risk Reduction;Recreation,US Army Corps of Engineers,MA00966,42.1089696600001,-72.12621913,Massachusetts,Worcester,Sturbridge,,Quinebaug River,"Massachusetts, Congressional District 01",,No,No,,No,No,No,Yes,US Army Corps of Engineers,US Army Corps of Engineers,US Army Corps of Engineers,US Army Corps of Engineers,US Army Corps of Engineers,US Army Corps of Engineers,US Army Corps of Engineers,US Army Corps of Engineers,,,Rockfill,Rockfill;Earth;Gravity,Earth,Rock;Soil,53,48,53,53,51-100 feet,520,119600,1960,1960-1969,,71000,71000,1200,360,68,15000,Uncontrolled,75,0,0,0,,,,04/20/2026,10/22/2024,5,High,Not Available,,Normal Operations,11/20/2025,Yes,08/28/2020,Yes,https://www.nae.usace.army.mil/Missions/Civil-Works/Flood-Risk-Management/Massachusetts/East-Brimfield/,No
Blackwater Dam - Dodge Estate Dike,Dry Reservoir,Little Hill  Dike,NH03847,S001,NH00001S001,USACE - New England District,Federal,Federal,0,Yes,,No,Flood Risk Reduction,Flood Risk Reduction,US Army Corps of Engineers,NH00001S001,43.314719,-71.733567,New Hampshire,Merrimack,Webster,,Blackwater River,"New Hampshire, Congressional District 02",,Yes,Yes,Nh Des,Yes,Yes,Yes,Yes,US Army Corps of Engineers,US Army Corps of Engineers,US Army Corps of Engineers,US Army Corps of Engineers,US Army Corps of Engineers,US Army Corps of Engineers,US Army Corps of Engineers,US Army Corps of Engineers,No,N/A,Gravity,Gravity;Earth,Earth,,18,13,18,18,Less than 25 feet,400,299000,1941,1940-1949,,93400,93400,0,1,128,42800,Uncontrolled,241,0,0,0,,,,12/04/2025,10/25/2022,5,High,Not Available,,Normal Operations,11/20/2025,Yes,06/02/2021,Yes,https://www.nae.usace.army.mil/Missions/Civil-Works/Flood-Risk-Management/New-Hampshire/Blackwater/,No
Greers Ferry Dam - Saddle Dike 1,Greers Ferry Lake,,AR00173,S001,AR00173S001,USACE - Little Rock District,Federal,Federal,0,Yes,,No,Flood Risk Reduction,Flood Risk Reduction;Irrigation;Fish and Wildlife Pond;Recreation;Hydroelectric;Water Supply,US Army Corps of Engineers,AR00173S001,35.525002,-91.9999999999999,Arkansas,Cleburne,Heber Springs,,Little Red,"Arkansas, Congressional District 02",,No,No,,No,No,No,Yes,US Army Corps of Engineers,US Army Corps of Engineers,US Army Corps of Engineers,US Army Corps of Engineers,US Army Corps of Engineers,US Army Corps of Engineers,US Army Corps of Engineers,US Army Corps of Engineers,,,Earth,Earth,Earth,Rock,93,96,98,98,51-100 feet,4500,279200,1962,1960-1969,,2844000,2844000,1910000,31460,1146,0,None,0,0,0,0,,,,09/28/2026,11/21/2024,5,High,Not Available,,Normal Operations,11/20/2025,Yes,07/20/2023,Yes,https://www.swl.usace.army.mil/Missions/Recreation/Lakes/Greers-Ferry-Lake/,No
Tuttle Creek Dam - Blue Rapids Levee,Tuttle Creek Lake,,KS00012,S001,KS00012S001,USACE - Kansas City District,Federal,Federal,0,Yes,CENWK,No,Flood Risk Reduction,Flood Risk Reduction,US Army Corps of Engineers,KS00012S001,39.6867929440001,-96.667756541,Kansas,Marshall,Blue Rapids,,Big Blue River,"Kansas, Congressional District 01",,No,No,,No,No,No,Yes,US Army Corps of Engineers,US Army Corps of Engineers,US Army Corps of Engineers,US Army Corps of Engineers,US Army Corps of Engineers,US Army Corps of Engineers,US Army Corps of Engineers,US Army Corps of Engineers,,,Earth,Earth,Earth,Soil,,157,157,157,Greater than 100 feet,4500,500000,1963,1960-1969,,2257000,2257000,335100,13350,9628,0,None,0,0,0,0,,,,05/13/2026,10/19/2020,5,High,Not Available,,Normal Operations,11/20/2025,Yes,09/30/2020,Yes,https://www.nwk.usace.army.mil/Missions/Civil-Works/Dam-Safety-Program/,No
John H. Kerr Dam - Saddle Dike 4,John H. Kerr Reservoir,Buggs Island Dam,VA117001,S004,VA117001S004,USACE - Wilmington District,Federal,Federal,0,Yes,,No,Flood Risk Reduction,Flood Risk Reduction,US Army Corps of Engineers,VA117001S004,36.573,-78.269,Virginia,Mecklenburg,Boydton,,Roanoke River,"Virginia, Congressional District 05",,No,No,,No,No,No,Yes,US Army Corps of Engineers,US Army Corps of Engineers,US Army Corps of Engineers,US Army Corps of Engineers,US Army Corps of Engineers,US Army Corps of Engineers,US Army Corps of Engineers,US Army Corps of Engineers,,,Gravity,Earth,Earth,,12,,,12,Less than 25 feet,1850,0,1953,1950-1959,,0,0,0,48900,7800,0,None,0,0,0,0,,,,01/08/2026,04/20/2023,5,High,Not Available,,Normal Operations,11/20/2025,Yes,07/31/2017,Yes,https://www.saw.usace.army.mil/Locations/District-Lakes-and-Dams/John-H-Kerr/,No
Caesar Creek Dam - Saddle Dike 2,Dike B,Caesar Creek Lake,OH00927,S002,OH00927S002,USACE - Louisville District,Federal,Federal,0,Yes,,No,Flood Risk Reduction,Flood Risk Reduction;Other;Recreation;Water Supply,US Army Corps of Engineers,OH00927S002,39.5269280000001,-84.009600274,Ohio,Warren,Oregonia,,Caesar Creek,"Ohio, Congressional District 01",,No,No,,No,No,No,Yes,US Army Corps of Engineers,US Army Corps of Engineers,US Army Corps of Engineers,US Army Corps of Engineers,US Army Corps of Engineers,US Army Corps of Engineers,US Army Corps of Engineers,US Army Corps of Engineers,,,Rockfill,Rockfill;Earth,,,,168,180,180,Greater than 100 feet,2650,2343762,1976,1970-1979,,242200,242200,102000,2830,237,91400,Uncontrolled,450,0,0,0,,,,04/09/2026,06/08/2015,5,High,Not Available,,Normal Operations,11/20/2025,Yes,10/21/2021,Yes,https://www.usace.army.mil/Missions/Civil-Works/Dam-Safety-Program/Article/2870967/dam-safety-program/,No
Gavins Point Dam - Yankton Dam,Lake Yankton,,SD01094,S001,SD01094S001,USACE - Omaha District,Federal,Federal,0,Yes,CENWO,No,Flood Risk Reduction,Flood Risk Reduction;Irrigation;Navigation;Recreation;Hydroelectric,US Army Corps of Engineers,SD01094S001,42.8506860000001,-97.461517,South Dakota,Yankton,Yankton,,Missouri River,"South Dakota, Congressional District 00",,No,No,,No,No,No,Yes,US Army Corps of Engineers,US Army Corps of Engineers,US Army Corps of Engineers,US Army Corps of Engineers,US Army Corps of Engineers,US Army Corps of Engineers,US Army Corps of Engineers,US Army Corps of Engineers,No,N/A,Earth,Earth,Earth,Rock;Soil,,50,74,74,51-100 feet,8700,7000000,1958,1950-1959,,540000,540000,375000,32000,16000,584000,Controlled,664,0,0,0,,,Vertical Lift0,12/04/2025,08/23/2021,5,Low,Not Available,,Normal Operations,11/20/2025,Yes,04/01/2010,Yes,https://www.nwo.usace.army.mil/Missions/Dam-and-Lake-Projects/Missouri-River-Dams/Gavins-Point/,No
Caesar Creek Dam - Saddle Dike 3,Dike A,Caesar Creek Lake,OH00927,S003,OH00927S003,USACE - Louisville District,Federal,Federal,0,Yes,CELRL,No,Flood Risk Reduction,Flood Risk Reduction;Other;Recreation;Water Supply,US Army Corps of Engineers,OH00927S003,39.5446257890001,-84.0022632229999,Ohio,Warren,Oregonia,,Caesar Creek,"Ohio, Congressional District 01",,No,No,,No,No,No,Yes,US Army Corps of Engineers,US Army Corps of Engineers,US Army Corps of Engineers,US Army Corps of Engineers,US Army Corps of Engineers,US Army Corps of Engineers,US Army Corps of Engineers,US Army Corps of Engineers,,,Rockfill,Rockfill;Earth,,,,168,180,180,Greater than 100 feet,2650,2343762,1976,1970-1979,,242200,242200,102000,2830,237,91400,Uncontrolled,450,0,0,0,,,Uncontrolled0;Vertical Lift0,04/09/2026,06/08/2015,5,High,Not Available,,Normal Operations,11/20/2025,Yes,10/21/2021,Yes,https://www.usace.army.mil/Missions/Civil-Works/Dam-Safety-Program/Article/2870967/dam-safety-program/,No
"Hodges Village Dam - Dikes 2, 3 and 4",Dry Reservoir;Hodges Village Dike 3,,MA00967,S002,MA00967S002,USACE - New England District,Federal,Federal,0,Yes,,No,Flood Risk Reduction,Flood Risk Reduction,US Army Corps of Engineers,MA00967S002,42.118499023,-71.88041366,Massachusetts,Worcester,Webster,,French River,"Massachusetts, Congressional District 01",,No,No,,No,No,No,Yes,US Army Corps of Engineers,US Army Corps of Engineers,US Army Corps of Engineers,US Army Corps of Engineers,US Army Corps of Engineers,US Army Corps of Engineers,US Army Corps of Engineers,US Army Corps of Engineers,No,N/A,Rockfill,Rockfill;Earth;Gravity,,,30,25,30,30,25-50 feet,1355,285400,1959,1950-1959,,26000,26000,0,1,31,25800,Uncontrolled,125,0,0,0,,,,01/08/2026,11/04/2019,5,High,Not Available,,Normal Operations,11/20/2025,Yes,09/30/2019,Yes,https://www.nae.usace.army.mil/Missions/Civil-Works/Flood-Risk-Management/Massachusetts/Hodges-Village/,No
El Dorado Dam,El Dorado Lake,,KS00027,,KS00027,USACE - Tulsa District,Federal,Federal,0,No,CESWT,No,Flood Risk Reduction,Flood Risk Reduction;Other;Recreation;Water Supply,US Army Corps of Engineers,KS00027,37.842642282,-96.818456017,Kansas,Butler,El Dorado,,Walnut River,"Kansas, Congressional District 04",,No,No,,No,No,No,Yes,US Army Corps of Engineers,US Army Corps of Engineers,US Army Corps of Engineers,US Army Corps of Engineers,US Army Corps of Engineers,US Army Corps of Engineers,US Army Corps of Engineers,US Army Corps of Engineers,,,Earth,Earth,Earth,Rock;Soil,99,85,99,99,51-100 feet,20930,7400000,1981,1980-1989,,246882,246882,161928,8400,234,120800,Uncontrolled,350,0,0,0,,,Vertical Lift0,09/28/2026,07/24/2025,5,High,Not Available,,Normal Operations,11/20/2025,Yes,09/12/2024,Yes,https://www.swt.usace.army.mil/Locations/Tulsa-District-Lakes/Kansas/El-Dorado-Lake/,No
Oahe Dam - Fort Yates Flood Protection Project,Lake Oahe,,SD01095,S001,SD01095S001,USACE - Omaha District,Federal,Federal,0,Yes,,No,Flood Risk Reduction,Flood Risk Reduction;Irrigation;Navigation;Recreation;Hydroelectric,US Army Corps of Engineers,SD01095S001,46.0840610000001,-100.63166,South Dakota,Sioux,Pierre,,Missouri River,"North Dakota, Congressional District 00",Standing Rock Reservation,No,No,,No,No,No,Yes,US Army Corps of Engineers,US Army Corps of Engineers,US Army Corps of Engineers,US Army Corps of Engineers,US Army Corps of Engineers,US Army Corps of Engineers,US Army Corps of Engineers,US Army Corps of Engineers,No,,Earth,Earth,,,,200,245,245,Greater than 100 feet,9300,92000000,1966,1960-1969,,23600000,23600000,19300000,376000,243490,300000,None,456,0,0,0,,,,01/08/2026,06/06/2022,5,High,Not Available,,Normal Operations,11/20/2025,Yes,02/01/2020,Yes,https://www.nwo.usace.army.mil/Missions/Dam-and-Lake-Projects/Missouri-River-Dams/Oahe/,No
Mississippi River Locks and Dam 1,Pool 1,,MN00593,,MN00593,USACE - St. Paul District; Ford Motor Company,Federal,Federal,0,No,CEMVP,No,Navigation,Navigation;Recreation,US Army Corps of Engineers,MN00593,44.915366169,-93.201794273,Minnesota,Hennepin,St. Paul,3,Mississippi,"Minnesota, Congressional District 05",,No,No,,No,No,No,Yes,US Army Corps of Engineers,US Army Corps of Engineers,US Army Corps of Engineers,US Army Corps of Engineers,US Army Corps of Engineers;Federal Energy Regulatory Commission,US Army Corps of Engineers;Federal Energy Regulatory Commission,US Army Corps of Engineers,US Army Corps of Engineers,,,Concrete,Concrete,Concrete,Rock;Soil,49,56,51,56,51-100 feet,742,0,1917,1910-1919,,9300,9300,5400,900,19500,742,Uncontrolled,574,2,400,56,,,Uncontrolled0,04/30/2026,07/13/2021,5,Significant,Not Available,,Normal Operations,11/20/2025,Yes,07/13/2023,N/A,https://www.usace.army.mil/Missions/Civil-Works/Dam-Safety-Program/Article/2870967/dam-safety-program/,No
Prado Dam - Corona Sewage Treatment Dike,Prado Reservoir,Prado Dam - Treatment Dike,CA10022,S002,CA10022S002,USACE - Los Angeles District,Federal,Federal,0,Yes,,No,Flood Risk Reduction,Flood Risk Reduction;Recreation;Water Supply,US Army Corps of Engineers,CA10022S002,33.8940010000001,-117.610312,California,Riverside,Orange,,Santa Ana River,"California, Congressional District 41",,No,No,,No,No,No,Yes,US Army Corps of Engineers,US Army Corps of Engineers,US Army Corps of Engineers,US Army Corps of Engineers,US Army Corps of Engineers,US Army Corps of Engineers,US Army Corps of Engineers,US Army Corps of Engineers,,,Earth,Earth,,,,,53,53,51-100 feet,2280,0,1941,1940-1949,,295581,295581,0,1,2233,181000,Uncontrolled,1000,0,0,0,,,,01/08/2026,06/03/2021,5,High,Not Available,,Normal Operations,11/20/2025,Yes,05/31/2020,No,https://www.spl.usace.army.mil/Missions/Asset-Management/Prado-Dam/,No
St. Anthony Falls Lower Lock and Dam,Intermediate Pool,,MN00591,,MN00591,USACE - St. Paul District,Federal,Federal,0,No,CEMVP,No,Navigation,Navigation;Recreation,US Army Corps of Engineers,MN00591,44.979007311,-93.2476218959999,Minnesota,Hennepin,Minneapolis,1,Mississippi,"Minnesota, Congressional District 05",,No,No,,No,No,No,Yes,US Army Corps of Engineers,US Army Corps of Engineers,US Army Corps of Engineers,US Army Corps of Engineers,US Army Corps of Engineers;Federal Energy Regulatory Commission,US Army Corps of Engineers;Federal Energy Regulatory Commission,US Army Corps of Engineers,US Army Corps of Engineers,,,Concrete,Concrete;Earth,Concrete,Rock,41,39,58,58,51-100 feet,213,0,1956,1950-1959,,420,420,375,50,19680,91000,Controlled,168,1,400,56,,,Tainter (radial)3;Uncontrolled0,04/30/2026,10/07/2020,5,Significant,Not Available,,Normal Operations,11/20/2025,Yes,07/13/2023,N/A,https://www.usace.army.mil/Missions/Civil-Works/Dam-Safety-Program/Article/2870967/dam-safety-program/,No
Prado Dam - Corona National Housing Dike,Prado Reservoir,Prado Dam - Housing Dike,CA10022,S001,CA10022S001,USACE - Los Angeles District,Federal,Federal,0,Yes,,No,Flood Risk Reduction,Flood Risk Reduction;Recreation;Water Supply,US Army Corps of Engineers,CA10022S001,33.9026850000001,-117.589372,California,Riverside,Orange,,Santa Ana River,"California, Congressional District 41",,No,No,,No,No,No,Yes,US Army Corps of Engineers,US Army Corps of Engineers,US Army Corps of Engineers,US Army Corps of Engineers,US Army Corps of Engineers,US Army Corps of Engineers,US Army Corps of Engineers,US Army Corps of Engineers,,,Earth,Earth,,,,,28,28,25-50 feet,2280,0,1941,1940-1949,,295581,295581,0,1,2233,181000,Uncontrolled,1000,0,0,0,,,,12/04/2025,06/03/2021,5,High,Not Available,,Normal Operations,11/20/2025,Yes,04/22/2025,Yes,https://www.spl.usace.army.mil/Missions/Asset-Management/Prado-Dam/,No
William L. Jess Dam - Lost Creek Lake Fish Structure,Lost Creek Lake,Lost Creek,OR00612,S001,OR00612S001,USACE - Portland District,Federal,Federal,0,Yes,CENWP,No,Fish and Wildlife Pond,Fish and Wildlife Pond;Recreation,US Army Corps of Engineers,OR00612S001,42.6656811780001,-122.686645711,Oregon,Jackson,Trail,,Rogue River,"Oregon, Congressional District 02",,No,No,,No,No,No,Yes,US Army Corps of Engineers,US Army Corps of Engineers,US Army Corps of Engineers,US Army Corps of Engineers,US Army Corps of Engineers,US Army Corps of Engineers,US Army Corps of Engineers,US Army Corps of Engineers,,,Gravity,Gravity,Concrete;Earth,Rock,28,28,28,28,25-50 feet,100,0,1976,1970-1979,,0,0,0,0,0,14000,Uncontrolled,38,0,0,0,,,,12/04/2025,07/21/2021,5,Significant,Not Available,,Normal Operations,11/20/2025,Yes,,N/A,https://nwp.usace.afpims.mil/Locations/Rogue-River/Lost-Creek/,No
Col. Charles D. Maynard Lock and Dam,Pool 5,Lock & Dam #5,AR00166,,AR00166,USACE - Little Rock District,Federal,Federal,0,No,CESWL,No,Navigation,Navigation;Irrigation;Recreation,US Army Corps of Engineers,AR00166,34.4116710000001,-92.103333,Arkansas,Jefferson,Pine Bluff,,Arkansas,"Arkansas, Congressional District 04",,No,No,,No,No,No,Yes,US Army Corps of Engineers,US Army Corps of Engineers,US Army Corps of Engineers,US Army Corps of Engineers,US Army Corps of Engineers,US Army Corps of Engineers,US Army Corps of Engineers,US Army Corps of Engineers,,,Concrete,Concrete;Gravity,Concrete,Soil,39,30,61,61,51-100 feet,7780,185000,1968,1960-1969,,68500,68500,61300,6680,158542,459000,Controlled,900,1,600,110,,,,09/28/2026,12/07/2022,5,Significant,Not Available,,Normal Operations,11/20/2025,Yes,07/11/2023,N/A,https://www.usace.army.mil/Missions/Civil-Works/Dam-Safety-Program/Article/2870967/dam-safety-program/,No
Ozark-Jetta Taylor Lock and Dam,Ozark Lake,,AR00164,,AR00164,USACE - Little Rock District,Federal,Federal,0,No,CESWL,No,Navigation,Navigation;Recreation;Hydroelectric,US Army Corps of Engineers,AR00164,35.471962906,-93.814129172,Arkansas,Franklin,Dardanelle,,Arkansas,"Arkansas, Congressional District 04",,No,No,,No,No,No,Yes,US Army Corps of Engineers,US Army Corps of Engineers,US Army Corps of Engineers,US Army Corps of Engineers,US Army Corps of Engineers,US Army Corps of Engineers,US Army Corps of Engineers,US Army Corps of Engineers,,,Concrete,Concrete;Gravity,Concrete,Rock,42,33,100,100,51-100 feet,2500,120000,1969,1960-1969,,148400,148400,129000,10600,151800,570000,Controlled,750,1,600,110,,,,09/30/2026,05/07/2026,5,Significant,Not Available,,Normal Operations,11/20/2025,Yes,03/20/2026,N/A,https://www.usace.army.mil/Missions/Civil-Works/Dam-Safety-Program/Article/2870967/dam-safety-program/,No
Pine River Dam - Dikes 13 and 14,Pine River Reservoir,Crosslake Dam,MN00582,S001,MN00582S001,USACE - St. Paul District,Federal,Federal,0,Yes,,No,Fish and Wildlife Pond,Fish and Wildlife Pond;Navigation;Recreation;Water Supply;Flood Risk Reduction,US Army Corps of Engineers,MN00582S001,46.6580000000001,-94.1455999999999,Minnesota,Crow Wing,Cross Lake,,Pine River,"Minnesota, Congressional District 08",,No,No,,No,No,No,Yes,US Army Corps of Engineers,US Army Corps of Engineers,US Army Corps of Engineers,US Army Corps of Engineers,US Army Corps of Engineers,US Army Corps of Engineers,US Army Corps of Engineers,US Army Corps of Engineers,,,Concrete,Concrete;Earth,,,23,20,22,23,Less than 25 feet,1553,112300,1886,Before 1900,,187700,187700,101340,13700,562,16300,Controlled,0,0,0,0,,,,09/30/2026,05/11/2023,5,High,Not Available,,Normal Operations,11/20/2025,Yes,09/01/1990,Yes,https://www.usace.army.mil/Missions/Civil-Works/Dam-Safety-Program/Article/2870967/dam-safety-program/,No
London Locks and Dam,,,WV03907,,WV03907,USACE - Huntington District,Federal,Federal,0,No,CELRH,No,Navigation,Navigation;Hydroelectric,US Army Corps of Engineers,WV03907,38.192530172,-81.3694288849999,West Virginia,Kanawha,London,1,Kanawha River,"West Virginia, Congressional District 01",,No,No,,No,No,No,Yes,US Army Corps of Engineers,US Army Corps of Engineers,US Army Corps of Engineers,US Army Corps of Engineers,US Army Corps of Engineers,US Army Corps of Engineers,US Army Corps of Engineers,US Army Corps of Engineers,,,Concrete,Concrete,Concrete,Rock,,42,103,103,Greater than 100 feet,948,0,1934,1930-1939,,15800,15800,15800,700,8490,12700,Controlled,500,2,360,56,,,Roller5,10/01/2026,05/20/2022,5,Significant,Not Available,,Normal Operations,11/20/2025,No,,N/A,https://www.lrh.usace.army.mil/Missions/Civil-Works/Locks-and-Dams/London-Locks-and-Dam/,No
Carr Creek Dam Sediment Dam 3 - Defeated Creek,Carr Creek Lake,Defeated Creek Sediment Dam,KY03056,S003,KY03056S003,USACE - Louisville District,Federal,Federal,0,Yes,,No,Other,Other,US Army Corps of Engineers,KY03056S003,37.235081,-82.969,Kentucky,Knott,Vicco,,Carr Creek,"Kentucky, Congressional District 05",,No,No,,No,No,No,Yes,US Army Corps of Engineers,US Army Corps of Engineers,US Army Corps of Engineers,US Army Corps of Engineers,US Army Corps of Engineers,US Army Corps of Engineers,US Army Corps of Engineers,US Army Corps of Engineers,,,Rockfill,Rockfill;Earth,,,30,104,30,104,Greater than 100 feet,130,929000,1975,1970-1979,,47700,47700,22620,710,58,87800,Uncontrolled,19,0,0,0,,,,12/04/2025,07/27/2023,5,Low,Not Available,,Normal Operations,11/20/2025,Yes,05/06/2024,N/A,https://www.usace.army.mil/Missions/Civil-Works/Dam-Safety-Program/Article/2870967/dam-safety-program/,No
Broken Bow Dam - Reregulation Dam,Broken Bow Lake,,OK10307,S001,OK10307S001,USACE - Tulsa District,Federal,Federal,0,Yes,,No,Flood Risk Reduction,Flood Risk Reduction;Other;Recreation;Hydroelectric;Water Supply,US Army Corps of Engineers,OK10307S001,34.1544470000001,-94.687439,Oklahoma,McCurtain,Eagletown,,Mountain Fork River,"Oklahoma, Congressional District 02",Choctaw OTSA,No,No,,No,No,No,Yes,US Army Corps of Engineers,US Army Corps of Engineers,US Army Corps of Engineers,US Army Corps of Engineers,US Army Corps of Engineers,US Army Corps of Engineers,US Army Corps of Engineers,US Army Corps of Engineers,,,Gravity,Gravity;Earth,,,225,220,225,225,Greater than 100 feet,4026,5052480,1968,1960-1969,,1598950,1598950,918070,20500,754,443000,Controlled,320,0,0,0,,,,09/24/2026,08/10/2022,5,Low,Not Available,,Normal Operations,11/20/2025,Yes,02/12/2025,Yes,https://www.swt.usace.army.mil/Locations/Tulsa-District-Lakes/Oklahoma/Broken-Bow-Lake/,No
David D. Terry Lock and Dam,Pool 6,,AR00172,,AR00172,USACE - Little Rock District,Federal,Federal,0,No,CESWL,No,Navigation,Navigation;Recreation,US Army Corps of Engineers,AR00172,34.6666720000001,-92.154999,Arkansas,Pulaski,Pine Bluff,,Arkansas,"Arkansas, Congressional District 01",,No,No,,No,No,No,Yes,US Army Corps of Engineers,US Army Corps of Engineers,US Army Corps of Engineers,US Army Corps of Engineers,US Army Corps of Engineers,US Army Corps of Engineers,US Army Corps of Engineers,US Army Corps of Engineers,,,Concrete,Concrete;Gravity,Concrete,Soil,28,25,51,51,51-100 feet,8700,220000,1968,1960-1969,,59600,59600,49500,4710,158288,340000,Controlled,1190,1,600,110,,,,09/28/2026,12/13/2023,5,Significant,Not Available,,Normal Operations,11/20/2025,Yes,07/06/2023,N/A,https://www.usace.army.mil/Missions/Civil-Works/Dam-Safety-Program/Article/2870967/dam-safety-program/,No
Nimrod Dam,Nimrod Lake,,AR00158,,AR00158,USACE - Little Rock District,Federal,Federal,0,No,CESWL,No,Flood Risk Reduction,Flood Risk Reduction;Recreation;Water Supply,US Army Corps of Engineers,AR00158,34.952015353,-93.160435107,Arkansas,Perry,Perryville,,Fourche La Fave,"Arkansas, Congressional District 02",,No,No,,No,No,No,Yes,US Army Corps of Engineers,US Army Corps of Engineers,US Army Corps of Engineers,US Army Corps of Engineers,US Army Corps of Engineers,US Army Corps of Engineers,US Army Corps of Engineers,US Army Corps of Engineers,,,Concrete,Concrete;Gravity,Concrete,Rock,97,70,103,103,Greater than 100 feet,1012,104400,1942,1940-1949,,336000,336000,29000,3550,680,49000,Uncontrolled,198,0,0,0,,,,09/28/2026,03/18/2026,5,High,Not Available,,Normal Operations,11/20/2025,Yes,06/06/2023,Yes,https://www.swl.usace.army.mil/Missions/Recreation/Lakes/Nimrod-Lake/,No
Toad Suck Ferry Lock and Dam,Pool 8,,AR00170,,AR00170,USACE - Little Rock District,Federal,Federal,0,No,CESWL,No,Navigation,Navigation;Recreation,US Army Corps of Engineers,AR00170,35.0771518060001,-92.539649465,Arkansas,Faulkner,Little Rock,,Arkansas,"Arkansas, Congressional District 02",,No,No,,No,No,No,Yes,US Army Corps of Engineers,US Army Corps of Engineers,US Army Corps of Engineers,US Army Corps of Engineers,US Army Corps of Engineers,US Army Corps of Engineers,US Army Corps of Engineers,US Army Corps of Engineers,,,Concrete,Concrete;Gravity,Concrete,Rock,37,35,58,58,51-100 feet,1450,93500,1969,1960-1969,,37300,37300,33000,4130,156386,368000,Controlled,1120,1,600,110,,,,09/28/2026,11/03/2022,5,Significant,Not Available,,Normal Operations,11/20/2025,Yes,03/20/2026,N/A,https://www.usace.army.mil/Missions/Civil-Works/Dam-Safety-Program/Article/2870967/dam-safety-program/,No
Winfield Locks and Dam,,,WV07903,,WV07903,USACE - Huntington District,Federal,Federal,0,No,CELRH,No,Navigation,Navigation;Recreation;Hydroelectric,US Army Corps of Engineers,WV07903,38.5265868400001,-81.913069828,West Virginia,Putnam,Midway,4,Kanawha River,"West Virginia, Congressional District 01",,No,No,,No,No,No,Yes,US Army Corps of Engineers,US Army Corps of Engineers,US Army Corps of Engineers,US Army Corps of Engineers,US Army Corps of Engineers,US Army Corps of Engineers,US Army Corps of Engineers,US Army Corps of Engineers,,,Concrete,Concrete,Concrete,Rock,,42,110,110,Greater than 100 feet,985,0,1937,1930-1939,,79100,79100,79100,3100,11813,17000,Controlled,600,3,900,56,,,,10/01/2026,08/07/2025,5,Significant,Not Available,,Normal Operations,11/20/2025,Yes,11/13/2025,N/A,https://www.lrh.usace.army.mil/Missions/Civil-Works/Locks-and-Dams/Winfield-Locks-and-Dam/,No
B. Everett Jordan Dam,,New Hope Project,NC00173,,NC00173,USACE - Wilmington District,Federal,Federal,2,No,CE,No,Flood Risk Reduction,Flood Risk Reduction;Other;Fish and Wildlife Pond;Recreation;Hydroelectric;Water Supply,US Army Corps of Engineers,NC00173,35.654588819,-79.066999997,North Carolina,Chatham,Moncure,3,Haw River,"North Carolina, Congressional District 09",,No,No,,No,No,No,Yes,US Army Corps of Engineers,US Army Corps of Engineers,US Army Corps of Engineers,US Army Corps of Engineers,US Army Corps of Engineers;Federal Energy Regulatory Commission,US Army Corps of Engineers;Federal Energy Regulatory Commission,US Army Corps of Engineers,US Army Corps of Engineers,,,Earth,Earth,Earth,,114,108,113,114,Greater than 100 feet,1330,1144825,1974,1970-1979,,1646560,1646560,215130,13940,1690,259000,Uncontrolled,800,0,0,0,,,Roller0;Vertical Lift0,07/28/2026,03/25/2026,5,High,Not Available,,Normal Operations,11/20/2025,Yes,07/31/2017,Yes,https://www.saw.usace.army.mil/Locations/District-Lakes-and-Dams/B-Everett-Jordan/,No
Greenup Locks and Dam,,,KY03031,,KY03031,USACE - Huntington District,Federal,Federal,0,No,CELRH,No,Navigation,Navigation;Recreation;Hydroelectric,US Army Corps of Engineers,KY03031,38.6469961080001,-82.859630433,Kentucky,Greenup,Wheelersburg,8,Ohio River,"Kentucky, Congressional District 04",,No,No,,No,No,No,Yes,US Army Corps of Engineers,US Army Corps of Engineers,US Army Corps of Engineers,US Army Corps of Engineers,US Army Corps of Engineers;Federal Energy Regulatory Commission,US Army Corps of Engineers;Federal Energy Regulatory Commission,US Army Corps of Engineers,Federal Energy Regulatory Commission,,,Concrete,Concrete,Concrete,Rock,,35,78,78,51-100 feet,1622,0,1962,1960-1969,,351700,351700,351700,11200,62000,90600,Controlled,900,2,1200,110,,,Tainter (radial)9,09/24/2026,10/26/2023,5,Significant,Not Available,,Normal Operations,11/20/2025,No,,N/A,https://www.lrh.usace.army.mil/Missions/Civil-Works/Locks-and-Dams/Greenup-Locks-and-Dam/,No
Marmet Locks and Dam,,,WV03908,,WV03908,USACE - Huntington District,Federal,Federal,0,No,CELRH,No,Navigation,Navigation;Recreation;Hydroelectric,US Army Corps of Engineers,WV03908,38.253350772,-81.567538366,West Virginia,Kanawha,Rand,5,Kanawha River,"West Virginia, Congressional District 01",,No,No,,No,No,No,Yes,US Army Corps of Engineers,US Army Corps of Engineers,US Army Corps of Engineers,US Army Corps of Engineers,US Army Corps of Engineers,US Army Corps of Engineers,US Army Corps of Engineers,US Army Corps of Engineers,,,Concrete,Concrete,Concrete,Rock,,37,101,101,Greater than 100 feet,973,0,1934,1930-1939,,30600,30600,30600,1300,8816,13200,Controlled,500,2,360,56,,,Roller5,10/01/2026,05/27/2022,5,Significant,Not Available,,Normal Operations,11/20/2025,No,,N/A,https://www.lrh.usace.army.mil/Missions/Civil-Works/Locks-and-Dams/Marmet-Locks-and-Dam/,No
Dworshak Dam,Dworkshak Reservoir,Dworshak Dam and Reservoir,ID00287,,ID00287,USACE - Walla Walla District,Federal,Federal,0,No,,No,Flood Risk Reduction,Flood Risk Reduction;Navigation;Fish and Wildlife Pond;Recreation;Hydroelectric;Water Supply,US Army Corps of Engineers,ID00287,46.5155436320001,-116.296388085,Idaho,Clearwater,Ahsahka,,North Fork Clearwater River,"Idaho, Congressional District 01",Nez Perce Reservation,No,No,,No,No,No,Yes,US Army Corps of Engineers,US Army Corps of Engineers,US Army Corps of Engineers,US Army Corps of Engineers,US Army Corps of Engineers,US Army Corps of Engineers,US Army Corps of Engineers,US Army Corps of Engineers,,,Concrete,Concrete;Gravity,,Rock,,633,717,717,Greater than 100 feet,3287,6450000,1973,1970-1979,,3560000,3560000,3468000,17090,2440,221000,Controlled,100,0,0,0,,,Tainter (radial)0,08/24/2026,06/23/2022,5,High,Not Available,,Normal Operations,11/20/2025,Yes,07/06/2022,Yes,https://www.nww.usace.army.mil/Locations/District-Locks-and-Dams/Dworshak-Dam-and-Reservoir/,No
Coffeeville Lock and Dam,Coffeeville Lake,,AL01431,,AL01431,USACE - Mobile District,Federal,Federal,0,No,CESAM,No,Navigation,Navigation;Recreation,US Army Corps of Engineers,AL01431,31.756551281,-88.128570033,Alabama,Choctaw,Coffeeville,3,Tombigbee River,"Alabama, Congressional District 07",,No,No,,No,No,No,Yes,US Army Corps of Engineers,US Army Corps of Engineers,US Army Corps of Engineers,US Army Corps of Engineers,US Army Corps of Engineers,US Army Corps of Engineers,US Army Corps of Engineers,US Army Corps of Engineers,,,Gravity,Gravity,,,,52,60,60,51-100 feet,1439,260000,1962,1960-1969,,190800,190800,190800,8500,18417,71000,Controlled,1119,1,600,110,,,,09/15/2026,03/04/2024,5,Significant,Not Available,,Normal Operations,11/20/2025,Yes,08/25/2020,N/A,https://www.sam.usace.army.mil/Missions/Civil-Works/Recreation/Black-Warrior-Tombigbee-BWT-Lakes/,No
St. Lucie Lock and Dam,St Lucie Lock and Dam,St Lucie Lock and Spillway,FL00425,,FL00425,USACE - Jacksonville District,Federal,Federal,0,No,CESAJ,No,Flood Risk Reduction,Flood Risk Reduction;Irrigation;Navigation;Recreation,US Army Corps of Engineers,FL00425,27.1116985560001,-80.285162398,Florida,Martin,Palm City,6,St Lucie Canal,"Florida, Congressional District 21",,Yes,Yes,Fdep,Yes,Yes,Yes,Yes,US Army Corps of Engineers,US Army Corps of Engineers,US Army Corps of Engineers,US Army Corps of Engineers,US Army Corps of Engineers,US Army Corps of Engineers,US Army Corps of Engineers,,,,,,Concrete,Soil,,33,39,39,25-50 feet,540,0,1950,1950-1959,,2311,2311,1818,0,202,25600,Controlled,170,1,250,50,,,Tainter (radial)0,07/31/2026,04/24/2025,5,Significant,Not Available,,Normal Operations,11/20/2025,Yes,10/27/2025,N/A,https://www.usace.army.mil/Missions/Civil-Works/Dam-Safety-Program/Article/2870967/dam-safety-program/,No
Claiborne Lock and Dam,Claiborne Lake,,AL01436,,AL01436,USACE - Mobile District,Federal,Federal,0,No,CESAM,No,Navigation,Navigation;Recreation,US Army Corps of Engineers,AL01436,31.614929648,-87.550460287,Alabama,Monroe,Claiborne Landing,5,Alabama River,"Alabama, Congressional District 02",,No,No,,No,No,No,Yes,US Army Corps of Engineers,US Army Corps of Engineers,US Army Corps of Engineers,US Army Corps of Engineers,US Army Corps of Engineers,US Army Corps of Engineers,US Army Corps of Engineers,US Army Corps of Engineers,,,Gravity,Gravity,,,33,35,80,80,51-100 feet,2550,122000,1971,1970-1979,,96360,96360,96360,5850,21473,665500,Controlled,866,1,600,84,,,,09/15/2026,12/15/2025,5,Significant,Not Available,,Normal Operations,11/20/2025,Yes,09/07/2019,N/A,https://www.sam.usace.army.mil/Missions/Civil-Works/Recreation/Alabama-River-Lakes/,No
Demopolis Lock and Dam,Demopolis Lake,,AL01430,,AL01430,USACE - Mobile District,Federal,Federal,0,No,CESAM,No,Navigation,Navigation;Recreation,US Army Corps of Engineers,AL01430,32.520773004,-87.879069395,Alabama,Marengo,Demopolis,2,Tombigbee River,"Alabama, Congressional District 07",,No,No,,No,No,No,Yes,US Army Corps of Engineers,US Army Corps of Engineers,US Army Corps of Engineers,US Army Corps of Engineers,US Army Corps of Engineers,US Army Corps of Engineers,US Army Corps of Engineers,US Army Corps of Engineers,,,Gravity,Gravity,,,,59,63,63,51-100 feet,1770,507000,1955,1950-1959,,150000,150000,120000,10000,15385,88000,Uncontrolled,1485,1,600,110,,,None0,09/15/2026,06/27/2024,5,Significant,Not Available,,Normal Operations,11/20/2025,Yes,08/25/2020,N/A,https://www.sam.usace.army.mil/Missions/Civil-Works/Recreation/Black-Warrior-Tombigbee-BWT-Lakes/,No
Jemez Canyon Dam - Santa Ana Pueblo Protection Works,,Jemez Canyon Dam - Santa Ana Pueblo Protection Works Levee,NM00003,S001,NM00003S001,USACE - Albuquerque District,Federal,Federal,,Yes,,No,Flood Risk Reduction,Flood Risk Reduction,US Army Corps of Engineers,NM00003S001,35.42483,-106.61668,New Mexico,Sandoval,Bernalillo,,,"New Mexico, Congressional District 03",Santa Ana Pueblo,No,No,,No,No,No,Yes,US Army Corps of Engineers,US Army Corps of Engineers,US Army Corps of Engineers,US Army Corps of Engineers,US Army Corps of Engineers,US Army Corps of Engineers,US Army Corps of Engineers,US Army Corps of Engineers,,,Earth,Earth,,,24,21,24,24,Less than 25 feet,,,1953,1950-1959,,0,0,0,,,,,,,,,,,,09/16/2026,03/04/2020,5,High,Not Available,,Normal Operations,11/20/2025,Yes,04/04/2016,Yes,https://www.spa.usace.army.mil/Missions/Civil-Works/Recreation/Jemez-Canyon-Dam/,No
Keystone Dam - Cleveland Levee,Keystone Lake,,OK10309,S001,OK10309S001,USACE - Tulsa District,Federal,Federal,0,Yes,,No,Flood Risk Reduction,Flood Risk Reduction,US Army Corps of Engineers,OK10309S001,36.3043630000001,-96.463931,Oklahoma,Pawnee,Sand Springs,,Arkansas River,"Oklahoma, Congressional District 03",Pawnee OTSA,No,No,,No,No,No,Yes,US Army Corps of Engineers,US Army Corps of Engineers,US Army Corps of Engineers,US Army Corps of Engineers,US Army Corps of Engineers,US Army Corps of Engineers,US Army Corps of Engineers,US Army Corps of Engineers,,,Earth,Earth;Gravity,,,34,34,34,34,25-50 feet,12915,4389100,1964,1960-1969,,1672613,1672613,505381,22420,74506,939000,Controlled,720,0,0,0,,,,09/29/2026,02/09/2022,5,High,Not Available,,Normal Operations,11/20/2025,Yes,01/04/2022,Yes,https://www.swt.usace.army.mil/Locations/Tulsa-District-Lakes/Oklahoma/Keystone-Lake/,No
Paint Creek Dam - Little Pond Dam,,,OH02364,S002,OH00017S002,USACE - Huntington District,Federal,Federal,0,Yes,,No,,,US Army Corps of Engineers,OH00017S002,39.2450843290001,-83.3520552269999,Ohio,Highland,Bainbridge,7,Paint Creek,"Ohio, Congressional District 02",,No,No,,No,No,No,Yes,US Army Corps of Engineers,US Army Corps of Engineers,US Army Corps of Engineers,US Army Corps of Engineers,US Army Corps of Engineers,US Army Corps of Engineers,US Army Corps of Engineers,,,,Earth,Earth,,,30,,,30,25-50 feet,,,1973,1970-1979,,125,125,,,,,,,,,,,,,10/01/2026,07/31/2020,5,Low,Not Available,,Normal Operations,11/20/2025,Yes,07/05/2011,N/A,https://www.lrh.usace.army.mil/Missions/Civil-Works/Dam-Safety-Program/,No
Howell Heflin Lock and Dam,Gainesville Lake,Gainesville,AL01980,,AL01980,USACE - Mobile District,Federal,Federal,0,No,CESAM,No,Navigation,Navigation,US Army Corps of Engineers,AL01980,32.8487256390001,-88.15656001,Alabama,Greene,Gainesville,4,Tombigbee,"Alabama, Congressional District 07",,No,No,,No,No,No,Yes,US Army Corps of Engineers,US Army Corps of Engineers,US Army Corps of Engineers,US Army Corps of Engineers,US Army Corps of Engineers,US Army Corps of Engineers,US Army Corps of Engineers,US Army Corps of Engineers,,,Gravity,Gravity;Earth,,,,46,56,56,51-100 feet,816,1576000,1978,1970-1979,,58000,58000,45290,6400,7212,225000,Controlled,523,1,600,110,,,,09/02/2026,06/04/2026,5,Significant,Not Available,,Normal Operations,11/20/2025,Yes,08/19/2017,N/A,https://www.sam.usace.army.mil/Missions/Civil-Works/Recreation/Tennessee-Tombigbee-Waterway/Navigation/,No
Cape Fear River Lock and Dam 2,,,NC00205,,NC00205,USACE - Wilmington District,Federal,Federal,0,No,,No,Navigation,Navigation;Recreation,US Army Corps of Engineers,NC00205,34.6264756840001,-78.577582982,North Carolina,Bladen,Westbrook,14,Cape Fear River,"North Carolina, Congressional District 07",,No,No,,No,No,No,Yes,US Army Corps of Engineers,US Army Corps of Engineers,US Army Corps of Engineers,US Army Corps of Engineers,US Army Corps of Engineers,US Army Corps of Engineers,US Army Corps of Engineers,US Army Corps of Engineers,,,Concrete,Concrete;Timber Crib;Rockfill,Earth,Soil,,25,25,25,25-50 feet,355,14000,1917,1910-1919,,3000,3000,3000,800,4940,35000,None,0,1,200,40,,,None0,01/29/2026,03/11/2020,5,Low,Not Available,,Normal Operations,11/20/2025,Yes,07/31/2017,N/A,https://www.saw.usace.army.mil/Locations/District-Lakes-and-Dams/Cape-Fear-Locks-and-Dams/,No
Carr Creek Dam Sediment Dam 1 - Shingle Branch,Carr Creek Lake,Shingle Branch Sediment Dam,KY03056,S001,KY03056S001,USACE - Louisville District,Federal,Federal,0,Yes,CELRL,No,Other,Other,US Army Corps of Engineers,KY03056S001,37.2171251930001,-82.9782432929999,Kentucky,Knott,Vicco,,Carr Creek,"Kentucky, Congressional District 05",,No,No,,No,No,No,Yes,US Army Corps of Engineers,US Army Corps of Engineers,US Army Corps of Engineers,US Army Corps of Engineers,US Army Corps of Engineers,US Army Corps of Engineers,US Army Corps of Engineers,US Army Corps of Engineers,,,Rockfill,Rockfill;Earth,,,40,40,40,40,25-50 feet,400,36000,1975,1970-1979,,200,200,150,11.5,3.29,2750,Uncontrolled,90,0,0,0,,,Slide (sluice gate)0;Uncontrolled0;Vertical Lift0,12/04/2025,07/27/2023,5,Low,Not Available,,Normal Operations,11/20/2025,Yes,05/06/2024,N/A,https://www.usace.army.mil/Missions/Civil-Works/Dam-Safety-Program/Article/2870967/dam-safety-program/,No
A.I. Selden Lock and Dam,Warrior Lake,,AL01429,,AL01429,USACE - Mobile District,Federal,Federal,0,No,CESAM,No,Navigation,Navigation;Recreation,US Army Corps of Engineers,AL01429,32.778789923,-87.840967155,Alabama,Greene,Eastport,3,Black Warrior River,"Alabama, Congressional District 07",,No,No,,No,No,No,Yes,US Army Corps of Engineers,US Army Corps of Engineers,US Army Corps of Engineers,US Army Corps of Engineers,US Army Corps of Engineers,US Army Corps of Engineers,US Army Corps of Engineers,US Army Corps of Engineers,,,Gravity,Gravity,,,,65,71,71,51-100 feet,684,377000,1958,1950-1959,,58650,58650,49100,7800,5810,53800,Controlled,360,1,600,110,,,,09/15/2026,06/03/2026,5,Significant,Not Available,,Normal Operations,11/20/2025,Yes,08/25/2020,N/A,https://www.sam.usace.army.mil/Missions/Civil-Works/Recreation/Black-Warrior-Tombigbee-BWT-Lakes/,No
Belleville Locks and Dam,,,WV10702,,WV10702,USACE - Huntington District,Federal,Federal,0,No,CELRH,No,Navigation,Navigation;Recreation;Hydroelectric,US Army Corps of Engineers,WV10702,39.118999989,-81.7415292539999,West Virginia,Wood,Longbottom,5,Ohio River,"West Virginia, Congressional District 02",,No,No,,No,No,No,Yes,US Army Corps of Engineers,US Army Corps of Engineers,US Army Corps of Engineers,US Army Corps of Engineers,US Army Corps of Engineers,US Army Corps of Engineers,US Army Corps of Engineers,US Army Corps of Engineers,,,Concrete,Concrete,Concrete,Rock,,50,130,130,Greater than 100 feet,1509,0,1968,1960-1969,,229200,229200,229200,8900,39350,55900,Controlled,880,2,1200,110,,,Tainter (radial)8,09/30/2026,06/26/2025,5,Significant,Not Available,,Normal Operations,11/20/2025,No,,N/A,https://www.lrh.usace.army.mil/Missions/Civil-Works/Locks-and-Dams/Belleville-Locks-and-Dam/,No
W.P. Franklin Lock and Dam,W.P. Franklin Lock & Dam,,FL00310,,FL00310,USACE - Jacksonville District,Federal,Federal,0,No,CESAJ,No,Flood Risk Reduction,Flood Risk Reduction;Irrigation;Navigation;Recreation,US Army Corps of Engineers,FL00310,26.7223000000001,-81.693074177,Florida,Lee,Fort Myers Shores Duc Area,2,Caloosahatchee River (C-43),"Florida, Congressional District 17",,Yes,Yes,Fdep,Yes,Yes,Yes,Yes,US Army Corps of Engineers,US Army Corps of Engineers,US Army Corps of Engineers,US Army Corps of Engineers,US Army Corps of Engineers,US Army Corps of Engineers,US Army Corps of Engineers,US Army Corps of Engineers,,,,,Concrete,Soil,,25,31,31,25-50 feet,1700,176670,1965,1960-1969,,32266,32266,26404,800,839,28900,Controlled,340,1,400,56,,,,09/30/2026,03/03/2026,5,Low,Not Available,,Normal Operations,11/20/2025,Yes,10/27/2025,N/A,https://www.usace.army.mil/Missions/Civil-Works/Dam-Safety-Program/Article/2870967/dam-safety-program/,No
Tom Bevill Lock and Dam,Aliceville Lake,,AL01979,,AL01979,USACE - Mobile District,Federal,Federal,0,No,CESAM,No,Navigation,Navigation;Recreation,US Army Corps of Engineers,AL01979,33.2106683120001,-88.288098039,Alabama,Pickens,Pickensville,7,Tombigbee,"Alabama, Congressional District 07",,No,No,,No,No,No,Yes,US Army Corps of Engineers,US Army Corps of Engineers,US Army Corps of Engineers,US Army Corps of Engineers,US Army Corps of Engineers,US Army Corps of Engineers,US Army Corps of Engineers,US Army Corps of Engineers,,,Gravity,Gravity;Earth,,,,51,75,75,51-100 feet,1300,72270,1979,1970-1979,,60400,60400,60400,8300,5750,290000,Controlled,430,1,600,110,,,,02/19/2026,12/06/2021,5,Significant,Not Available,,Normal Operations,11/20/2025,Yes,10/21/2025,Yes,https://www.sam.usace.army.mil/Missions/Civil-Works/Recreation/Tennessee-Tombigbee-Waterway/Navigation/,No
Racine Locks and Dam,,,WV05301,,WV05301,USACE - Huntington District,Federal,Federal,0,No,CELRH,No,Navigation,Navigation;Recreation;Hydroelectric,US Army Corps of Engineers,WV05301,38.916672,-81.911667,West Virginia,Mason,Antiquity,4,Ohio River,"West Virginia, Congressional District 01",,No,No,,No,No,No,Yes,US Army Corps of Engineers,US Army Corps of Engineers,US Army Corps of Engineers,US Army Corps of Engineers,US Army Corps of Engineers;Federal Energy Regulatory Commission,US Army Corps of Engineers;Federal Energy Regulatory Commission,US Army Corps of Engineers,Federal Energy Regulatory Commission,,,Concrete,Concrete,Concrete,Rock,,50,100,100,51-100 feet,1530,905000,1971,1970-1979,,153700,153700,153700,5300,40130,56800,Controlled,880,2,1200,110,,,Tainter (radial)8,09/24/2026,08/11/2022,5,Significant,Not Available,,Normal Operations,11/20/2025,No,,N/A,https://www.lrh.usace.army.mil/Missions/Civil-Works/Locks-and-Dams/Racine-Locks-and-Dam/,No
Captain Anthony Meldahl Locks and Dam,,,KY03032,,KY03032,USACE - Huntington District,Federal,Federal,0,No,CELRH,No,Navigation,Navigation;Recreation;Hydroelectric,US Army Corps of Engineers,KY03032,38.793768938,-84.17190665,Kentucky,Bracken,Bradford,2,Ohio River,"Kentucky, Congressional District 04",,No,No,,No,No,No,Yes,US Army Corps of Engineers,US Army Corps of Engineers,US Army Corps of Engineers,US Army Corps of Engineers,US Army Corps of Engineers;Federal Energy Regulatory Commission,US Army Corps of Engineers;Federal Energy Regulatory Commission,US Army Corps of Engineers,Federal Energy Regulatory Commission,,,Concrete,Concrete,Concrete,Rock,,35,138,138,Greater than 100 feet,2105,0,1965,1960-1969,,609800,609800,609800,21700,70808,101400,Controlled,1200,2,1200,110,,,Tainter (radial)12,10/01/2026,06/27/2024,5,Significant,Not Available,,Normal Operations,11/20/2025,No,,N/A,https://www.lrh.usace.army.mil/Missions/Civil-Works/Locks-and-Dams/Captain-Meldahl-Locks-and-Dam/,No
Thad Cochran Lock and Dam,Pool A,Amory Lock and Dam;Lock A,MS03058,,MS03058,USACE - Mobile District,Federal,Federal,0,No,CESAM,No,Navigation,Navigation;Recreation,US Army Corps of Engineers,MS03058,34.011219226,-88.488391376,Mississippi,Monroe,Amory,1,Tombigbee,"Mississippi, Congressional District 01",,Yes,Yes,Ms Department of Environmental Quality,Yes,Yes,Yes,Yes,US Army Corps of Engineers,US Army Corps of Engineers,US Army Corps of Engineers,US Army Corps of Engineers,US Army Corps of Engineers,US Army Corps of Engineers,US Army Corps of Engineers,US Army Corps of Engineers,,,Gravity,Gravity;Earth,,,,28,46,46,25-50 feet,3400,14000,1982,1980-1989,,4386,4386,4386,914,1226,420900,Controlled,104,1,600,110,,,,08/14/2026,03/31/2026,5,Significant,Not Available,,Normal Operations,11/20/2025,Yes,09/30/2021,Yes,https://www.sam.usace.army.mil/Missions/Civil-Works/Recreation/Tennessee-Tombigbee-Waterway/Navigation/,No
Lower Red Lake Dam,Miskwaagamiiwi-Zaagaiganing;Red Lakes Reservoir;Upper and Lower Red Lakes,,MN00573,,MN00573,USACE - St. Paul District,Federal,Federal,0,No,,No,Other,Other;Flood Risk Reduction,US Army Corps of Engineers,MN00573,47.9598310040001,-95.274622553,Minnesota,Clearwater,Thief River Falls,71,Red Lake River,"Minnesota, Congressional District 08",Red Lake Reservation,No,No,,No,No,No,Yes,US Army Corps of Engineers,US Army Corps of Engineers,US Army Corps of Engineers,US Army Corps of Engineers,US Army Corps of Engineers,US Army Corps of Engineers,US Army Corps of Engineers,US Army Corps of Engineers,,,Earth,Earth,Earth,Soil,15,13,17,17,Less than 25 feet,36500,140300,1931,1930-1939,,3428000,3428000,1210000,288640,1921,3700,Controlled,64,0,0,0,,,Slide (sluice gate)4,09/30/2026,07/15/2021,5,Low,Not Available,,Normal Operations,11/20/2025,Yes,09/01/1994,N/A,https://www.usace.army.mil/Missions/Civil-Works/Dam-Safety-Program/Article/2870967/dam-safety-program/,No
William O. Huske Lock and Dam,,Lock and Dam #3,NC00206,,NC00206,USACE - Wilmington District,Federal,Federal,0,No,COE,No,Navigation,Navigation;Recreation,US Army Corps of Engineers,NC00206,34.8352531890001,-78.823073759,North Carolina,Bladen,Tolars Landing,7,Cape Fear River,"North Carolina, Congressional District 07",,No,No,,No,No,No,Yes,US Army Corps of Engineers,US Army Corps of Engineers,US Army Corps of Engineers,US Army Corps of Engineers,US Army Corps of Engineers,US Army Corps of Engineers,US Army Corps of Engineers,US Army Corps of Engineers,,,Concrete,Concrete,Concrete,Soil,,22,22,22,Less than 25 feet,315,4800,1935,1930-1939,,2000,2000,2000,650,4852,25000,None,0,1,300,40,,,None0,01/29/2026,03/11/2020,5,Low,Not Available,,Normal Operations,11/20/2025,Yes,07/31/2017,N/A,https://www.usace.army.mil/Missions/Civil-Works/Dam-Safety-Program/Article/2870967/dam-safety-program/,No
Aberdeen Lock and Dam,Aberdeen Lake,,MS03057,,MS03057,USACE - Mobile District,Federal,Federal,0,No,CESAM,No,Navigation,Navigation;Recreation,US Army Corps of Engineers,MS03057,33.830714261,-88.5193894829999,Mississippi,Monroe,Aberdeen,1,Tombigbee,"Mississippi, Congressional District 01",,Yes,Yes,Ms Department of Environmental Quality,Yes,Yes,Yes,Yes,US Army Corps of Engineers,US Army Corps of Engineers,US Army Corps of Engineers,US Army Corps of Engineers,US Army Corps of Engineers,US Army Corps of Engineers,US Army Corps of Engineers,US Army Corps of Engineers,,,Gravity,Gravity;Earth,,,,51,66,66,51-100 feet,500,389000,1984,1980-1989,,31564,31564,31564,4121,2047,349400,Controlled,416,1,600,110,,,Tainter (radial)0,04/07/2026,06/24/2025,5,Significant,Not Available,,Normal Operations,11/20/2025,Yes,08/19/2017,N/A,https://www.sam.usace.army.mil/Missions/Civil-Works/Recreation/Tennessee-Tombigbee-Waterway/Navigation/,No
Montgomery Point Lock and Dam,,,AR01545,,AR01545,USACE - Little Rock District,Federal,Federal,0,No,CESWL,No,Navigation,Navigation,US Army Corps of Engineers,AR01545,33.9451710000001,-91.08754,Arkansas,Desha,Na,,White,"Arkansas, Congressional District 01",,No,No,,No,No,No,Yes,US Army Corps of Engineers,US Army Corps of Engineers,US Army Corps of Engineers,US Army Corps of Engineers,US Army Corps of Engineers,US Army Corps of Engineers,US Army Corps of Engineers,,,,Concrete,Concrete,Concrete,Soil,14,27,55,55,51-100 feet,843,227640,2004,Since 2000,,10595,10595,7452,613,27818,0,Controlled,500,1,600,110,,,,09/28/2026,08/11/2025,5,Significant,Not Available,,Normal Operations,11/20/2025,Yes,05/02/2024,N/A,https://www.usace.army.mil/Missions/Civil-Works/Dam-Safety-Program/Article/2870967/dam-safety-program/,No
St. Anthony Falls Upper Lock and Dam,Upper St Anthony Falls Pool,,MN00590,,MN00590,USACE - St. Paul District; Xcel Energy,Federal;Private,Federal,0,No,CEMVP,No,Navigation,Navigation;Recreation,US Army Corps of Engineers,MN00590,44.98144417,-93.2576406059999,Minnesota,Hennepin,Minneapolis,1,Mississippi River,"Minnesota, Congressional District 05",,No,No,,No,No,No,Yes,US Army Corps of Engineers,US Army Corps of Engineers,US Army Corps of Engineers,US Army Corps of Engineers,US Army Corps of Engineers;Federal Energy Regulatory Commission,US Army Corps of Engineers;Federal Energy Regulatory Commission,US Army Corps of Engineers,US Army Corps of Engineers,,,Concrete,Concrete,Concrete,Rock,83,86,93,93,51-100 feet,1900,0,1963,1960-1969,,4900,4900,3150,35,19680,91000,Uncontrolled,1900,1,400,56,,,Tainter (radial)1;Uncontrolled0,04/30/2026,10/06/2020,5,Significant,Not Available,,Normal Operations,11/20/2025,Yes,07/13/2023,N/A,https://www.usace.army.mil/Missions/Civil-Works/Dam-Safety-Program/Article/2870967/dam-safety-program/,No
Troy Lock and Dam 1,Hudson River,,NY00951,,NY00951,USACE - New York District,Federal,Federal,0,No,CENAN,No,Navigation,Navigation;Hydroelectric,US Army Corps of Engineers,NY00951,42.7511321390001,-73.688257639,New York,Albany,Troy,1,Hudson River,"New York, Congressional District 20",,No,No,,No,No,No,Yes,US Army Corps of Engineers,US Army Corps of Engineers,US Army Corps of Engineers,US Army Corps of Engineers,US Army Corps of Engineers,US Army Corps of Engineers,US Army Corps of Engineers,US Army Corps of Engineers,,,Concrete,Concrete;Gravity,,Rock,20,14,20,20,Less than 25 feet,1450,0,1915,1910-1919,,4200,4200,0,280,8090,215000,Uncontrolled,0,1,492,44,,,None0;Uncontrolled0,01/21/2026,07/12/2019,5,Significant,Not Available,,"Under Investigation, Planning, Permitting, or Design for Remediation",11/20/2025,Yes,09/29/2020,N/A,https://www.usace.army.mil/Missions/Civil-Works/Dam-Safety-Program/Article/2870967/dam-safety-program/,No
John Redmond Dam - Hartford Levee,John Redmond Reservoir,,KS00004,S001,KS00004S001,USACE - Tulsa District,Federal,Federal,0,Yes,,No,Flood Risk Reduction,Flood Risk Reduction,US Army Corps of Engineers,KS00004S001,38.3082670000001,-95.949515,Kansas,Coffey,Burlington,,Grand Neosho River,"Kansas, Congressional District 02",,No,No,,No,No,No,Yes,US Army Corps of Engineers,US Army Corps of Engineers,US Army Corps of Engineers,US Army Corps of Engineers,US Army Corps of Engineers,US Army Corps of Engineers,US Army Corps of Engineers,US Army Corps of Engineers,,,Earth,Earth;Gravity,,,87,80,87,87,51-100 feet,21790,5028810,1964,1960-1969,,626007,626007,60661,9671,3015,578000,Controlled,560,0,0,0,,,,09/29/2026,09/07/2021,5,High,Not Available,,Normal Operations,11/20/2025,Yes,09/14/2022,Yes,https://www.swt.usace.army.mil/Locations/Tulsa-District-Lakes/Kansas/John-Redmond-Reservoir/,No
Millers Ferry Lock and Dam,William (Bill) Dannelly Lake,,AL01435,,AL01435,USACE - Mobile District,Federal,Federal,0,No,CESAM,No,Recreation,Recreation;Navigation;Hydroelectric,US Army Corps of Engineers,AL01435,32.1008900040001,-87.39982889,Alabama,Wilcox,Midway,2,Alabama River,"Alabama, Congressional District 07",,No,No,,No,No,No,Yes,US Army Corps of Engineers,US Army Corps of Engineers,US Army Corps of Engineers,US Army Corps of Engineers,US Army Corps of Engineers,US Army Corps of Engineers,US Army Corps of Engineers,US Army Corps of Engineers,,,Gravity,Gravity,,,,55,100,100,51-100 feet,1167,935000,1970,1970-1979,,331800,331800,331800,17200,20637,183700,Controlled,850,1,600,84,,,,09/15/2026,12/05/2022,5,Significant,Not Available,,Normal Operations,11/20/2025,Yes,09/07/2019,N/A,https://www.sam.usace.army.mil/Missions/Civil-Works/Recreation/Alabama-River-Lakes/,No
Cape Fear River Lock and Dam 1,,,NC00182,,NC00182,USACE - Wilmington District,Federal,Federal,0,No,,No,Navigation,Navigation;Recreation,US Army Corps of Engineers,NC00182,34.4044796700001,-78.2937778469999,North Carolina,Bladen,Navassa,34,Cape Fear River,"North Carolina, Congressional District 07",,No,No,,No,No,No,Yes,US Army Corps of Engineers,US Army Corps of Engineers,US Army Corps of Engineers,US Army Corps of Engineers,US Army Corps of Engineers,US Army Corps of Engineers,US Army Corps of Engineers,US Army Corps of Engineers,,,Concrete,Concrete;Timber Crib;Rockfill,Earth,Soil,,23,23,23,Less than 25 feet,375,13000,1915,1910-1919,,20000,20000,20000,1400,5255,62000,None,0,1,200,40,,,None0,01/29/2026,03/10/2020,5,Low,Not Available,,Normal Operations,11/20/2025,Yes,07/31/2017,N/A,https://www.saw.usace.army.mil/Locations/District-Lakes-and-Dams/Cape-Fear-Locks-and-Dams/,No
Glenn Cunningham Dam - Williams Brothers Pipeline Levee,Glenn Cunningham Lake,Papillion Creek Site 11 - Saddle Dike,NE01518,S001,NE01518S001,USACE - Omaha District,Federal,Federal,0,Yes,CENWO,No,Flood Risk Reduction,Flood Risk Reduction,US Army Corps of Engineers,NE01518S001,41.363509096,-96.057016671,Nebraska,Douglas,Omaha,,Tr Papillion Creek,"Nebraska, Congressional District 02",,Yes,Yes,Ne Dwee,Yes,Yes,Yes,Yes,US Army Corps of Engineers,US Army Corps of Engineers,US Army Corps of Engineers,US Army Corps of Engineers,US Army Corps of Engineers,US Army Corps of Engineers,US Army Corps of Engineers,US Army Corps of Engineers,No,N/A,Earth,Earth,Earth,Soil,,25,25,25,25-50 feet,900,656000,1974,1970-1979,,14000,14000,3910,392,18,0,None,0,0,0,0,,,None0,06/17/2026,06/01/2021,5,Low,Not Available,,Normal Operations,11/20/2025,Yes,02/15/2010,Yes,https://www.usace.army.mil/Missions/Civil-Works/Dam-Safety-Program/Article/2870967/dam-safety-program/,No
Glover Wilkins Lock and Dam,Pool B,Lock B,MS03059,,MS03059,USACE - Mobile District,Federal,Federal,1,No,CESAM,No,Navigation,Navigation;Recreation,US Army Corps of Engineers,MS03059,34.0649094770001,-88.425589874,Mississippi,Monroe,Amory,5,Tombigbee,"Mississippi, Congressional District 01",,Yes,Yes,Ms Department of Environmental Quality,Yes,Yes,Yes,Yes,US Army Corps of Engineers,US Army Corps of Engineers,US Army Corps of Engineers,US Army Corps of Engineers,US Army Corps of Engineers,US Army Corps of Engineers,US Army Corps of Engineers,US Army Corps of Engineers,,,Gravity,Gravity;Earth,,,48,47,55,55,51-100 feet,6400,59400,1983,1980-1989,,53000,53000,19039,2718,444,204300,Controlled,495,1,600,110,,,,08/14/2026,04/01/2026,5,Significant,Not Available,,Normal Operations,11/20/2025,Yes,05/28/2025,Yes,https://www.sam.usace.army.mil/Missions/Civil-Works/Recreation/Tennessee-Tombigbee-Waterway/Navigation/,No
Willow Island Locks and Dam,,,WV07301,,WV07301,USACE - Huntington District,Federal,Federal,0,No,CELRH,No,Navigation,Navigation;Recreation;Hydroelectric,US Army Corps of Engineers,WV07301,39.3592595160001,-81.3193120989999,West Virginia,Pleasants,Waverly,4,Ohio River,"West Virginia, Congressional District 02",,No,No,,No,No,No,Yes,US Army Corps of Engineers,US Army Corps of Engineers,US Army Corps of Engineers,US Army Corps of Engineers,US Army Corps of Engineers,US Army Corps of Engineers,US Army Corps of Engineers,US Army Corps of Engineers,,,Concrete,Concrete,Concrete,Rock,,44,111,111,Greater than 100 feet,1475,703300,1976,1970-1979,,177600,177600,177600,6400,26900,46800,Controlled,880,2,1200,110,,,Tainter (radial)8,09/24/2026,06/03/2024,5,Significant,Not Available,,Normal Operations,09/01/2020,No,,N/A,https://www.lrh.usace.army.mil/Missions/Civil-Works/Locks-and-Dams/Willow-Island-Locks-and-Dam/,No
John C. Stennis Lock and Dam,Columbus Lake,Columbus,MS03056,,MS03056,USACE - Mobile District,Federal,Federal,0,No,CESAM,No,Navigation,Navigation;Recreation,US Army Corps of Engineers,MS03056,33.518225037,-88.488683172,Mississippi,Lowndes,Columbus,4,Tombigbee,"Mississippi, Congressional District 01",,Yes,Yes,Ms Department of Environmental Quality,Yes,Yes,Yes,Yes,US Army Corps of Engineers,US Army Corps of Engineers,US Army Corps of Engineers,US Army Corps of Engineers,US Army Corps of Engineers,US Army Corps of Engineers,US Army Corps of Engineers,US Army Corps of Engineers,,,Gravity,Gravity;Earth,,,,47,82,82,51-100 feet,1000,315200,1980,1980-1989,,59483,59483,59483,8910,4440,628200,Controlled,300,1,600,110,,,,04/07/2026,04/22/2022,5,Significant,Not Available,,Normal Operations,11/20/2025,Yes,11/01/2021,N/A,https://www.sam.usace.army.mil/Missions/Civil-Works/Recreation/Tennessee-Tombigbee-Waterway/Navigation/,No
Robert C. Byrd Locks and Dam,,Gallipolis L & D,WV05302,,WV05302,USACE - Huntington District,Federal,Federal,0,No,CELRH,No,Navigation,Navigation;Recreation,US Army Corps of Engineers,WV05302,38.6815599980001,-82.186779002,West Virginia,Mason,Bladen,1,Ohio River,"West Virginia, Congressional District 01",,No,No,,No,No,No,Yes,US Army Corps of Engineers,US Army Corps of Engineers,US Army Corps of Engineers,US Army Corps of Engineers,US Army Corps of Engineers,US Army Corps of Engineers,US Army Corps of Engineers,US Army Corps of Engineers,,,Concrete,Concrete,Concrete,Rock,,44,167,167,Greater than 100 feet,1408,0,1937,1930-1939,,390600,390600,390600,12600,53300,75100,Controlled,1000,2,1200,110,,,Roller8,10/01/2026,04/25/2025,5,Significant,Not Available,,Normal Operations,11/20/2025,No,,N/A,https://www.lrh.usace.army.mil/Missions/Civil-Works/Locks-and-Dams/Robert-C-Byrd-Locks-and-Dam/,No
Standing Bear Dam - Flower Hill Cemetery Protective Levee,Standing Bear Lake,Papillion Creek Site 16 - Saddle Levee,NE01065,S001,NE01065S001,USACE - Omaha District,Federal,Federal,0,Yes,CENWO,No,Flood Risk Reduction,Flood Risk Reduction,US Army Corps of Engineers,NE01065S001,41.312987923,-96.137001,Nebraska,Douglas,Omaha,,Tr Papillion Creek,"Nebraska, Congressional District 02",,Yes,Yes,Ne Dwee,Yes,Yes,Yes,Yes,US Army Corps of Engineers,US Army Corps of Engineers,US Army Corps of Engineers,US Army Corps of Engineers,US Army Corps of Engineers,US Army Corps of Engineers,US Army Corps of Engineers,US Army Corps of Engineers,No,N/A,Earth,Earth,Earth,Soil,,23,23,23,Less than 25 feet,1480,328000,1973,1970-1979,,7300,7300,1500,135,6,0,None,0,0,0,0,,,None0,06/17/2026,07/10/2020,5,Low,Not Available,,Normal Operations,11/20/2025,Yes,02/15/2010,N/A,https://www.usace.army.mil/Missions/Civil-Works/Dam-Safety-Program/Article/2870967/dam-safety-program/,No
Red Rock Dam - Avon Station Remedial Works,Red Rock Remedial Works South East Des Moines - So,,IA00013,S002,IA00013S002,USACE - Rock Island District,Federal,Federal,0,Yes,CEMVR,No,Flood Risk Reduction,Flood Risk Reduction,US Army Corps of Engineers,IA00013S002,41.566502,-93.534103,Iowa,Polk,Des Moines - Pleasant Hill,,Des Moines,"Iowa, Congressional District 03",,No,No,,No,No,No,Yes,US Army Corps of Engineers,US Army Corps of Engineers,US Army Corps of Engineers,US Army Corps of Engineers,US Army Corps of Engineers,US Army Corps of Engineers,US Army Corps of Engineers,US Army Corps of Engineers,No,N/A,Concrete,Concrete;Earth;Gravity,Earth,Rock;Soil,15,12,11,15,Less than 25 feet,28561,0,1969,1960-1969,,0,0,0,0,0,0,None,0,0,0,0,,,None0;Vertical Lift0,12/04/2025,12/02/2021,5,High,Not Available,,Normal Operations,11/20/2025,Yes,10/11/2019,Yes,https://www.usace.army.mil/Missions/Civil-Works/Dam-Safety-Program/Article/2870967/dam-safety-program/,No
Tully Dam,Tully Lake,,MA00970,,MA00970,USACE - New England District,Federal,Federal,0,No,CENAE,No,Flood Risk Reduction,Flood Risk Reduction,US Army Corps of Engineers,MA00970,42.643016507,-72.223678245,Massachusetts,Worcester,Athol,,East Branch Tully River,"Massachusetts, Congressional District 02",,No,No,,No,No,No,Yes,US Army Corps of Engineers,US Army Corps of Engineers,US Army Corps of Engineers,US Army Corps of Engineers,US Army Corps of Engineers,US Army Corps of Engineers,US Army Corps of Engineers,US Army Corps of Engineers,,,Rockfill,Rockfill;Earth,Earth,Soil,59,54,59,59,51-100 feet,1570,194500,1949,1940-1949,,35800,35800,1500,300,50,32700,Uncontrolled,255,0,0,0,,,,04/20/2026,11/08/2021,5,High,Not Available,,Normal Operations,11/22/2025,Yes,07/01/2013,Yes,https://www.nae.usace.army.mil/Missions/Civil-Works/Flood-Risk-Management/Massachusetts/Tully/,No
"G.V. ""Sonny"" Montgomery Lock and Dam",Pool E,Lock E,MS03604,,MS03604,USACE - Mobile District,Federal,Federal,1,No,CESAM,No,Navigation,Navigation;Recreation,US Army Corps of Engineers,MS03604,34.4628124060001,-88.366252662,Mississippi,Itawamba,Fulton,13,Tombigbee,"Mississippi, Congressional District 01",,Yes,Yes,Ms Department of Environmental Quality,Yes,Yes,Yes,Yes,US Army Corps of Engineers,US Army Corps of Engineers,US Army Corps of Engineers,US Army Corps of Engineers,US Army Corps of Engineers,US Army Corps of Engineers,US Army Corps of Engineers,US Army Corps of Engineers,,,Gravity,Gravity;Earth,,,,37,54,54,51-100 feet,5400,38000,1984,1980-1989,,7700,7700,6900,851,139,49900,Controlled,52,1,600,110,,,,07/07/2026,04/21/2022,5,Significant,Not Available,,Normal Operations,11/20/2025,Yes,06/12/2020,Yes,https://www.sam.usace.army.mil/Missions/Civil-Works/Recreation/Tennessee-Tombigbee-Waterway/Navigation/,No
John Rankin Lock and Dam,Pool D,Lock D,MS82201,,MS82201,USACE - Mobile District,Federal,Federal,1,No,CESAM,No,Navigation,Navigation;Other;Recreation,US Army Corps of Engineers,MS82201,34.3631392630001,-88.407280052,Mississippi,Itawamba,Fulton,6,"Canal Section, Tenn-Tom Waterway","Mississippi, Congressional District 01",,No,No,,No,No,No,Yes,US Army Corps of Engineers,US Army Corps of Engineers,US Army Corps of Engineers,US Army Corps of Engineers,US Army Corps of Engineers,US Army Corps of Engineers,US Army Corps of Engineers,US Army Corps of Engineers,,,Gravity,Gravity;Earth,,,,45,48,48,25-50 feet,1600,18000,1984,1980-1989,,27000,27000,24900,1992,379,116400,Controlled,78,1,600,110,,,Tainter (radial)3,07/07/2026,04/02/2026,5,Significant,Not Available,,Normal Operations,11/20/2025,Yes,08/19/2017,Yes,https://www.sam.usace.army.mil/Missions/Civil-Works/Recreation/Tennessee-Tombigbee-Waterway/Navigation/,No
Arthur V. Ormond Lock and Dam,Pool 9;Winthrop Rockefeller Lake,Lock & Dam 9,AR00165,,AR00165,USACE - Little Rock District,Federal,Federal,0,No,CESWL,No,Navigation,Navigation;Recreation;Hydroelectric,US Army Corps of Engineers,AR00165,35.125387049,-92.787426212,Arkansas,Conway,Morrilton,,Arkansas,"Arkansas, Congressional District 02",,No,No,,No,No,No,Yes,US Army Corps of Engineers,US Army Corps of Engineers,US Army Corps of Engineers,US Army Corps of Engineers,US Army Corps of Engineers;Federal Energy Regulatory Commission,US Army Corps of Engineers;Federal Energy Regulatory Commission,US Army Corps of Engineers,Federal Energy Regulatory Commission,,,Concrete,Concrete;Gravity,Concrete,Rock,28,26,57,57,51-100 feet,1850,157000,1969,1960-1969,,70400,70400,48800,5660,154949,518000,Controlled,840,1,600,110,,,,09/28/2026,02/29/2024,5,Significant,Not Available,,Normal Operations,11/20/2025,Yes,03/20/2026,N/A,https://www.usace.army.mil/Missions/Civil-Works/Dam-Safety-Program/Article/2870967/dam-safety-program/,No
Joe Hardin Lock and Dam,Pool 3,Lock & Dam 3,AR00168,,AR00168,USACE - Little Rock District,Federal,Federal,0,No,CESWL,No,Navigation,Navigation;Recreation,US Army Corps of Engineers,AR00168,34.1627779470001,-91.680128614,Arkansas,Jefferson,Gillett,,Arkansas,"Arkansas, Congressional District 04",,No,No,,No,No,No,Yes,US Army Corps of Engineers,US Army Corps of Engineers,US Army Corps of Engineers,US Army Corps of Engineers,US Army Corps of Engineers,US Army Corps of Engineers,US Army Corps of Engineers,US Army Corps of Engineers,,,Concrete,Concrete;Gravity,Concrete,Soil,28,26,45,45,25-50 feet,6720,152000,1968,1960-1969,,50400,50400,46400,3670,159018,291600,Controlled,1080,1,600,110,,,,09/28/2026,01/29/2025,5,Significant,Not Available,,Normal Operations,11/20/2025,Yes,07/11/2023,N/A,https://www.usace.army.mil/Missions/Civil-Works/Dam-Safety-Program/Article/2870967/dam-safety-program/,No
William Bacon Oliver Lock and Dam,Oliver Lake,William Bacon Oliver Replacement Dam,AL01981,,AL01981,USACE - Mobile District,Federal,Federal,0,No,CESAM,No,Navigation,Fish and Wildlife Pond,US Army Corps of Engineers,AL01981,33.20877335,-87.59274604,Alabama,Tuscaloosa,Tuscaloosa,2,Black Warrier,"Alabama, Congressional District 07",,No,No,,No,No,No,Yes,US Army Corps of Engineers,US Army Corps of Engineers,US Army Corps of Engineers,US Army Corps of Engineers,US Army Corps of Engineers,US Army Corps of Engineers,US Army Corps of Engineers,US Army Corps of Engineers,,,Gravity,Gravity,,,,49,67,67,51-100 feet,1200,271300,1992,1990-1999,,13800,13800,12340,790,4821,52000,Uncontrolled,800,1,600,110,,,,09/15/2026,06/14/2023,5,Significant,Not Available,,Normal Operations,11/20/2025,Yes,08/25/2020,N/A,https://www.sam.usace.army.mil/Missions/Civil-Works/Recreation/Black-Warrior-Tombigbee-BWT-Lakes/,No
George W. Andrews Lock and Dam,George W. Andrews Lake,Columbia Lock and Dam,AL01433,,AL01433,USACE - Mobile District,Federal,Federal,0,No,CESAM,No,Navigation,Navigation;Recreation,US Army Corps of Engineers,AL01433,31.25943779,-85.11057668,Alabama,Early,Gordon,7,Chattahoochee River,"Georgia, Congressional District 02",,No,No,,No,No,No,Yes,US Army Corps of Engineers,US Army Corps of Engineers,US Army Corps of Engineers,US Army Corps of Engineers,US Army Corps of Engineers,US Army Corps of Engineers,US Army Corps of Engineers,US Army Corps of Engineers,,,Gravity,Gravity,,,,43,59,59,51-100 feet,775,186000,1963,1960-1969,,18180,18180,18180,1540,8210,44600,Controlled,580,1,450,82,,,,09/15/2026,07/30/2025,5,Significant,Not Available,,Normal Operations,11/20/2025,Yes,02/16/2022,N/A,https://www.sam.usace.army.mil/Missions/Civil-Works/Recreation/Walter-F-George-Lake-Lake-George-W-Andrews/,No
Summersville Dam - Dike 2,,,WV06702,S002,WV06702S002,USACE - Huntington District,Federal,Federal,0,Yes,,No,Flood Risk Reduction,Flood Risk Reduction,US Army Corps of Engineers,WV06702S002,38.2323436780001,-80.910141893,West Virginia,Nicholas,Summersville,,Gauley River,"West Virginia, Congressional District 01",,No,No,,No,No,No,Yes,US Army Corps of Engineers,US Army Corps of Engineers,US Army Corps of Engineers,US Army Corps of Engineers,US Army Corps of Engineers,US Army Corps of Engineers,US Army Corps of Engineers,US Army Corps of Engineers,,,Earth,Earth,,,100,,,100,51-100 feet,3320,,1965,1960-1969,,283400,283400,61540,,,,,,,,,,,,07/31/2026,08/25/2022,5,High,Not Available,,"Under Investigation, Planning, Permitting, or Design for Remediation",11/20/2025,Yes,07/06/2020,Yes,https://www.lrh.usace.army.mil/Missions/Civil-Works/Dam-Safety-Program/,No
Robert F. Henry Lock and Dam,Jones Bluff;R.E. (Bob) Woodruff Lake,,AL01434,,AL01434,USACE - Mobile District,Federal,Federal,0,No,CESAM,No,Navigation,Navigation;Recreation;Hydroelectric,US Army Corps of Engineers,AL01434,32.324236404,-86.784002345,Alabama,Lowndes,Benton,3,Alabama River,"Alabama, Congressional District 07",,No,No,,No,No,No,Yes,US Army Corps of Engineers,US Army Corps of Engineers,US Army Corps of Engineers,US Army Corps of Engineers,US Army Corps of Engineers,US Army Corps of Engineers,US Army Corps of Engineers,US Army Corps of Engineers,,,Gravity,Gravity,,Rock,,70,110,110,Greater than 100 feet,1150,640000,1974,1970-1979,,234200,234200,234200,12300,16233,653000,Controlled,550,1,600,84,,,,09/15/2026,03/21/2022,5,Significant,Not Available,,Normal Operations,11/20/2025,Yes,,N/A,https://www.sam.usace.army.mil/Missions/Civil-Works/Recreation/Alabama-River-Lakes/,No
Jamie L. Whitten Lock and Dam,Bay Springs Lake,Bay Springs,MS03605,,MS03605,USACE - Mobile District,Federal,Federal,0,No,CELRN,No,Navigation,Navigation;Recreation,US Army Corps of Engineers,MS03605,34.522960025,-88.325344963,Mississippi,Tishomingo,Tupelo,28,Tombigbee,"Mississippi, Congressional District 01",,Yes,Yes,Ms Department of Environmental Quality,Yes,Yes,Yes,Yes,US Army Corps of Engineers,US Army Corps of Engineers,US Army Corps of Engineers,US Army Corps of Engineers,US Army Corps of Engineers,US Army Corps of Engineers,US Army Corps of Engineers,US Army Corps of Engineers,,,Earth,Earth,Earth,Rock and Soil,,120,120,120,Greater than 100 feet,2750,1518000,1983,1980-1989,,180000,180000,180000,6700,67,750000,None,0,1,600,110,,,,05/12/2026,04/07/2021,5,High,Not Available,,Normal Operations,11/20/2025,Yes,06/12/2019,Yes,https://www.sam.usace.army.mil/Missions/Civil-Works/Recreation/Tennessee-Tombigbee-Waterway/Navigation/,No
Carters Main Dam,Carters Lake,,GA00821,,GA00821,USACE - Mobile District,Federal,Federal,0,No,CESAM,No,Hydroelectric,Hydroelectric;Recreation;Flood Risk Reduction,US Army Corps of Engineers,GA00821,34.6133310000001,-84.670295,Georgia,Murray,Carters,2,Coosawattee River,"Georgia, Congressional District 14",,No,No,,No,No,No,Yes,US Army Corps of Engineers,US Army Corps of Engineers,US Army Corps of Engineers,US Army Corps of Engineers,US Army Corps of Engineers,US Army Corps of Engineers,US Army Corps of Engineers,US Army Corps of Engineers,,,Rockfill,Rockfill;Earth;Gravity,,Rock,,463,464,464,Greater than 100 feet,1950,15000000,1974,1970-1979,,472800,472800,383565,3275,373,18375,Controlled,210,0,0,0,,,,04/07/2026,05/09/2023,5,High,Not Available,,Normal Operations,11/20/2025,Yes,05/13/2025,Yes,https://www.sam.usace.army.mil/Missions/Civil-Works/Recreation/Carters-Lake/,No
Allatoona Dam,Allatoona Lake,,GA03742,,GA03742,USACE - Mobile District,Federal,Federal,1,No,CESAM,No,Flood Risk Reduction,Flood Risk Reduction;Recreation;Hydroelectric;Water Supply,US Army Corps of Engineers,GA03742,34.1641625240001,-84.727985237,Georgia,Bartow,Rome,25,Etowah,"Georgia, Congressional District 11",,No,No,,No,No,No,Yes,US Army Corps of Engineers,US Army Corps of Engineers,US Army Corps of Engineers,US Army Corps of Engineers,US Army Corps of Engineers,US Army Corps of Engineers,US Army Corps of Engineers,US Army Corps of Engineers,,,Gravity,Gravity;Arch,Concrete,Rock,,170,188,188,Greater than 100 feet,1250,844172,1965,1960-1969,,886200,886200,367471,11862,1122,321000,Controlled,400,0,0,0,,,Slide (sluice gate)4;Tainter (radial)11,09/15/2026,03/26/2019,5,High,Not Available,,Normal Operations,11/20/2025,Yes,08/16/2022,Yes,https://www.sam.usace.army.mil/Missions/Civil-Works/Recreation/Allatoona-Lake/,No
Murray Lock and Dam,Pool 7,,AR00171,,AR00171,USACE - Little Rock District,Federal,Federal,0,No,CESWL,No,Navigation,Navigation;Recreation;Hydroelectric,US Army Corps of Engineers,AR00171,34.79198287,-92.358570924,Arkansas,Pulaski,Little Rock,,Arkansas,"Arkansas, Congressional District 02",,No,No,,No,No,No,Yes,US Army Corps of Engineers,US Army Corps of Engineers,US Army Corps of Engineers,US Army Corps of Engineers,US Army Corps of Engineers;Federal Energy Regulatory Commission,US Army Corps of Engineers;Federal Energy Regulatory Commission,US Army Corps of Engineers,Federal Energy Regulatory Commission,,,Concrete,Concrete;Gravity,Concrete,Rock,23,22,77,77,51-100 feet,3740,264000,1969,1960-1969,,108500,108500,87100,9700,158030,416000,Controlled,840,1,600,110,,,,09/28/2026,07/11/2023,5,Significant,Not Available,,Normal Operations,11/20/2025,Yes,03/20/2026,N/A,https://www.usace.army.mil/Missions/Civil-Works/Dam-Safety-Program/Article/2870967/dam-safety-program/,No
Dierks Dam,Dierks Lake,,AR01202,,AR01202,USACE - Little Rock District,Federal,Federal,0,No,CESWT,No,Flood Risk Reduction,Flood Risk Reduction;Recreation;Water Supply,US Army Corps of Engineers,AR01202,34.1437509940001,-94.0986328069999,Arkansas,Sevier,Provo,,Saline,"Arkansas, Congressional District 04",,No,No,,No,No,No,Yes,US Army Corps of Engineers,US Army Corps of Engineers,US Army Corps of Engineers,US Army Corps of Engineers,US Army Corps of Engineers,US Army Corps of Engineers,US Army Corps of Engineers,US Army Corps of Engineers,,,Rockfill,Rockfill;Earth,Earth,Rock,153,135,148,153,Greater than 100 feet,2469,2780000,1975,1970-1979,,159500,159500,29700,1360,114,105000,Uncontrolled,780,0,0,0,,,,09/24/2026,12/09/2021,5,High,Not Available,,Normal Operations,11/20/2025,Yes,06/28/2023,Yes,https://www.swl.usace.army.mil/Missions/Recreation/Lakes/Dierks-Lake/Dam-and-Lake-Infromation/,No
Eau Galle Dam,Lake George,,WI00780,,WI00780,USACE - St. Paul District,Federal,Federal,0,No,CEMVP,No,Flood Risk Reduction,Flood Risk Reduction;Fish and Wildlife Pond;Recreation,US Army Corps of Engineers,WI00780,44.8559309550001,-92.239680339,Wisconsin,Pierce,Spring Valley,1,Eau Galle,"Wisconsin, Congressional District 03",,No,No,,No,No,No,Yes,US Army Corps of Engineers,US Army Corps of Engineers,US Army Corps of Engineers,US Army Corps of Engineers,US Army Corps of Engineers,US Army Corps of Engineers,US Army Corps of Engineers,US Army Corps of Engineers,,,Rockfill,Rockfill,Earth,Rock,29,125,127,127,Greater than 100 feet,1800,2158000,1968,1960-1969,,56900,56900,1550,880,64,18700,Uncontrolled,10,0,0,0,,,Slide (sluice gate)1;Uncontrolled0,08/03/2026,08/27/2025,5,High,Not Available,,Normal Operations,11/20/2025,Yes,05/02/2019,Yes,https://www.usace.army.mil/Missions/Civil-Works/Dam-Safety-Program/Article/2870967/dam-safety-program/,No
Pine Flat Dam,Pine Flat Lake,,CA10112,,CA10112,USACE - Sacramento District,Federal,Federal,0,No,,No,Flood Risk Reduction,Flood Risk Reduction;Irrigation;Recreation;Hydroelectric,US Army Corps of Engineers,CA10112,36.83265291,-119.325613816,California,Fresno,Sanger,16,Kings River,"California, Congressional District 20",,No,No,,No,No,No,Yes,US Army Corps of Engineers,US Army Corps of Engineers,US Army Corps of Engineers;Forest Service,US Army Corps of Engineers,US Army Corps of Engineers,US Army Corps of Engineers,US Army Corps of Engineers,US Army Corps of Engineers,,,Gravity,Gravity,,Rock,412,424,440,440,Greater than 100 feet,1840,0,1954,1950-1959,,1091700,1091700,772300,5970,1542,391000,Controlled,292,0,0,0,,,,07/02/2026,02/05/2026,5,High,Not Available,,Normal Operations,11/20/2025,Yes,03/09/2026,Yes,https://www.spk.usace.army.mil/Missions/Recreation/Pine-Flat-Lake/,No
Okatibbee Dam,Okatibbee Lake,,MS01491,,MS01491,USACE - Mobile District,Federal,Federal,0,No,CESAM,No,Flood Risk Reduction,Flood Risk Reduction;Recreation;Water Supply,US Army Corps of Engineers,MS01491,32.474998,-88.798332,Mississippi,Lauderdale,Meridian,15,Okatibbee Creek,"Mississippi, Congressional District 03",,Yes,Yes,Ms Department of Environmental Quality,Yes,Yes,Yes,Yes,US Army Corps of Engineers,US Army Corps of Engineers,US Army Corps of Engineers,US Army Corps of Engineers,US Army Corps of Engineers,US Army Corps of Engineers,US Army Corps of Engineers,US Army Corps of Engineers,,,Gravity,Gravity;Earth,,,,67,72,72,51-100 feet,6620,2053000,1968,1960-1969,,59481,59481,46538,3800,153,2250,Uncontrolled,1500,0,0,,,,Uncontrolled,09/15/2026,04/29/2026,5,High,Not Available,,Normal Operations,11/20/2025,Yes,09/10/2025,Yes,https://www.sam.usace.army.mil/Missions/Civil-Works/Recreation/Okatibbee-Lake/,No
Dardanelle Lock and Dam - Russellville Dike,,,AR00162,S001,AR00162S001,USACE - Little Rock District,Federal,Federal,0,Yes,CESWL,No,Flood Risk Reduction,Flood Risk Reduction,US Army Corps of Engineers,AR00162S001,35.30426779,-93.155236,Arkansas,Pope,Dardanelle,,Arkansas,"Arkansas, Congressional District 04",,No,No,,No,No,No,Yes,US Army Corps of Engineers,US Army Corps of Engineers,US Army Corps of Engineers,US Army Corps of Engineers,US Army Corps of Engineers,US Army Corps of Engineers,US Army Corps of Engineers,US Army Corps of Engineers,,,Earth,Earth,Earth,Rock,40,,,40,25-50 feet,6336,,1964,1960-1969,,0,,,,,,,,,,,,,,09/28/2026,08/13/2025,,High,Not Available,,Not Applicable,11/20/2025,Yes,03/01/2026,No,,No
North Fork Dam,Lake Clementine,,CA10110,,CA10110,USACE - Sacramento District,Federal,Federal,0,No,,No,Debris Control,Debris Control;Recreation;Hydroelectric,US Army Corps of Engineers,CA10110,38.9365461900001,-121.024664743,California,Placer,Folsom,22,North Fork American River,"California, Congressional District 03",,No,No,,No,No,No,Yes,US Army Corps of Engineers,US Army Corps of Engineers,US Army Corps of Engineers,US Army Corps of Engineers,US Army Corps of Engineers,US Army Corps of Engineers,US Army Corps of Engineers,US Army Corps of Engineers,,,Arch,Arch,,Rock,143,155,155,155,Greater than 100 feet,620,0,1939,1930-1939,,19310,19310,14390,280,342,65400,Uncontrolled,200,0,0,0,,,,07/09/2026,07/09/2024,5,Significant,Not Available,,Normal Operations,11/20/2025,Yes,09/05/2025,Yes,https://www.spk.usace.army.mil/Missions/Civil-Works/Dam-Safety-Program/,No
Martins Fork Dam,Martins Fork Lake,,KY03061,,KY03061,USACE - Nashville District,Federal,Federal,0,No,CELRN,No,Flood Risk Reduction,Flood Risk Reduction;Other;Recreation;Water Supply,US Army Corps of Engineers,KY03061,36.752146565,-83.257882417,Kentucky,Harlan,Cawood,5,Martins Fork of Cumberland R.,"Kentucky, Congressional District 05",,No,No,,No,No,No,Yes,US Army Corps of Engineers,US Army Corps of Engineers,US Army Corps of Engineers,US Army Corps of Engineers,US Army Corps of Engineers,US Army Corps of Engineers,US Army Corps of Engineers,US Army Corps of Engineers,,,Gravity,Gravity,Concrete,Rock,,97,120,120,Greater than 100 feet,504,77234,1978,1970-1979,,21100,21100,3700,340,56,57000,Uncontrolled,200,0,0,0,,,,01/08/2026,05/30/2024,5,High,Not Available,,Normal Operations,11/20/2025,Yes,01/13/2023,Yes,https://www.usace.army.mil/Missions/Civil-Works/Dam-Safety-Program/Article/2870967/dam-safety-program/,No
Carters Re-Regulation Dam,Carters Re-Regulation Pool,,GA00822,,GA00822,USACE - Mobile District,Federal,Federal,0,No,CESAM,No,Hydroelectric,Hydroelectric;Recreation;Flood Risk Reduction,US Army Corps of Engineers,GA00822,34.603138965,-84.693583728,Georgia,Murray,Carters,1,Coosawattee River,"Georgia, Congressional District 14",,No,No,,No,No,No,Yes,US Army Corps of Engineers,US Army Corps of Engineers,US Army Corps of Engineers,US Army Corps of Engineers,US Army Corps of Engineers,US Army Corps of Engineers,US Army Corps of Engineers,US Army Corps of Engineers,,,Rockfill,Rockfill;Earth;Gravity,,,52,46,105,105,Greater than 100 feet,3350,792650,1974,1970-1979,,19000,19000,16290,870,520,87400,Controlled,168,0,0,0,,,,04/07/2026,05/09/2023,5,High,Not Available,,Normal Operations,11/20/2025,Yes,05/13/2025,Yes,https://www.sam.usace.army.mil/Missions/Civil-Works/Recreation/Carters-Lake/,No
Aylesworth Creek Dam - Mayfield Dike,Aylesworth Creek Lake,,PA00001,S001,PA00001S001,USACE - Baltimore District,Federal,Federal,0,Yes,,No,Flood Risk Reduction,Flood Risk Reduction,US Army Corps of Engineers,PA00001S001,41.5289890000001,-75.5199939999999,Pennsylvania,Lackawanna,East Jermyn,,Aylesworth Creek,"Pennsylvania, Congressional District 08",,No,No,,No,No,No,Yes,US Army Corps of Engineers,US Army Corps of Engineers,US Army Corps of Engineers,US Army Corps of Engineers,US Army Corps of Engineers,US Army Corps of Engineers,US Army Corps of Engineers,US Army Corps of Engineers,No,N/A,Rockfill,Rockfill;Earth,Earth,Rock and Soil,28,23,28,28,25-50 feet,390,25000,1970,1970-1979,,3178,3178,0,7,6,10000,None,80,0,0,0,,,None0,04/30/2026,05/22/2018,5,High,Not Available,,Normal Operations,11/20/2025,Yes,01/06/2022,Yes,https://www.usace.army.mil/Missions/Civil-Works/Dam-Safety-Program/Article/2870967/dam-safety-program/,No
Fort Gibson Dam - Dike 3,Fort Gibson Lake,,OK10314,S003,OK10314S003,USACE - Tulsa District,Federal,Federal,0,Yes,,No,Flood Risk Reduction,Flood Risk Reduction,US Army Corps of Engineers,OK10314S003,35.8883040000001,-95.311182,Oklahoma,Wagoner,Fort Gibson,,Grand River,"Oklahoma, Congressional District 02",Cherokee OTSA,No,No,,No,No,No,Yes,US Army Corps of Engineers,US Army Corps of Engineers,US Army Corps of Engineers,US Army Corps of Engineers,US Army Corps of Engineers,US Army Corps of Engineers,US Army Corps of Engineers,US Army Corps of Engineers,,,Earth,Earth;Gravity,,,15,15,15,15,Less than 25 feet,3700,804600,1949,1940-1949,,757425,757425,365200,19900,12494,986000,None,0,0,0,0,,,,09/29/2026,10/22/2019,5,High,Not Available,,Normal Operations,11/20/2025,Yes,04/22/2022,Yes,https://www.swt.usace.army.mil/Locations/Tulsa-District-Lakes/Oklahoma/Fort-Gibson-Lake/,No
Fort Gibson Dam - Dike 11,Fort Gibson Lake,,OK10314,S011,OK10314S011,USACE - Tulsa District,Federal,Federal,0,Yes,,No,Flood Risk Reduction,Flood Risk Reduction,US Army Corps of Engineers,OK10314S011,36.00148,-95.378924,Oklahoma,Wagoner,Fort Gibson,,Grand River,"Oklahoma, Congressional District 02",Creek OTSA,No,No,,No,No,No,Yes,US Army Corps of Engineers,US Army Corps of Engineers,US Army Corps of Engineers,US Army Corps of Engineers,US Army Corps of Engineers,US Army Corps of Engineers,US Army Corps of Engineers,US Army Corps of Engineers,,,Earth,Earth;Gravity,Earth,,8,8,8,8,Less than 25 feet,1375,804600,1949,1940-1949,,464950,464950,365200,19900,12494,986000,None,0,0,0,0,,,,09/29/2026,10/22/2019,5,High,Not Available,,Normal Operations,11/20/2025,Yes,04/22/2022,Yes,https://www.swt.usace.army.mil/Locations/Tulsa-District-Lakes/Oklahoma/Fort-Gibson-Lake/,No
Fort Gibson Dam - Dike 1,Fort Gibson Lake,,OK10314,S001,OK10314S001,USACE - Tulsa District,Federal,Federal,0,Yes,,No,Flood Risk Reduction,Flood Risk Reduction,US Army Corps of Engineers,OK10314S001,35.8665570000001,-95.299299,Oklahoma,Wagoner,Fort Gibson,,Grand River,"Oklahoma, Congressional District 02",Cherokee OTSA,No,No,,No,No,No,Yes,US Army Corps of Engineers,US Army Corps of Engineers,US Army Corps of Engineers,US Army Corps of Engineers,US Army Corps of Engineers,US Army Corps of Engineers,US Army Corps of Engineers,US Army Corps of Engineers,,,Earth,Earth;Gravity,Earth,,11,11,11,11,Less than 25 feet,2050,804600,1949,1940-1949,,464950,464950,365200,19900,12494,986000,None,0,0,0,0,,,,09/29/2026,10/22/2019,5,High,Not Available,,Normal Operations,11/20/2025,Yes,04/22/2022,No,https://www.swt.usace.army.mil/Locations/Tulsa-District-Lakes/Oklahoma/Fort-Gibson-Lake/,No
Fort Gibson Dam - Dike 9,Fort Gibson Lake,,OK10314,S009,OK10314S009,USACE - Tulsa District,Federal,Federal,0,Yes,,No,Flood Risk Reduction,Flood Risk Reduction,US Army Corps of Engineers,OK10314S009,35.9123710000001,-95.339892,Oklahoma,Wagoner,Fort Gibson,,Grand River,"Oklahoma, Congressional District 02",Cherokee OTSA,No,No,,No,No,No,Yes,US Army Corps of Engineers,US Army Corps of Engineers,US Army Corps of Engineers,US Army Corps of Engineers,US Army Corps of Engineers,US Army Corps of Engineers,US Army Corps of Engineers,US Army Corps of Engineers,,,Earth,Earth;Gravity,Earth,,27,27,27,27,25-50 feet,2839,804600,1949,1940-1949,,991875,991875,365200,19900,12494,986000,None,0,0,0,0,,,,09/29/2026,10/22/2019,5,High,Not Available,,Normal Operations,11/20/2025,Yes,04/22/2022,Yes,https://www.swt.usace.army.mil/Locations/Tulsa-District-Lakes/Oklahoma/Fort-Gibson-Lake/,No
Fort Gibson Dam - Dike 8,Fort Gibson Lake,,OK10314,S008,OK10314S008,USACE - Tulsa District,Federal,Federal,0,Yes,,No,Flood Risk Reduction,Flood Risk Reduction,US Army Corps of Engineers,OK10314S008,35.9023898770001,-95.331794518,Oklahoma,Wagoner,Fort Gibson,,Grand River,"Oklahoma, Congressional District 02",Cherokee OTSA,No,No,,No,No,No,Yes,US Army Corps of Engineers,US Army Corps of Engineers,US Army Corps of Engineers,US Army Corps of Engineers,US Army Corps of Engineers,US Army Corps of Engineers,US Army Corps of Engineers,US Army Corps of Engineers,,,Earth,Earth;Gravity,Earth,,28,28,28,28,25-50 feet,1200,804600,1949,1940-1949,,1090350,1090350,365200,19900,12494,986000,Controlled,1490,0,0,0,,,,09/29/2026,10/22/2019,5,High,Not Available,,Normal Operations,11/20/2025,Yes,04/22/2022,Yes,https://www.swt.usace.army.mil/Locations/Tulsa-District-Lakes/Oklahoma/Fort-Gibson-Lake/,No
Dale Hollow Dam,Dale Hollow Lake,,TN02702,,TN02702,USACE - Nashville District,Federal,Federal,0,No,CELRN,No,Flood Risk Reduction,Flood Risk Reduction;Other;Recreation;Hydroelectric;Water Supply,US Army Corps of Engineers,TN02702,36.5375914580001,-85.451311835,Tennessee,Clay,Celina,,Obey River,"Tennessee, Congressional District 06",,No,No,,No,No,No,Yes,US Army Corps of Engineers,US Army Corps of Engineers,US Army Corps of Engineers,US Army Corps of Engineers,US Army Corps of Engineers,US Army Corps of Engineers,US Army Corps of Engineers,US Army Corps of Engineers,,,Gravity,Gravity,Concrete,Rock,,157,200,200,Greater than 100 feet,1717,573760,1943,1940-1949,,1706000,1706000,857000,27700,935,175000,Controlled,360,0,0,0,,,,09/24/2026,03/16/2023,5,High,Not Available,,Normal Operations,11/20/2025,Yes,01/13/2023,Yes,https://www.usace.army.mil/Missions/Civil-Works/Dam-Safety-Program/Article/2870967/dam-safety-program/,No
Woonsocket Falls Dam,,,RI03902,,RI03902,USACE - New England District,Federal,Federal,1,No,,No,Flood Risk Reduction,Flood Risk Reduction;Hydroelectric,US Army Corps of Engineers,RI03902,41.999480394,-71.51802666,Rhode Island,Providence,Woonsocket,,Blackstone,"Rhode Island, Congressional District 01",,No,No,,No,No,No,Yes,US Army Corps of Engineers,US Army Corps of Engineers,US Army Corps of Engineers,US Army Corps of Engineers,US Army Corps of Engineers;Federal Energy Regulatory Commission,US Army Corps of Engineers;Federal Energy Regulatory Commission,US Army Corps of Engineers,US Army Corps of Engineers,,,Concrete,Concrete;Gravity,Concrete,,21,24,,24,Less than 25 feet,268,,1960,1960-1969,,300,300,,32,369,33000,Controlled,128,,,,,,Tainter (radial)4,12/04/2025,09/27/2022,5,Low,Not Available,,Normal Operations,11/20/2025,Yes,06/30/2022,N/A,https://www.usace.army.mil/Missions/Civil-Works/Dam-Safety-Program/Article/2870967/dam-safety-program/,No
Arcadia Dam,Arcadia Lake,,OK22178,,OK22178,USACE - Tulsa District,Federal,Federal,0,No,CESWT,No,Flood Risk Reduction,Flood Risk Reduction;Recreation;Water Supply,US Army Corps of Engineers,OK22178,35.645,-97.3616709999999,Oklahoma,Oklahoma,Arcadia,,Deep Fork River,"Oklahoma, Congressional District 05",,No,No,,No,No,No,Yes,US Army Corps of Engineers,US Army Corps of Engineers,US Army Corps of Engineers,US Army Corps of Engineers,US Army Corps of Engineers,US Army Corps of Engineers,US Army Corps of Engineers,US Army Corps of Engineers,,,Earth,Earth,Earth,Rock;Soil,102,99,102,102,Greater than 100 feet,5250,4326000,1986,1980-1989,,190700,190700,27570,1820,105,82300,Uncontrolled,350,0,0,0,,,,09/21/2026,01/10/2024,5,High,Not Available,,Normal Operations,11/20/2025,Yes,01/30/2025,Yes,https://www.swt.usace.army.mil/Locations/Tulsa-District-Lakes/Oklahoma/Arcadia-Lake/,No
Optima Dam,Optima Lake,,OK20510,,OK20510,USACE - Tulsa District,Federal,Federal,0,No,CESWT,No,Flood Risk Reduction,Flood Risk Reduction;Other;Recreation;Water Supply,US Army Corps of Engineers,OK20510,36.6634291680001,-101.136630135,Oklahoma,Texas,Beaver,,North Canadian River,"Oklahoma, Congressional District 03",,No,No,,No,No,No,Yes,US Army Corps of Engineers,US Army Corps of Engineers,US Army Corps of Engineers,US Army Corps of Engineers,US Army Corps of Engineers,US Army Corps of Engineers,US Army Corps of Engineers,US Army Corps of Engineers,,,Earth,Earth,Earth,Rock;Soil,120,113,120,120,Greater than 100 feet,16875,13183000,1978,1970-1979,,618500,618500,129000,5340,2341,359000,Uncontrolled,1500,0,0,0,,,Vertical Lift0,09/24/2026,08/31/2022,5,High,Not Available,,Normal Operations,11/20/2025,Yes,11/02/2023,Yes,https://www.swt.usace.army.mil/Locations/Tulsa-District-Lakes/Oklahoma/Optima-Lake/,No
Fort Gibson Dam - Dike 2,Fort Gibson Lake,,OK10314,S002,OK10314S002,USACE - Tulsa District,Federal,Federal,0,Yes,,No,Flood Risk Reduction,Flood Risk Reduction,US Army Corps of Engineers,OK10314S002,35.8739263210001,-95.297843974,Oklahoma,Wagoner,Fort Gibson,,Grand River,"Oklahoma, Congressional District 02",Cherokee OTSA,No,No,,No,No,No,Yes,US Army Corps of Engineers,US Army Corps of Engineers,US Army Corps of Engineers,US Army Corps of Engineers,US Army Corps of Engineers,US Army Corps of Engineers,US Army Corps of Engineers,US Army Corps of Engineers,,,Earth,Earth;Gravity,Earth,,8,8,8,8,Less than 25 feet,2350,804600,1949,1940-1949,,371650,371650,365200,19900,12494,986000,None,0,0,0,0,,,,09/29/2026,10/22/2019,5,High,Not Available,,Normal Operations,11/20/2025,Yes,04/22/2022,Yes,https://www.swt.usace.army.mil/Locations/Tulsa-District-Lakes/Oklahoma/Fort-Gibson-Lake/,No
Harry L. Englebright Dam,Harry L. Englebright Lake,Narrows Dam,CA10105,,CA10105,USACE - Sacramento District,Federal,Federal,0,No,,No,Debris Control,Debris Control;Recreation;Hydroelectric,US Army Corps of Engineers,CA10105,39.240005544,-121.269284623,California,Yuba,Marysville,20,Yuba River,"California, Congressional District 03",,No,No,,No,No,No,Yes,US Army Corps of Engineers,US Army Corps of Engineers,US Army Corps of Engineers,US Army Corps of Engineers,US Army Corps of Engineers,US Army Corps of Engineers,US Army Corps of Engineers,US Army Corps of Engineers,,,Arch,Arch,,Rock,242,260,280,280,Greater than 100 feet,1142,0,1941,1940-1949,,103000,103000,70590,815,1100,350000,Uncontrolled,200,0,0,0,,,,08/24/2026,06/27/2024,5,High,Not Available,,Normal Operations,11/20/2025,Yes,08/24/2026,Yes,https://www.spk.usace.army.mil/Missions/Civil-Works/Dam-Safety-Program/,No
Elk City Dam,Elk City Lake,,KS00002,,KS00002,USACE - Tulsa District,Federal,Federal,1,No,CESWT,No,Flood Risk Reduction,Flood Risk Reduction;Other;Recreation;Water Supply,US Army Corps of Engineers,KS00002,37.2772000000001,-95.78786,Kansas,Montgomery,Independence,,Elk River,"Kansas, Congressional District 02",,No,No,,No,No,No,Yes,US Army Corps of Engineers,US Army Corps of Engineers,US Army Corps of Engineers,US Army Corps of Engineers,US Army Corps of Engineers,US Army Corps of Engineers,US Army Corps of Engineers,US Army Corps of Engineers,,,Earth,Earth,Earth,Rock,107,102,107,107,Greater than 100 feet,4840,4066000,1966,1960-1969,,850405,850405,46122,4440,634,120800,Uncontrolled,400,0,0,0,,,Vertical Lift0,09/24/2026,04/03/2025,5,High,Not Available,,Normal Operations,11/20/2025,Yes,03/26/2025,Yes,https://www.swt.usace.army.mil/Locations/Tulsa-District-Lakes/Kansas/Elk-City-Lake/,No
Dardanelle Lock and Dam,Dardanelle Lake,,AR00162,,AR00162,USACE - Little Rock District,Federal,Federal,0,No,CESWL,No,Navigation,Navigation;Recreation;Hydroelectric;Water Supply,US Army Corps of Engineers,AR00162,35.2495794120001,-93.170052284,Arkansas,Pope,Dardanelle,,Arkansas,"Arkansas, Congressional District 04",,No,No,,No,No,No,Yes,US Army Corps of Engineers,US Army Corps of Engineers,US Army Corps of Engineers,US Army Corps of Engineers,US Army Corps of Engineers,US Army Corps of Engineers,US Army Corps of Engineers,US Army Corps of Engineers,,,Concrete,Concrete;Gravity,Concrete,Rock,71,55,90,90,51-100 feet,2683,818000,1969,1960-1969,,486200,486200,420900,34300,153703,1500000,Controlled,1000,1,600,110,,,,09/28/2026,03/06/2025,5,Significant,Not Available,,Normal Operations,11/20/2025,Yes,03/20/2026,Yes,https://www.usace.army.mil/Missions/Civil-Works/Dam-Safety-Program/Article/2870967/dam-safety-program/,No
Cordell Hull Lock and Dam,Cordell Hull Lake,,TN15901,,TN15901,USACE - Nashville District,Federal,Federal,0,No,CELRN,No,Recreation,Recreation;Other;Navigation;Hydroelectric;Water Supply,US Army Corps of Engineers,TN15901,36.2903250680001,-85.943627738,Tennessee,Smith,Carthage,,Cumberland River,"Tennessee, Congressional District 06",,No,No,,No,No,No,Yes,US Army Corps of Engineers,US Army Corps of Engineers,US Army Corps of Engineers,US Army Corps of Engineers,US Army Corps of Engineers,US Army Corps of Engineers,US Army Corps of Engineers,US Army Corps of Engineers,,,Gravity,Gravity;Earth,Concrete,Rock,,87,93,93,51-100 feet,1306,533928,1973,1970-1979,,310900,310900,258000,11960,8096,175000,Controlled,225,1,400,84,,,,10/02/2026,06/04/2025,5,High,Not Available,,"Under Investigation, Planning, Permitting, or Design for Remediation",11/20/2025,Yes,01/13/2023,Yes,https://www.usace.army.mil/Missions/Civil-Works/Dam-Safety-Program/Article/2870967/dam-safety-program/,No
Chippewa Diversion Dam - Watson Sag Weir,Chippewa Reservoir,,MN00578,S001,MN00578S001,USACE - St. Paul District,Federal,Federal,0,Yes,,No,Flood Risk Reduction,Flood Risk Reduction;Other;Fish and Wildlife Pond;Recreation;Water Supply,US Army Corps of Engineers,MN00578S001,45.0220127360001,-95.791386501,Minnesota,Chippewa,Montevideo,0,Chippewa River,"Minnesota, Congressional District 07",,No,No,,No,No,No,Yes,US Army Corps of Engineers,US Army Corps of Engineers,US Army Corps of Engineers,,US Army Corps of Engineers,US Army Corps of Engineers,US Army Corps of Engineers,US Army Corps of Engineers,,,Concrete,Concrete;Earth,,,23,16,23,23,Less than 25 feet,1900,15270,1938,1930-1939,,150,150,60,150,2050,6200,Controlled,135,0,0,0,,,,02/02/2026,08/02/2017,5,Low,Not Available,,"Under Investigation, Planning, Permitting, or Design for Remediation",11/20/2025,Yes,10/01/1995,Yes,https://www.usace.army.mil/Missions/Civil-Works/Dam-Safety-Program/Article/2870967/dam-safety-program/,No
Denison Dam - Platter Dike,,,OK10317,S002,OK10317S002,USACE - Tulsa District,Federal,Federal,0,Yes,,No,Flood Risk Reduction,Flood Risk Reduction,US Army Corps of Engineers,OK10317S002,33.8991110000001,-96.5462219999999,Oklahoma,Bryan,Platter,,Red,"Oklahoma, Congressional District 02",Chickasaw OTSA,No,No,,No,No,No,Yes,US Army Corps of Engineers,US Army Corps of Engineers,US Army Corps of Engineers,US Army Corps of Engineers,US Army Corps of Engineers,US Army Corps of Engineers,US Army Corps of Engineers,US Army Corps of Engineers,,,Earth,Earth,Earth,Soil,12,,,12,Less than 25 feet,5200,,1945,1940-1949,,2459975,2459975,0,86910,,,,,,,,,,,09/29/2026,11/01/2022,5,High,Not Available,,Normal Operations,11/20/2025,Yes,10/29/2025,No,https://www.swt.usace.army.mil/Locations/Tulsa-District-Lakes/Oklahoma/Lake-Texoma/,No
Deer Creek Dam - New Holland Dike,,,OH00008,S001,OH00008S001,USACE - Huntington District,Federal,Federal,0,Yes,,No,Flood Risk Reduction,Flood Risk Reduction,US Army Corps of Engineers,OH00008S001,39.5741100000001,-83.25636,Ohio,Pickaway,New Holland,,Deer Creek,"Ohio, Congressional District 02",,No,No,,No,No,No,Yes,US Army Corps of Engineers,US Army Corps of Engineers,US Army Corps of Engineers,US Army Corps of Engineers,US Army Corps of Engineers,US Army Corps of Engineers,US Army Corps of Engineers,US Army Corps of Engineers,,,Earth,Earth,,,15,,,15,Less than 25 feet,4600,,1968,1960-1969,,0,,0,,,,,,,,,,,,09/15/2026,07/02/2020,5,High,Not Available,,Normal Operations,11/20/2025,Yes,06/15/2011,Yes,https://www.lrh.usace.army.mil/Missions/Civil-Works/Dam-Safety-Program/,No
Dover Dam - Somerdale Levee,,,OH00003,S003,OH00003S003,USACE - Huntington District,Federal,Federal,0,Yes,,No,Flood Risk Reduction,Flood Risk Reduction,US Army Corps of Engineers,OH00003S003,40.5682200000001,-81.36037,Ohio,Tuscarawas,Somerdale,,Tuscarawas River,"Ohio, Congressional District 06",,No,No,,No,No,No,Yes,US Army Corps of Engineers,US Army Corps of Engineers,US Army Corps of Engineers,US Army Corps of Engineers,US Army Corps of Engineers,US Army Corps of Engineers,US Army Corps of Engineers,US Army Corps of Engineers,,,Earth,Earth,,,35,,,35,25-50 feet,4070,,1937,1930-1939,,0,0,0,,,,,,,,,,,,07/31/2026,05/27/2021,5,High,Not Available,,Normal Operations,11/20/2025,Yes,07/29/2009,Yes,https://www.lrh.usace.army.mil/Missions/Civil-Works/Dam-Safety-Program/,No
Walter F. George Lock and Dam,Lake Eufala;Walter F. George Lake,Fort Gaines,AL01432,,AL01432,USACE - Mobile District,Federal,Federal,0,No,CESAM,No,Hydroelectric,Hydroelectric;Navigation;Recreation;Flood Risk Reduction,US Army Corps of Engineers,AL01432,31.62527444,-85.06435947,Alabama,Clay,Fort Gaines,2,Chattahoochee River,"Georgia, Congressional District 02",,No,No,,No,No,No,Yes,US Army Corps of Engineers,US Army Corps of Engineers,US Army Corps of Engineers,US Army Corps of Engineers,US Army Corps of Engineers,US Army Corps of Engineers,US Army Corps of Engineers,US Army Corps of Engineers,,,Concrete,Concrete;Earth;Gravity,,Rock and Soil,106,101,171,171,Greater than 100 feet,13585,1968000,1962,1960-1969,,934400,934400,934000,45181,7460,631500,Controlled,588,1,450,82,,,,09/15/2026,07/29/2025,5,High,Not Available,,Normal Operations,11/20/2025,Yes,09/05/2025,Yes,https://www.sam.usace.army.mil/Missions/Civil-Works/Recreation/Walter-F-George-Lake-Lake-George-W-Andrews/,No
Gillham Dam,Gillham Lake,,AR01200,,AR01200,USACE - Little Rock District,Federal,Federal,0,No,CESWT,No,Flood Risk Reduction,Flood Risk Reduction;Recreation;Water Supply,US Army Corps of Engineers,AR01200,34.2109288,-94.228306516,Arkansas,Howard,Gillham,,Cossatot,"Arkansas, Congressional District 04",,No,No,,No,No,No,Yes,US Army Corps of Engineers,US Army Corps of Engineers,US Army Corps of Engineers,US Army Corps of Engineers,US Army Corps of Engineers,US Army Corps of Engineers,US Army Corps of Engineers,US Army Corps of Engineers,,,Concrete,Concrete;Rockfill;Gravity,Earth,Rock;Soil,160,143,30,160,Greater than 100 feet,900,1714500,1975,1970-1979,,221800,221800,33100,1300,271,272700,None,0,0,0,0,,,,09/28/2026,12/07/2021,5,High,Not Available,,Normal Operations,11/20/2025,Yes,07/20/2023,Yes,https://www.swl.usace.army.mil/Missions/Recreation/Lakes/Gillham-Lake/Dam-and-Lake-Information/,No
Council Grove Dam,Council Grove Lake,,KS00001,,KS00001,USACE - Tulsa District,Federal,Federal,0,No,CESWT,No,Flood Risk Reduction,Flood Risk Reduction;Other;Recreation;Water Supply,US Army Corps of Engineers,KS00001,38.6805614250001,-96.502653113,Kansas,Morris,Council Grove,,Grand Neosho River,"Kansas, Congressional District 02",,No,No,,No,No,No,Yes,US Army Corps of Engineers,US Army Corps of Engineers,US Army Corps of Engineers,US Army Corps of Engineers,US Army Corps of Engineers,US Army Corps of Engineers,US Army Corps of Engineers,US Army Corps of Engineers,,,Earth,Earth,Earth,Rock;Soil,105,91,105,105,Greater than 100 feet,6500,1325200,1964,1960-1969,,346655,346655,48665,3259,246,49400,Uncontrolled,500,0,0,0,,,Vertical Lift0,04/30/2026,05/04/2022,5,High,Not Available,,"Under Investigation, Planning, Permitting, or Design for Remediation",11/20/2025,Yes,10/06/2025,Yes,https://www.swt.usace.army.mil/Locations/Tulsa-District-Lakes/Kansas/Council-Grove-Lake/,No
James W. Trimble Lock and Dam,Pool 13,Lock & Dam 13,AR00163,,AR00163,USACE - Little Rock District,Federal,Federal,0,No,CESWL,No,Navigation,Navigation;Recreation;Hydroelectric,US Army Corps of Engineers,AR00163,35.350595598,-94.297141597,Arkansas,Sebastian,Ozark,,Arkansas,"Arkansas, Congressional District 03",,No,No,,No,No,No,Yes,US Army Corps of Engineers,US Army Corps of Engineers,US Army Corps of Engineers,US Army Corps of Engineers,US Army Corps of Engineers;Federal Energy Regulatory Commission,US Army Corps of Engineers;Federal Energy Regulatory Commission,US Army Corps of Engineers,Federal Energy Regulatory Commission,,,Concrete,Concrete;Gravity,Concrete,Rock,28,26,51,51,51-100 feet,7110,156000,1969,1960-1969,,59100,59100,53100,6820,150567,435000,Controlled,900,1,600,110,,,,09/28/2026,08/26/2026,5,Significant,Not Available,,Normal Operations,11/20/2025,Yes,03/20/2026,N/A,https://www.usace.army.mil/Missions/Civil-Works/Dam-Safety-Program/Article/2870967/dam-safety-program/,No
Summersville Dam - Dike 1,,,WV06702,S001,WV06702S001,USACE - Huntington District,Federal,Federal,0,Yes,,No,Flood Risk Reduction,Flood Risk Reduction,US Army Corps of Engineers,WV06702S001,38.2227,-80.9119,West Virginia,Nicholas,Summersville,,Gauley River,"West Virginia, Congressional District 01",,No,No,,No,No,No,Yes,US Army Corps of Engineers,US Army Corps of Engineers,US Army Corps of Engineers,US Army Corps of Engineers,US Army Corps of Engineers,US Army Corps of Engineers,US Army Corps of Engineers,US Army Corps of Engineers,,,Earth,Earth,,,80,,,80,51-100 feet,2125,,1965,1960-1969,,233400,233400,0,0,,,,,,,,,,,07/31/2026,08/25/2022,5,High,Not Available,,Normal Operations,11/20/2025,Yes,07/06/2011,Yes,https://www.lrh.usace.army.mil/Missions/Civil-Works/Dam-Safety-Program/,No
Big Hill Dam,Big Hill Lake,Pearson-Skubitz Big Hill Dam,KS00049,,KS00049,USACE - Tulsa District,Federal,Federal,0,No,CESWT,No,Flood Risk Reduction,Flood Risk Reduction;Recreation;Water Supply,US Army Corps of Engineers,KS00049,37.268757083,-95.467921292,Kansas,Labette,Cherryvale,,Big Hill Ck,"Kansas, Congressional District 02",,No,No,,No,No,No,Yes,US Army Corps of Engineers,US Army Corps of Engineers,US Army Corps of Engineers,US Army Corps of Engineers,US Army Corps of Engineers,US Army Corps of Engineers,US Army Corps of Engineers,US Army Corps of Engineers,,,Earth,Earth,Earth,Rock;Soil,83,78,83,83,51-100 feet,3902,2189036,1981,1980-1989,,39540,39540,26969,1192,37,36200,Uncontrolled,400,0,0,0,,,Uncontrolled0,09/24/2026,06/26/2025,5,High,Not Available,,Normal Operations,11/20/2025,Yes,11/13/2024,Yes,https://www.swt.usace.army.mil/Locations/Tulsa-District-Lakes/Kansas/Big-Hill-Lake/,No
Blue Mountain Dam,Blue Mountain Lake,,AR00157,,AR00157,USACE - Little Rock District,Federal,Federal,0,No,CESWL,No,Flood Risk Reduction,Flood Risk Reduction;Recreation;Water Supply,US Army Corps of Engineers,AR00157,35.1042468760001,-93.649148939,Arkansas,Yell,Danville,,Petit Jean,"Arkansas, Congressional District 04",,No,No,,No,No,No,Yes,US Army Corps of Engineers,US Army Corps of Engineers,US Army Corps of Engineers,US Army Corps of Engineers,US Army Corps of Engineers,US Army Corps of Engineers,US Army Corps of Engineers,US Army Corps of Engineers,,,Earth,Earth,Earth,Rock,115,81,115,115,Greater than 100 feet,2800,1600000,1947,1940-1949,,258000,258000,25000,2910,488,76300,Uncontrolled,150,0,0,0,,,,09/28/2026,12/09/2025,5,High,Not Available,,Normal Operations,11/20/2025,Yes,06/06/2023,Yes,https://www.swl.usace.army.mil/Missions/Recreation/Lakes/Blue-Mountain-Lake/Dam-and-Lake-Information/,No
Brea Dam,Brea Reservoir,,CA10016,,CA10016,USACE - Los Angeles District,Federal,Federal,1,No,CESPL,No,Flood Risk Reduction,Flood Risk Reduction;Recreation,US Army Corps of Engineers,CA10016,33.89167,-117.925,California,Orange,Fullerton,,Brea Creek,"California, Congressional District 45",,No,No,,No,No,No,Yes,US Army Corps of Engineers,US Army Corps of Engineers,US Army Corps of Engineers,US Army Corps of Engineers,US Army Corps of Engineers,US Army Corps of Engineers,US Army Corps of Engineers,US Army Corps of Engineers,,,Earth,Earth,,,87,75,,87,51-100 feet,1765,0,1942,1940-1949,,7420,7420,0,1,22,27000,Uncontrolled,150,0,0,0,,,Vertical Lift0,10/02/2026,03/12/2024,5,High,Not Available,,Normal Operations,11/20/2025,Yes,04/22/2025,Yes,https://www.usace.army.mil/Missions/Civil-Works/Dam-Safety-Program/Article/2870967/dam-safety-program/,No
Isabella Dam,Isabella Lake,,CA10106,,CA10106,USACE - Sacramento District,Federal,Federal,0,No,,No,Flood Risk Reduction,Flood Risk Reduction;Irrigation;Recreation;Hydroelectric,US Army Corps of Engineers,CA10106,35.645931096,-118.482198156,California,Kern,Bodfish,1,Kern River,"California, Congressional District 20",,No,No,,No,No,No,Yes,US Army Corps of Engineers,US Army Corps of Engineers,US Army Corps of Engineers;Forest Service,US Army Corps of Engineers,US Army Corps of Engineers,US Army Corps of Engineers,US Army Corps of Engineers,US Army Corps of Engineers,,,Earth,Earth,Earth,,98,173,185,185,Greater than 100 feet,1695,0,1953,1950-1959,,1202000,1202000,568000,11200,2074,53000,Uncontrolled,140,0,0,0,,,,04/17/2026,01/15/2026,5,High,Not Available,,Normal Operations,11/20/2025,Yes,04/01/2019,Yes,https://www.spk.usace.army.mil/Missions/Civil-Works/Isabella-Dam/,No
Barkley Lock and Dam,Lake Barkley,,KY03001,,KY03001,USACE - Nashville District,Federal,Federal,0,No,CELRN,No,Navigation,Navigation;Other;Fish and Wildlife Pond;Recreation;Hydroelectric;Water Supply;Flood Risk Reduction,US Army Corps of Engineers,KY03001,37.021671,-88.220001,Kentucky,Lyon,Smithland,,Cumberland,"Kentucky, Congressional District 01",,No,No,,No,No,No,Yes,US Army Corps of Engineers,US Army Corps of Engineers,US Army Corps of Engineers,US Army Corps of Engineers,US Army Corps of Engineers,US Army Corps of Engineers,US Army Corps of Engineers,US Army Corps of Engineers,,,Gravity,Gravity;Earth,Earth,Soil,,109,157,157,Greater than 100 feet,10180,2833365,1966,1960-1969,,2082000,2082000,869000,57920,17598,520000,Controlled,660,1,800,110,,,,08/28/2026,08/19/2026,5,High,Not Available,,Normal Operations,11/20/2025,Yes,06/24/2024,Yes,https://www.usace.army.mil/Missions/Civil-Works/Dam-Safety-Program/Article/2870967/dam-safety-program/,No
Emmett Sanders Lock and Dam,Pool 4,Lock & Dam 4,AR00167,,AR00167,USACE - Little Rock District,Federal,Federal,0,No,CESWL,No,Navigation,Navigation;Recreation,US Army Corps of Engineers,AR00167,34.248735503,-91.904100355,Arkansas,Jefferson,Gillett,,Arkansas,"Arkansas, Congressional District 04",,No,No,,No,No,No,Yes,US Army Corps of Engineers,US Army Corps of Engineers,US Army Corps of Engineers,US Army Corps of Engineers,US Army Corps of Engineers,US Army Corps of Engineers,US Army Corps of Engineers,US Army Corps of Engineers,,,Concrete,Concrete;Gravity,Concrete,Soil,34,32,46,46,25-50 feet,18400,96500,1968,1960-1969,,77000,77000,70400,5680,158658,375000,Controlled,1020,1,600,110,,,,09/28/2026,04/18/2022,5,Significant,Not Available,,Normal Operations,11/20/2025,Yes,05/02/2024,N/A,https://www.usace.army.mil/Missions/Civil-Works/Dam-Safety-Program/Article/2870967/dam-safety-program/,No
North Branch Kokosing Dam,North Branch Kokosing Lake,,OH00009,,OH00009,USACE - Huntington District,Federal,Federal,0,No,CELRH,No,Flood Risk Reduction,Flood Risk Reduction;Fish and Wildlife Pond;Recreation,US Army Corps of Engineers,OH00009,40.5057443090001,-82.576524698,Ohio,Knox,Fredericktown,2,North Branch of Kokosing,"Ohio, Congressional District 12",,No,No,,No,No,No,Yes,US Army Corps of Engineers,US Army Corps of Engineers,US Army Corps of Engineers,US Army Corps of Engineers,US Army Corps of Engineers,US Army Corps of Engineers,US Army Corps of Engineers,US Army Corps of Engineers,,,Earth,Earth,Earth,Soil,,45,71,71,51-100 feet,1400,990453,1972,1970-1979,,14885,14885,1043,154,45,13500,Uncontrolled,60,0,0,0,,,None0,07/31/2026,08/23/2023,5,High,Not Available,,"Under Investigation, Planning, Permitting, or Design for Remediation",11/20/2025,Yes,07/22/2025,Yes,https://www.lrh.usace.army.mil/Missions/Civil-Works/Dam-Safety-Program/,No
Pine Canyon Dam,Pine Canyon Reservoir,,NV10001,,NV10001,USACE - Los Angeles District,Federal,Federal,1,No,CESPL,No,Flood Risk Reduction,Flood Risk Reduction,US Army Corps of Engineers,NV10001,37.4770800000001,-114.3071199999999,Nevada,Lincoln,Caliente,,Pine Canyon,"Nevada, Congressional District 04",,No,No,,No,No,No,Yes,US Army Corps of Engineers,US Army Corps of Engineers,US Army Corps of Engineers,US Army Corps of Engineers,US Army Corps of Engineers,US Army Corps of Engineers,US Army Corps of Engineers,US Army Corps of Engineers,,,Earth,Earth,,,92,87,,92,51-100 feet,884,0,1957,1950-1959,,10725,10725,0,1,45,31700,Uncontrolled,330,0,0,0,,,None0,10/02/2026,05/21/2024,5,High,Not Available,,Normal Operations,11/20/2025,Yes,04/22/2025,Yes,https://www.usace.army.mil/Missions/Civil-Works/Dam-Safety-Program/Article/2870967/dam-safety-program/,No
Fulton Lock and Dam,Pool C,Lock C,MS03060,,MS03060,USACE - Mobile District,Federal,Federal,1,No,CESAM,No,Navigation,Navigation;Recreation,US Army Corps of Engineers,MS03060,34.2578689530001,-88.4248891619999,Mississippi,Itawamba,Fulton,1,Tombigbee,"Mississippi, Congressional District 01",,Yes,Yes,Ms Department of Environmental Quality,Yes,Yes,Yes,Yes,US Army Corps of Engineers,US Army Corps of Engineers,US Army Corps of Engineers,US Army Corps of Engineers,US Army Corps of Engineers,US Army Corps of Engineers,US Army Corps of Engineers,US Army Corps of Engineers,,,Gravity,Gravity;Earth,,,26,43,58,58,51-100 feet,1750,41450,1983,1980-1989,,13221,13221,13221,1642,612,56400,Controlled,180,1,600,110,,,,07/07/2026,04/11/2023,5,High,Not Available,,Normal Operations,11/22/2025,Yes,09/30/2021,Yes,https://www.sam.usace.army.mil/Missions/Civil-Works/Recreation/Tennessee-Tombigbee-Waterway/Navigation/,No
Fort Gibson Dam - Dike 10,Fort Gibson Lake,,OK10314,S010,OK10314S010,USACE - Tulsa District,Federal,Federal,0,Yes,,No,Flood Risk Reduction,Flood Risk Reduction,US Army Corps of Engineers,OK10314S010,35.973650257,-95.358122571,Oklahoma,Wagoner,Fort Gibson,,Grand River,"Oklahoma, Congressional District 02",Creek OTSA,No,No,,No,No,No,Yes,US Army Corps of Engineers,US Army Corps of Engineers,US Army Corps of Engineers,US Army Corps of Engineers,US Army Corps of Engineers,US Army Corps of Engineers,US Army Corps of Engineers,US Army Corps of Engineers,,,Earth,Earth;Gravity,Earth,,30,30,30,30,25-50 feet,8087,804600,1949,1940-1949,,1134575,1134575,365200,19900,12494,986000,Controlled,1490,0,0,0,,,,09/29/2026,10/22/2019,5,High,Not Available,,Normal Operations,11/20/2025,Yes,04/22/2022,Yes,https://www.swt.usace.army.mil/Locations/Tulsa-District-Lakes/Oklahoma/Fort-Gibson-Lake/,No
Whitlow Ranch Dam,Whitlow Ranch Reservoir,,AZ10004,,AZ10004,USACE - Los Angeles District,Federal,Federal,1,No,CESPL,No,Flood Risk Reduction,Flood Risk Reduction;Irrigation,US Army Corps of Engineers,AZ10004,33.299451,-111.275653,Arizona,Pinal,Queen Valley,,Queen Creek,"Arizona, Congressional District 02",,No,No,,No,No,No,Yes,US Army Corps of Engineers,US Army Corps of Engineers,US Army Corps of Engineers,US Army Corps of Engineers,US Army Corps of Engineers,US Army Corps of Engineers,US Army Corps of Engineers,US Army Corps of Engineers,,,Earth,Earth,,,149,144,,149,Greater than 100 feet,837,0,1959,1950-1959,,64910,64910,0,1,143,147000,Uncontrolled,355,0,0,0,,,None0,10/02/2026,03/22/2023,5,High,Not Available,,Normal Operations,11/20/2025,Yes,04/22/2025,Yes,https://www.usace.army.mil/Missions/Civil-Works/Dam-Safety-Program/Article/2870967/dam-safety-program/,No
Bear Dam,Bear Reservoir,,CA10101,,CA10101,USACE - Sacramento District,Federal,Federal,0,No,,No,Flood Risk Reduction,Flood Risk Reduction;Hydroelectric,US Army Corps of Engineers,CA10101,37.368338641,-120.228013819,California,Mariposa,Planada,4,Bear Creek,"California, Congressional District 05",,No,No,,No,No,No,Yes,US Army Corps of Engineers,US Army Corps of Engineers,US Army Corps of Engineers,US Army Corps of Engineers,US Army Corps of Engineers,US Army Corps of Engineers,US Army Corps of Engineers,US Army Corps of Engineers,,,Earth,Earth,Earth,,85,80,92,92,51-100 feet,1830,0,1954,1950-1959,,12700,12700,7723,265,72,21400,Uncontrolled,100,0,0,0,,,,09/14/2026,04/14/2021,5,High,Not Available,,Normal Operations,11/20/2025,Yes,05/06/2025,Yes,https://www.spk.usace.army.mil/Missions/Civil-Works/Dam-Safety-Program/,No
John Redmond Dam,John Redmond Reservoir,,KS00004,,KS00004,USACE - Tulsa District,Federal,Federal,1,No,CESWT,No,Flood Risk Reduction,Flood Risk Reduction;Other;Recreation;Water Supply,US Army Corps of Engineers,KS00004,38.242243321,-95.755669014,Kansas,Coffey,Burlington,,Grand Neosho River,"Kansas, Congressional District 02",,No,No,,No,No,No,Yes,US Army Corps of Engineers,US Army Corps of Engineers,US Army Corps of Engineers,US Army Corps of Engineers,US Army Corps of Engineers,US Army Corps of Engineers,US Army Corps of Engineers,US Army Corps of Engineers,,,Gravity,Gravity;Earth,Earth,Rock;Soil,87,80,87,87,51-100 feet,21790,5028810,1964,1960-1969,,626007,626007,60661,9671,3015,578000,Controlled,560,0,0,0,,,,09/29/2026,09/03/2026,5,High,Not Available,,"Under Investigation, Planning, Permitting, or Design for Remediation",11/20/2025,Yes,09/14/2022,Yes,https://www.swt.usace.army.mil/Locations/Tulsa-District-Lakes/Kansas/John-Redmond-Reservoir/,No
Whitney Dam - Kopperl Levee,,,TX08019,S001,TX00017S001,USACE - Fort Worth District,Federal,Federal,0,Yes,,No,Flood Risk Reduction,Flood Risk Reduction;Fish and Wildlife Pond;Recreation;Water Supply,US Army Corps of Engineers,TX00017S001,31.8500000000001,-97.3666689999999,Texas,Bosque,Waco,,Brazos River,"Texas, Congressional District 31",,No,No,,No,No,No,Yes,US Army Corps of Engineers,US Army Corps of Engineers,US Army Corps of Engineers,US Army Corps of Engineers,US Army Corps of Engineers,US Army Corps of Engineers,US Army Corps of Engineers,US Army Corps of Engineers,,,Earth,Earth,,,159,148,166,166,Greater than 100 feet,17695,2253300,1951,1950-1959,,2100400,2100400,627100,23560,17656,632000,Controlled,680,0,0,0,,,,03/25/2026,01/14/2025,5,High,Not Available,,Normal Operations,11/20/2025,Yes,04/05/2022,Yes,https://www.swf-wc.usace.army.mil/whitney/,No
Owens Dam,Owens Reservoir,,CA10111,,CA10111,USACE - Sacramento District,Federal,Federal,0,No,,No,Flood Risk Reduction,Flood Risk Reduction;Hydroelectric,US Army Corps of Engineers,CA10111,37.314644011,-120.186343885,California,Mariposa,Planada,4,Owens Creek,"California, Congressional District 05",,No,No,,No,No,No,Yes,US Army Corps of Engineers,US Army Corps of Engineers,US Army Corps of Engineers,US Army Corps of Engineers,US Army Corps of Engineers,US Army Corps of Engineers,US Army Corps of Engineers,US Army Corps of Engineers,,,Earth,Earth,Earth,,72,70,75,75,51-100 feet,790,0,1949,1940-1949,,6064,6064,4138,175,26,7300,Uncontrolled,75,0,0,0,,,,09/14/2026,03/22/2023,5,High,Not Available,,Normal Operations,11/20/2025,Yes,05/06/2025,Yes,https://www.spk.usace.army.mil/Missions/Civil-Works/Dam-Safety-Program/,No
Willamette Falls Locks,,,OR00596,S001,OR00596S001,USACE - Portland District,Federal,Federal,0,Yes,,No,Navigation,Navigation,US Army Corps of Engineers,OR00596S001,45.353136971,-122.618176139,Oregon,Clackamas,Oregon City,,Willamette,"Oregon, Congressional District 05",,No,No,,No,No,No,Yes,US Army Corps of Engineers,US Army Corps of Engineers,US Army Corps of Engineers,US Army Corps of Engineers,US Army Corps of Engineers,US Army Corps of Engineers,US Army Corps of Engineers,US Army Corps of Engineers,,,Concrete,Concrete;Stone;Masonry,,,,37,,37,25-50 feet,0,0,1873,Before 1900,,17000,17000,17000,0,0,0,None,0,5,175,37,,,,08/13/2026,06/25/2024,5,High,Not Available,,Normal Operations,11/20/2025,Yes,06/19/2014,No,https://www.usace.army.mil/Missions/Civil-Works/Dam-Safety-Program/Article/2870967/dam-safety-program/,No
Copan Dam - Caney Levee,Caney Levee,,OK21489,S001,OK21489S001,USACE - Tulsa District,Federal,Federal,0,Yes,,No,Flood Risk Reduction,Flood Risk Reduction,US Army Corps of Engineers,OK21489S001,37.00944908,-95.94954765,Oklahoma,Montgomery,Dewey,,Little Caney,"Kansas, Congressional District 02",,No,No,,No,No,No,Yes,US Army Corps of Engineers,US Army Corps of Engineers,US Army Corps of Engineers,US Army Corps of Engineers,US Army Corps of Engineers,US Army Corps of Engineers,US Army Corps of Engineers,US Army Corps of Engineers,,,Earth,Earth;Gravity,,,73,67,73,73,51-100 feet,7730,3852800,1983,1980-1989,,338000,338000,43400,4850,505,199070,Controlled,495,0,0,0,,,,09/29/2026,05/06/2026,5,High,Not Available,,Normal Operations,11/20/2025,Yes,08/19/2025,Yes,https://www.swt.usace.army.mil/Locations/Tulsa-District-Lakes/Oklahoma/Copan-Lake/,No
San Antonio Dam,San Antonio Reservoir,,CA10023,,CA10023,USACE - Los Angeles District,Federal,Federal,0,No,CESPL,No,Flood Risk Reduction,Flood Risk Reduction,US Army Corps of Engineers,CA10023,34.1573003450001,-117.67707075,California,San Bernardino,Claremont,,San Antonio Creek,"California, Congressional District 28",,No,No,,No,No,No,Yes,US Army Corps of Engineers,US Army Corps of Engineers,US Army Corps of Engineers,US Army Corps of Engineers,US Army Corps of Engineers,US Army Corps of Engineers,US Army Corps of Engineers,US Army Corps of Engineers,,,Earth,Earth,,,160,130,,160,Greater than 100 feet,3850,0,1956,1950-1959,,11880,11880,0,1,27,53700,Uncontrolled,200,0,0,0,,,Vertical Lift0,10/02/2026,02/04/2026,5,High,Not Available,,Normal Operations,11/20/2025,Yes,04/22/2025,Yes,https://www.usace.army.mil/Missions/Civil-Works/Dam-Safety-Program/Article/2870967/dam-safety-program/,No
Toronto Dam,Toronto Lake,,KS00011,,KS00011,USACE - Tulsa District,Federal,Federal,0,No,CESWT,No,Flood Risk Reduction,Flood Risk Reduction;Water Supply,US Army Corps of Engineers,KS00011,37.74138636,-95.926102548,Kansas,Woodson,Coyville,,Verdigris River,"Kansas, Congressional District 02",,No,No,,No,No,No,Yes,US Army Corps of Engineers,US Army Corps of Engineers,US Army Corps of Engineers,US Army Corps of Engineers,US Army Corps of Engineers,US Army Corps of Engineers,US Army Corps of Engineers,US Army Corps of Engineers,,,Gravity,Gravity;Earth,Earth,Rock;Soil,90,84,90,90,51-100 feet,4712,1591500,1960,1960-1969,,318900,318900,21000,2660,730,253000,Controlled,376,0,0,0,,,,04/03/2026,04/05/2023,5,High,Not Available,,Normal Operations,11/20/2025,Yes,07/14/2022,Yes,https://www.swt.usace.army.mil/Locations/Tulsa-District-Lakes/Kansas/Toronto-Lake/,No
Chippewa Diversion Dam,Watson Sag & Chippewa River Channel,,MN00578,,MN00578,USACE - St. Paul District,Federal,Federal,1,No,"WPA, WPA - CEMVP",No,Flood Risk Reduction,Flood Risk Reduction;Other;Fish and Wildlife Pond;Recreation;Water Supply,US Army Corps of Engineers,MN00578,45.01667,-95.833328,Minnesota,Chippewa,Watson,11,Channel Built Off Chippewa Riv,"Minnesota, Congressional District 07",,No,No,,No,No,No,Yes,US Army Corps of Engineers,US Army Corps of Engineers,US Army Corps of Engineers,US Army Corps of Engineers,US Army Corps of Engineers,US Army Corps of Engineers,US Army Corps of Engineers,US Army Corps of Engineers,,,Earth,Earth,Earth,Soil,5,12,20,20,Less than 25 feet,12000,0,1951,1950-1959,,81.3,81.3,0,0,0,6000,Uncontrolled,162,0,0,0,,,Slide (sluice gate)1;Tainter (radial)1;Uncontrolled0,09/30/2026,07/21/2022,10,Low,Not Available,,"Under Investigation, Planning, Permitting, or Design for Remediation",11/20/2025,Yes,10/01/1995,Yes,https://www.usace.army.mil/Missions/Civil-Works/Dam-Safety-Program/Article/2870967/dam-safety-program/,No
Haines Canyon Debris Dam,Haines Canyon Reservoir,,CA10004,,CA10004,USACE - Los Angeles District,Federal,Federal,0,No,CESPL,No,Debris Control,Debris Control;Flood Risk Reduction,US Army Corps of Engineers,CA10004,34.2604686940001,-118.2772704179999,California,Los Angeles,Glendale,,Haines Creek,"California, Congressional District 30",,No,No,,No,No,No,Yes,US Army Corps of Engineers,US Army Corps of Engineers,US Army Corps of Engineers,US Army Corps of Engineers,US Army Corps of Engineers,US Army Corps of Engineers,US Army Corps of Engineers,US Army Corps of Engineers,,,Earth,Earth,,,70,56,,70,51-100 feet,500,0,1938,1930-1939,,15,15,0,1,2,10000,Uncontrolled,0,0,0,0,,,None0,10/02/2026,03/30/2022,5,High,Not Available,,Normal Operations,11/20/2025,Yes,04/22/2025,Yes,https://www.usace.army.mil/Missions/Civil-Works/Dam-Safety-Program/Article/2870967/dam-safety-program/,No
Fort Gibson Dam - Oklahoma Ordinance Works Levee,Fort Gibson Lake,,OK10314,S020,OK10314S020,USACE - Tulsa District,Federal,Federal,0,Yes,,No,Flood Risk Reduction,Flood Risk Reduction,US Army Corps of Engineers,OK10314S020,36.235820452,-95.272177487,Oklahoma,Mayes,Fort Gibson,,Grand River,"Oklahoma, Congressional District 02",Cherokee OTSA,No,No,,No,No,No,Yes,US Army Corps of Engineers,US Army Corps of Engineers,US Army Corps of Engineers,US Army Corps of Engineers,US Army Corps of Engineers,US Army Corps of Engineers,US Army Corps of Engineers,US Army Corps of Engineers,,,Earth,Earth;Gravity,Earth,,23,23,23,23,Less than 25 feet,5450,804600,1949,1940-1949,,1284400,1284400,365200,19900,12494,0,None,0,0,0,0,,,,09/29/2026,10/22/2019,5,High,Not Available,,"Under Investigation, Planning, Permitting, or Design for Remediation",11/20/2025,Yes,05/23/2024,Yes,https://www.swt.usace.army.mil/Locations/Tulsa-District-Lakes/Oklahoma/Fort-Gibson-Lake/,No
Pat Mayse Dam,Pat Mayse Lake,,TX04359,,TX04359,USACE - Tulsa District,Federal,Federal,0,No,CESWT,No,Flood Risk Reduction,Flood Risk Reduction;Recreation;Water Supply,US Army Corps of Engineers,TX04359,33.853329,-95.548332,Texas,Lamar,Chicota,,Sanders Creek,"Texas, Congressional District 04",,No,No,,No,No,No,Yes,US Army Corps of Engineers,US Army Corps of Engineers,US Army Corps of Engineers,US Army Corps of Engineers,US Army Corps of Engineers,US Army Corps of Engineers,US Army Corps of Engineers,US Army Corps of Engineers,,,Earth,Earth,Earth,Rock;Soil,96,92,96,96,51-100 feet,7080,5580000,1967,1960-1969,,457800,457800,189100,5993,175,4450,Uncontrolled,100,0,0,0,,,Uncontrolled0,09/21/2026,01/12/2022,5,High,Not Available,,Normal Operations,11/20/2025,Yes,02/18/2025,Yes,https://www.swt.usace.army.mil/Locations/Tulsa-District-Lakes/Texas/Pat-Mayse-Lake/,No
Perry Dam,Perry Lake,,KS00009,,KS00009,USACE - Kansas City District,Federal,Federal,0,No,CENWK,No,Flood Risk Reduction,Flood Risk Reduction;Navigation;Recreation;Water Supply,US Army Corps of Engineers,KS00009,39.113478851,-95.425358608,Kansas,Jefferson,Perry,3,Delaware River,"Kansas, Congressional District 01",,No,No,,No,No,No,Yes,US Army Corps of Engineers,US Army Corps of Engineers,US Army Corps of Engineers,US Army Corps of Engineers,US Army Corps of Engineers,US Army Corps of Engineers,US Army Corps of Engineers,US Army Corps of Engineers,,,Earth,Earth,Earth,Soil,121,121,20,121,Greater than 100 feet,1740,60000,1966,1960-1969,,770000,770000,0,12200,1117,0,Uncontrolled,0,0,0,0,,,Uncontrolled0,05/13/2026,06/22/2022,5,High,Not Available,,Normal Operations,11/20/2025,Yes,09/30/2020,Yes,https://www.nwk.usace.army.mil/Missions/Civil-Works/Dam-Safety-Program/,No
Wilson Dam,Wilson Lake,,KS00013,,KS00013,USACE - Kansas City District,Federal,Federal,0,No,CENWK,No,Flood Risk Reduction,Flood Risk Reduction;Irrigation;Fish and Wildlife Pond;Recreation,US Army Corps of Engineers,KS00013,38.9667290510001,-98.4954100209999,Kansas,Russell,Sylvan Grove,,Saline River,"Kansas, Congressional District 01",,No,No,,No,No,No,Yes,US Army Corps of Engineers,US Army Corps of Engineers,US Army Corps of Engineers,US Army Corps of Engineers,US Army Corps of Engineers,US Army Corps of Engineers,US Army Corps of Engineers,US Army Corps of Engineers,,,Earth,Earth,Earth,Rock;Soil,,130,152,152,Greater than 100 feet,5600,8200000,1964,1960-1969,,736000,736000,245000,9040,1917,15700,Uncontrolled,450,0,0,0,,,Uncontrolled0,09/15/2026,04/23/2025,5,High,Not Available,,"Under Investigation, Planning, Permitting, or Design for Remediation",08/30/2026,Yes,09/30/2020,Yes,https://www.nwk.usace.army.mil/Missions/Civil-Works/Dam-Safety-Program/,No
Denison Dam - Cumberland Levee,Lake Texoma,,OK10317,S001,OK10317S001,USACE - Tulsa District,Federal,Federal,0,Yes,,No,Flood Risk Reduction,Flood Risk Reduction,US Army Corps of Engineers,OK10317S001,34.078202,-96.553237,Oklahoma,Bryan,Hendrix,,Red River,"Oklahoma, Congressional District 02",Chickasaw OTSA,No,No,,No,No,No,Yes,US Army Corps of Engineers,US Army Corps of Engineers,US Army Corps of Engineers,US Army Corps of Engineers,US Army Corps of Engineers,US Army Corps of Engineers,US Army Corps of Engineers,US Army Corps of Engineers,,,Earth,Earth,,,165,161,165,165,Greater than 100 feet,17200,18800000,1944,1940-1949,,5194163,5194163,2580386,86910,39719,1050000,None,0,0,0,0,,,,09/24/2026,12/10/2024,5,High,Not Available,,Normal Operations,11/20/2025,Yes,10/29/2025,Yes,https://www.swt.usace.army.mil/Locations/Tulsa-District-Lakes/Oklahoma/Lake-Texoma/,No
Stockton Dam,Stockton Lake,,MO30200,,MO30200,USACE - Kansas City District,Federal,Federal,0,No,,No,Flood Risk Reduction,Flood Risk Reduction;Other;Irrigation;Navigation;Fish and Wildlife Pond;Recreation;Hydroelectric;Water Supply,US Army Corps of Engineers,MO30200,37.691903579,-93.759503893,Missouri,Cedar,Caplinger Mills,,Sac River,"Missouri, Congressional District 04",,No,No,,No,No,No,Yes,US Army Corps of Engineers,US Army Corps of Engineers,US Army Corps of Engineers,US Army Corps of Engineers,US Army Corps of Engineers,US Army Corps of Engineers,US Army Corps of Engineers,US Army Corps of Engineers,,,Rockfill,Rockfill;Earth;Gravity,Earth,Rock and Soil,151,153,151,153,Greater than 100 feet,6100,9887000,1969,1960-1969,,1674000,1674000,892000,24900,1160,181000,Controlled,184,0,0,0,,,Tainter (radial)4,05/13/2026,06/12/2024,5,High,Not Available,,Normal Operations,11/20/2025,Yes,09/30/2020,Yes,https://www.nwk.usace.army.mil/Missions/Civil-Works/Dam-Safety-Program/,No
C-44 Reservoir,,,FL29000,,FL29000,SFWMD;USACE - Jacksonville District,Federal;Local Government,Federal,,No,"HDR, Inc.;USACE",No,Other,Other,US Army Corps of Engineers,,27.096819,-80.447044,Florida,Martin,Indiantown,3,C-44 (St. Lucie)-OS,"Florida, Congressional District 21",,Yes,Yes,Sfwmd,Yes,Yes,Yes,Yes,US Army Corps of Engineers,US Army Corps of Engineers,US Army Corps of Engineers,US Army Corps of Engineers,US Army Corps of Engineers,US Army Corps of Engineers,US Army Corps of Engineers,US Army Corps of Engineers,,,Earth,Earth,Earth,Soil,30,15,34,34,25-50 feet,49000,8000000,2021,Since 2000,,65650,65650,50600,3420,,1100,Controlled,39.5,0,0,0,,,,11/13/2025,09/11/2021,5,High,Not Available,,Not Applicable,,Yes,12/01/2021,No,,No
Mississippi River Lock and Dam 5,Pool 5,,MN00589,,MN00589,USACE - St. Paul District,Federal,Federal,0,No,CEMVP,No,Navigation,Navigation;Recreation,US Army Corps of Engineers,MN00589,44.16220898,-91.81015868,Minnesota,Buffalo,Minnesota City,5,Mississippi,"Wisconsin, Congressional District 03",,No,No,,No,No,No,Yes,US Army Corps of Engineers,US Army Corps of Engineers,US Army Corps of Engineers,US Army Corps of Engineers,US Army Corps of Engineers,US Army Corps of Engineers,US Army Corps of Engineers,US Army Corps of Engineers,,,Concrete,Concrete;Earth,Earth,Soil,22,26,43,43,25-50 feet,19600,1244000,1935,1930-1939,,106600,106600,57400,12580,58845,270000,Controlled,1340,1,600,110,,,Roller6;Tainter (radial)28,08/31/2026,06/07/2022,5,Significant,Not Available,,"Under Investigation, Planning, Permitting, or Design for Remediation",11/20/2025,Yes,05/01/1997,N/A,https://www.usace.army.mil/Missions/Civil-Works/Dam-Safety-Program/Article/2870967/dam-safety-program/,No
Great Salt Plains Dam,Great Salt Plains Lake,,OK10319,,OK10319,USACE - Tulsa District,Federal,Federal,0,No,CESWT,No,Flood Risk Reduction,Flood Risk Reduction;Other,US Army Corps of Engineers,OK10319,36.7483448990001,-98.138949055,Oklahoma,Alfalfa,Pond Creek,,Salt Fork of Arkansas River,"Oklahoma, Congressional District 03",,No,No,,No,No,No,Yes,US Army Corps of Engineers,US Army Corps of Engineers,US Army Corps of Engineers,US Army Corps of Engineers,US Army Corps of Engineers,US Army Corps of Engineers,US Army Corps of Engineers,US Army Corps of Engineers,,,Earth,Earth,Earth,Rock;Soil,68,56,68,68,51-100 feet,6010,2026000,1941,1940-1949,,990200,990200,31420,8690,3200,101800,Uncontrolled,310,0,0,0,,,Uncontrolled0,09/21/2026,04/12/2023,5,High,Not Available,,Normal Operations,11/22/2025,Yes,06/04/2025,Yes,https://www.swt.usace.army.mil/Locations/Tulsa-District-Lakes/Oklahoma/Great-Salt-Plains-Lake/,No
Old Hickory Lock and Dam,Old Hickory Lake,,TN03702,,TN03702,USACE - Nashville District,Federal,Federal,0,No,CELRN,No,Navigation,Navigation;Other;Recreation;Hydroelectric;Water Supply,US Army Corps of Engineers,TN03702,36.296401583,-86.655926197,Tennessee,Davidson,Nashville,,Cumberland River,"Tennessee, Congressional District 06",,No,No,,No,No,No,Yes,US Army Corps of Engineers,US Army Corps of Engineers,US Army Corps of Engineers,US Army Corps of Engineers,US Army Corps of Engineers,US Army Corps of Engineers,US Army Corps of Engineers,US Army Corps of Engineers,,,Concrete,Concrete;Earth;Gravity,Earth,Rock,,83,98,98,51-100 feet,3750,791000,1954,1950-1959,,545000,545000,420000,22500,11674,236000,Controlled,270,1,400,84,,,,09/01/2026,06/13/2023,5,High,Not Available,,"Under Investigation, Planning, Permitting, or Design for Remediation",04/25/2019,Yes,01/13/2023,Yes,https://www.usace.army.mil/Missions/Civil-Works/Dam-Safety-Program/Article/2870967/dam-safety-program/,No
Mississippi River Lock and Dam 10,Pool 10,,IA04014,,IA04014,USACE - St. Paul District,Federal,Federal,0,No,CEMVP,No,Navigation,Navigation;Recreation,US Army Corps of Engineers,IA04014,42.785796857,-91.09342942,Iowa,Clayton,Guttenberg,1,Mississippi River,"Iowa, Congressional District 02",,No,No,,No,No,No,Yes,US Army Corps of Engineers,US Army Corps of Engineers,US Army Corps of Engineers,US Army Corps of Engineers,US Army Corps of Engineers,US Army Corps of Engineers,US Army Corps of Engineers,US Army Corps of Engineers,,,Concrete,Concrete;Earth,Earth,Soil,20,33,43,43,25-50 feet,6788,356500,1937,1930-1939,,212000,212000,155000,17070,79370,308000,Controlled,5582,1,600,110,,,Roller4;Tainter (radial)8;Uncontrolled0,04/30/2026,07/11/2019,5,Significant,Not Available,,"Under Investigation, Planning, Permitting, or Design for Remediation",11/20/2025,Yes,06/01/1995,N/A,https://www.usace.army.mil/Missions/Civil-Works/Dam-Safety-Program/Article/2870967/dam-safety-program/,No
Millwood Dam,Millwood Lake,,AR00536,,AR00536,USACE - Little Rock District,Federal,Federal,1,No,"CESWT, CESWT",No,Flood Risk Reduction,Flood Risk Reduction;Recreation;Water Supply,US Army Corps of Engineers,AR00536,33.694479965,-93.961167638,Arkansas,Little River,Fulton,,Little,"Arkansas, Congressional District 04",,No,No,,No,No,No,Yes,US Army Corps of Engineers,US Army Corps of Engineers,US Army Corps of Engineers,US Army Corps of Engineers,US Army Corps of Engineers,US Army Corps of Engineers,US Army Corps of Engineers,US Army Corps of Engineers,,,Concrete,Concrete;Earth;Gravity,Earth,Rock;Soil,88,74,35,88,51-100 feet,14500,8000000,1966,1960-1969,,1854930,1854930,172000,29000,4144,473300,None,0,0,0,0,,,,09/28/2026,06/01/2022,5,High,Not Available,,Normal Operations,11/20/2025,Yes,07/17/2023,Yes,https://www.swl.usace.army.mil/Missions/Recreation/Lakes/Millwood-Lake/,No
Columbia Lock and Dam,,,LA00177,,LA00177,USACE - Vicksburg District,Federal,Federal,0,No,CEMVK,No,Navigation,Navigation;Recreation;Water Supply,US Army Corps of Engineers,LA00177,32.1667981380001,-92.110428533,Louisiana,Caldwell,Columbia,4,Ouachita River,"Louisiana, Congressional District 05",,No,No,,No,No,No,Yes,US Army Corps of Engineers,US Army Corps of Engineers,US Army Corps of Engineers,US Army Corps of Engineers,US Army Corps of Engineers,US Army Corps of Engineers,US Army Corps of Engineers,US Army Corps of Engineers,,,Gravity,Gravity,Earth,Soil,,53,90,90,51-100 feet,590,36000,1970,1970-1979,,156800,156800,94900,7070,15630,120000,Uncontrolled,400,1,600,84,,,,02/04/2026,05/10/2021,5,Significant,Not Available,,Normal Operations,11/20/2025,Yes,04/15/2025,N/A,https://www.usace.army.mil/Missions/Civil-Works/Dam-Safety-Program/Article/2870967/dam-safety-program/,No
Hulah Dam,Hulah Lake,,OK10312,,OK10312,USACE - Tulsa District,Federal,Federal,0,No,CESWT,No,Flood Risk Reduction,Flood Risk Reduction;Other;Water Supply,US Army Corps of Engineers,OK10312,36.928184663,-96.0882496359999,Oklahoma,Osage,Bartlesville,,Caney River,"Oklahoma, Congressional District 03",Osage Reservation,No,No,,No,No,No,Yes,US Army Corps of Engineers,US Army Corps of Engineers,US Army Corps of Engineers,US Army Corps of Engineers,US Army Corps of Engineers,US Army Corps of Engineers,US Army Corps of Engineers,US Army Corps of Engineers,,,Gravity,Gravity;Earth,Earth,Rock;Soil,94,86,94,94,51-100 feet,5200,2090000,1951,1950-1959,,289000,289000,3116,3570,732,266200,Controlled,472,0,0,0,,,,09/29/2026,07/11/2023,5,High,Not Available,,Normal Operations,05/12/2020,Yes,12/07/2023,Yes,https://www.swt.usace.army.mil/Locations/Tulsa-District-Lakes/Oklahoma/Hulah-Lake/,No
Melvern Dam,Melvern Lake,,KS00007,,KS00007,USACE - Kansas City District,Federal,Federal,0,No,CENWK,No,Flood Risk Reduction,Flood Risk Reduction;Recreation;Water Supply,US Army Corps of Engineers,KS00007,38.5144137440001,-95.713000504,Kansas,Osage,Melvern,,Marais Des Cygnes,"Kansas, Congressional District 02",,No,No,,No,No,No,Yes,US Army Corps of Engineers,US Army Corps of Engineers,US Army Corps of Engineers,US Army Corps of Engineers,US Army Corps of Engineers,US Army Corps of Engineers,US Army Corps of Engineers,US Army Corps of Engineers,,,Earth,Earth,Earth,Rock;Soil,,123,98,123,Greater than 100 feet,9750,8000000,1972,1970-1979,,363000,363000,154000,6930,349,35500,Uncontrolled,200,0,0,0,,,Uncontrolled0,06/02/2026,11/07/2024,5,High,Not Available,,Normal Operations,11/20/2025,Yes,09/30/2020,Yes,https://www.nwk.usace.army.mil/Missions/Civil-Works/Dam-Safety-Program/,No
Fall River Dam,Fall River Lake,,KS00003,,KS00003,USACE - Tulsa District,Federal,Federal,0,No,CESWT,No,Flood Risk Reduction,Flood Risk Reduction;Other;Water Supply,US Army Corps of Engineers,KS00003,37.650832919,-96.062906643,Kansas,Greenwood,Fall River,,Fall River,"Kansas, Congressional District 04",,No,No,,No,No,No,Yes,US Army Corps of Engineers,US Army Corps of Engineers,US Army Corps of Engineers,US Army Corps of Engineers,US Army Corps of Engineers,US Army Corps of Engineers,US Army Corps of Engineers,US Army Corps of Engineers,,,Gravity,Gravity;Earth,Earth,Rock;Soil,94,88,94,94,51-100 feet,6015,3600000,1948,1940-1949,,256400,256400,22627,2329,585,229000,Controlled,400,0,0,0,,,,09/29/2026,06/06/2023,5,High,Not Available,,"Under Investigation, Planning, Permitting, or Design for Remediation",11/20/2025,Yes,07/01/2022,Yes,https://www.swt.usace.army.mil/Locations/Tulsa-District-Lakes/Kansas/Fall-River-Lake/,No
Mississippi River Lock and Dam 8,Pool 8,,WI00803,,WI00803,USACE - St. Paul District,Federal,Federal,0,No,CEMVP,No,Navigation,Navigation;Recreation,US Army Corps of Engineers,WI00803,43.570401596,-91.231494716,Wisconsin,Houston,Victory,6,Mississippi River,"Minnesota, Congressional District 01",,No,No,,No,No,No,Yes,US Army Corps of Engineers,US Army Corps of Engineers,US Army Corps of Engineers,US Army Corps of Engineers,US Army Corps of Engineers,US Army Corps of Engineers,US Army Corps of Engineers,US Army Corps of Engineers,,,Concrete,Concrete;Earth,Earth,Soil,30,38,42,42,25-50 feet,18520,604700,1937,1930-1939,,260000,260000,105200,20800,64770,274000,Controlled,2750,1,600,110,,,Roller5;Tainter (radial)10;Uncontrolled0,08/18/2026,05/20/2026,5,Significant,Not Available,,Normal Operations,11/20/2025,Yes,08/01/1995,N/A,https://www.usace.army.mil/Missions/Civil-Works/Dam-Safety-Program/Article/2870967/dam-safety-program/,No
Beaver Dam,Beaver Lake,,AR00174,,AR00174,USACE - Little Rock District,Federal,Federal,1,No,CESWL,No,Flood Risk Reduction,Flood Risk Reduction;Recreation;Hydroelectric;Water Supply,US Army Corps of Engineers,AR00174,36.422211632,-93.847623254,Arkansas,Carroll,Beaver,,White,"Arkansas, Congressional District 03",,No,No,,No,No,No,Yes,US Army Corps of Engineers,US Army Corps of Engineers,US Army Corps of Engineers,US Army Corps of Engineers,US Army Corps of Engineers,US Army Corps of Engineers,US Army Corps of Engineers,US Army Corps of Engineers,,,Concrete,Concrete;Earth;Gravity,Earth,Rock,228,216,27,228,Greater than 100 feet,720,2480000,1963,1960-1969,,1952000,1952000,1652000,28220,1186,342000,None,0,0,0,0,,,,09/28/2026,06/09/2025,5,High,Not Available,,"Under Investigation, Planning, Permitting, or Design for Remediation",11/20/2025,Yes,02/05/2026,Yes,https://www.swl.usace.army.mil/Missions/Recreation/Lakes/Beaver-Lake/Dam-and-Lake-Information/,No
Copan Dam,Copan Lake,,OK21489,,OK21489,USACE - Tulsa District,Federal,Federal,1,No,CESWT,No,Flood Risk Reduction,Flood Risk Reduction;Other;Recreation;Water Supply,US Army Corps of Engineers,OK21489,36.884057845,-95.968633502,Oklahoma,Washington,Dewey,,Little Caney,"Oklahoma, Congressional District 02",Cherokee OTSA,No,No,,No,No,No,Yes,US Army Corps of Engineers,US Army Corps of Engineers,US Army Corps of Engineers,US Army Corps of Engineers,US Army Corps of Engineers,US Army Corps of Engineers,US Army Corps of Engineers,US Army Corps of Engineers,,,Earth,Earth;Gravity,Earth,Rock;Soil,73,67,73,73,51-100 feet,7730,3852800,1983,1980-1989,,338000,338000,43400,4850,505,199070,Controlled,495,0,0,0,,,,09/24/2026,05/07/2026,5,High,Not Available,,"Under Investigation, Planning, Permitting, or Design for Remediation",11/20/2025,Yes,08/19/2025,Yes,https://www.swt.usace.army.mil/Locations/Tulsa-District-Lakes/Oklahoma/Copan-Lake/,No
Oologah Dam,Oologah Lake,,OK10310,,OK10310,USACE - Tulsa District,Federal,Federal,1,No,CESWT,No,Flood Risk Reduction,Flood Risk Reduction;Other;Recreation;Water Supply,US Army Corps of Engineers,OK10310,36.4223542240001,-95.680188027,Oklahoma,Rogers,Catoosa,,Verdigris River,"Oklahoma, Congressional District 02",Cherokee OTSA,No,No,,No,No,No,Yes,US Army Corps of Engineers,US Army Corps of Engineers,US Army Corps of Engineers,US Army Corps of Engineers,US Army Corps of Engineers,US Army Corps of Engineers,US Army Corps of Engineers,US Army Corps of Engineers,,,Gravity,Gravity;Earth,Earth,Rock,137,130,137,137,Greater than 100 feet,4328,5900000,1963,1960-1969,,1559270,1559270,552210,31040,4339,236600,Controlled,280,0,0,0,,,Vertical Lift0,10/01/2026,10/10/2023,5,High,Not Available,,Normal Operations,11/20/2025,Yes,04/14/2026,Yes,https://www.swt.usace.army.mil/Locations/Tulsa-District-Lakes/Oklahoma/Oologah-Lake/,No
Dillon Dam - Nashport Dike,,,OH00007,S001,OH00007S001,USACE - Huntington District,Federal,Federal,0,Yes,,No,Flood Risk Reduction,Flood Risk Reduction,US Army Corps of Engineers,OH00007S001,40.0749494550001,-82.156910322,Ohio,Muskingum,Zanesville,,Licking River,"Ohio, Congressional District 12",,No,No,,No,No,No,Yes,US Army Corps of Engineers,US Army Corps of Engineers,US Army Corps of Engineers,US Army Corps of Engineers,US Army Corps of Engineers,US Army Corps of Engineers,US Army Corps of Engineers,US Army Corps of Engineers,,,Earth,Earth,,,48,,,48,25-50 feet,1600,,1959,1950-1959,,154000,154000,0,0,,,,,,,,,,,07/31/2026,09/09/2024,5,High,Not Available,,Normal Operations,11/20/2025,Yes,06/16/2020,Yes,https://www.lrh.usace.army.mil/Missions/Civil-Works/Dam-Safety-Program/,No
Hillsdale Dam,Hillsdale Lake,,KS82201,,KS82201,USACE - Kansas City District,Federal,Federal,0,No,CENWK,No,Flood Risk Reduction,Flood Risk Reduction;Other;Fish and Wildlife Pond;Recreation;Water Supply,US Army Corps of Engineers,KS82201,38.6536320970001,-94.9050695459999,Kansas,Miami,Paola,,Big Bull Creek,"Kansas, Congressional District 03",,No,No,,No,No,No,Yes,US Army Corps of Engineers,US Army Corps of Engineers,US Army Corps of Engineers,US Army Corps of Engineers,US Army Corps of Engineers,US Army Corps of Engineers,US Army Corps of Engineers,US Army Corps of Engineers,,,Earth,Earth,Earth,Rock;Soil,,100,105,105,Greater than 100 feet,11640,7318887,1981,1980-1989,,160000,160000,76000,4580,144,4750,Uncontrolled,50,0,0,0,,,Uncontrolled0,05/19/2026,03/26/2025,5,High,Not Available,,Normal Operations,11/20/2025,Yes,09/30/2020,Yes,https://www.nwk.usace.army.mil/Missions/Civil-Works/Dam-Safety-Program/,No
Tenkiller Ferry Dam,Tenkiller Dam;Tenkiller Ferry Lake;Tenkiller Lake,,OK10311,,OK10311,USACE - Tulsa District,Federal,Federal,1,No,CESWT,No,Flood Risk Reduction,Flood Risk Reduction;Hydroelectric,US Army Corps of Engineers,OK10311,35.5937412070001,-95.037936378,Oklahoma,Sequoyah,Gore,,Illinois River,"Oklahoma, Congressional District 02",Cherokee OTSA,No,No,,No,No,No,Yes,US Army Corps of Engineers,US Army Corps of Engineers,US Army Corps of Engineers,US Army Corps of Engineers,US Army Corps of Engineers,US Army Corps of Engineers,US Army Corps of Engineers,US Army Corps of Engineers,,,Gravity,Gravity;Earth,Earth,Rock,197,192,197,197,Greater than 100 feet,4940,75050,1952,1950-1959,,1230800,1230800,654100,12900,1610,290400,Controlled,590,0,0,0,,,Vertical Lift0,09/24/2026,03/05/2024,5,High,Not Available,,Normal Operations,11/20/2025,Yes,03/05/2026,Yes,https://www.swt.usace.army.mil/Locations/Tulsa-District-Lakes/Oklahoma/Tenkiller-Lake/,No
Mississippi River Lock and Dam 6,Pool 6,,WI00802,,WI00802,USACE - St. Paul District,Federal,Federal,0,No,CEMVP,No,Navigation,Navigation;Recreation,US Army Corps of Engineers,WI00802,43.99868744,-91.43843022,Wisconsin,Winona,Trempealeau,2,Mississippi River,"Minnesota, Congressional District 01",,No,No,,No,No,No,Yes,US Army Corps of Engineers,US Army Corps of Engineers,US Army Corps of Engineers,US Army Corps of Engineers,US Army Corps of Engineers,US Army Corps of Engineers,US Army Corps of Engineers,US Army Corps of Engineers,,,Concrete,Concrete;Earth,Earth,Soil,17,26,40,40,25-50 feet,4865,271700,1936,1930-1939,,180000,180000,41000,8870,60030,268000,Controlled,1750,1,600,110,,,Roller5;Tainter (radial)10;Uncontrolled0,04/30/2026,05/23/2024,5,Significant,Not Available,,Normal Operations,11/20/2025,Yes,04/01/1996,N/A,https://www.usace.army.mil/Missions/Civil-Works/Dam-Safety-Program/Article/2870967/dam-safety-program/,No
Hugo Dam,Hugo Lake,,OK10300,,OK10300,USACE - Tulsa District,Federal,Federal,0,No,CESWT,No,Flood Risk Reduction,Flood Risk Reduction;Other;Recreation;Water Supply,US Army Corps of Engineers,OK10300,34.0104337110001,-95.381568908,Oklahoma,Choctaw,Sawyer,,Kiamichi River,"Oklahoma, Congressional District 02",Choctaw OTSA,No,No,,No,No,No,Yes,US Army Corps of Engineers,US Army Corps of Engineers,US Army Corps of Engineers,US Army Corps of Engineers,US Army Corps of Engineers,US Army Corps of Engineers,US Army Corps of Engineers,US Army Corps of Engineers,,,Gravity,Gravity;Earth,Earth,Rock;Soil,101,94,101,101,Greater than 100 feet,10200,2655000,1974,1970-1979,,1274107,1274107,158617,13144,1434,365000,Controlled,300,0,0,0,,,,09/29/2026,03/26/2026,5,High,Not Available,,Normal Operations,11/20/2025,Yes,04/14/2026,Yes,https://www.swt.usace.army.mil/Locations/Tulsa-District-Lakes/Oklahoma/Hugo-Lake/,No
Hansen Dam,Hansen Reservoir,,CA10019,,CA10019,USACE - Los Angeles District,Federal,Federal,0,No,CESPL,No,Flood Risk Reduction,Flood Risk Reduction;Recreation,US Army Corps of Engineers,CA10019,34.2609810290001,-118.386759104,California,Los Angeles,Los Angeles,,Tujunga Wash,"California, Congressional District 30",,No,No,,No,No,No,Yes,US Army Corps of Engineers,US Army Corps of Engineers,US Army Corps of Engineers,US Army Corps of Engineers,US Army Corps of Engineers,US Army Corps of Engineers,US Army Corps of Engineers,US Army Corps of Engineers,,,Earth,Earth,,,97,92,,97,51-100 feet,10475,0,1940,1940-1949,,44990,44990,0,1,152,101000,Uncontrolled,284,0,0,0,,,Vertical Lift0,10/02/2026,06/25/2026,5,High,Not Available,,"Under Investigation, Planning, Permitting, or Design for Remediation",11/20/2025,Yes,04/22/2025,Yes,https://www.usace.army.mil/Missions/Civil-Works/Dam-Safety-Program/Article/2870967/dam-safety-program/,No
Mississippi River Lock and Dam 9,Lock & Dam 9 (Winthrop Rockfeller),,WI00733,,WI00733,USACE - St. Paul District,Federal,Federal,0,No,CEMVP,No,Navigation,Navigation;Recreation,US Army Corps of Engineers,WI00733,43.21222956,-91.100146222,Wisconsin,Allamakee,Prairie Du Chien,12,Mississippi River,"Iowa, Congressional District 02",,No,No,,No,No,No,Yes,US Army Corps of Engineers,US Army Corps of Engineers,US Army Corps of Engineers,US Army Corps of Engineers,US Army Corps of Engineers,US Army Corps of Engineers,US Army Corps of Engineers,US Army Corps of Engineers,,,Concrete,Concrete;Earth,Earth,Soil,18,32,46,46,25-50 feet,9087,524200,1937,1930-1939,,470000,470000,197000,29125,66610,278000,Controlled,680,1,600,110,,,Roller5;Tainter (radial)8;Uncontrolled0,04/29/2026,08/08/2019,5,Significant,Not Available,,Normal Operations,11/20/2025,Yes,07/01/1995,N/A,https://www.usace.army.mil/Missions/Civil-Works/Dam-Safety-Program/Article/2870967/dam-safety-program/,No
Townshend Dam,Townshend Lake,,VT00004,,VT00004,USACE - New England District,Federal,Federal,0,No,CENAE,No,Flood Risk Reduction,Flood Risk Reduction;Recreation;Hydroelectric,US Army Corps of Engineers,VT00004,43.0519246530001,-72.7038576539999,Vermont,Windham,Townshend,,West River,"Vermont, Congressional District 00",,No,No,,No,No,No,Yes,US Army Corps of Engineers,US Army Corps of Engineers,US Army Corps of Engineers,US Army Corps of Engineers,US Army Corps of Engineers,US Army Corps of Engineers,US Army Corps of Engineers,US Army Corps of Engineers,,,Rockfill,Rockfill;Earth;Gravity,Earth,Rock;Soil,126,121,126,126,Greater than 100 feet,1700,1233800,1961,1960-1969,,54300,54300,800,95,278,201000,Uncontrolled,439,0,0,0,,,,08/03/2026,06/06/2022,5,High,Not Available,,Normal Operations,11/20/2025,Yes,03/29/2021,Yes,https://www.nae.usace.army.mil/Missions/Civil-Works/Flood-Risk-Management/Vermont/Townshend/,No
Jim Woodruff Lock and Dam,Lake Seminole,,FL00435,,FL00435,USACE - Mobile District,Federal,Federal,0,No,CESAM,No,Navigation,Navigation;Recreation;Hydroelectric;Flood Risk Reduction,US Army Corps of Engineers,FL00435,30.7086127950001,-84.864059636,Florida,Jackson,Chattahochee Fla,1,Apalachicola,"Florida, Congressional District 02",,Yes,Yes,Fdep,Yes,Yes,Yes,Yes,US Army Corps of Engineers,US Army Corps of Engineers,US Army Corps of Engineers,US Army Corps of Engineers,US Army Corps of Engineers,US Army Corps of Engineers,US Army Corps of Engineers,US Army Corps of Engineers,,,Gravity,Gravity;Earth,,,67,53,92,92,51-100 feet,7000,1360000,1954,1950-1959,,406200,406200,406200,37500,17200,1210800,Controlled,2224,1,450,82,,,,09/15/2026,07/31/2025,5,High,Not Available,,"Under Investigation, Planning, Permitting, or Design for Remediation",11/20/2025,Yes,06/23/2022,Yes,https://www.sam.usace.army.mil/Missions/Civil-Works/Recreation/Lake-Seminole/,No
Willow Creek Dam,Willow Creek Lake,,OR00746,,OR00746,USACE - Portland District,Federal,Federal,0,No,,No,Flood Risk Reduction,Flood Risk Reduction;Other;Irrigation;Recreation,US Army Corps of Engineers,OR00746,45.3470498080001,-119.544530776,Oregon,Morrow,Heppner,,Willow Creek,"Oregon, Congressional District 02",,No,No,,No,No,No,Yes,US Army Corps of Engineers,US Army Corps of Engineers,US Army Corps of Engineers,US Army Corps of Engineers,US Army Corps of Engineers,US Army Corps of Engineers,US Army Corps of Engineers,US Army Corps of Engineers,,,,,Concrete,Rock,159,158,160,160,Greater than 100 feet,1780,403000,1982,1980-1989,,14091,14091,4326,269,96,91700,Uncontrolled,380,0,0,0,,,None0,09/17/2026,07/13/2022,5,High,Not Available,,Normal Operations,11/20/2025,Yes,08/25/2020,Yes,https://www.nwp.usace.army.mil/willow-creek/,No
Webbers Falls Lock and Dam,Webbers Falls Lock and Dam,Lock and Dam 16,OK10304,,OK10304,USACE - Tulsa District,Federal,Federal,0,No,CESWT,No,Navigation,Navigation;Hydroelectric,US Army Corps of Engineers,OK10304,35.5539689,-95.168714308,Oklahoma,Muskogee,Webbers Falls,,Arkansas River,"Oklahoma, Congressional District 02",Cherokee OTSA,No,No,,No,No,No,Yes,US Army Corps of Engineers,US Army Corps of Engineers,US Army Corps of Engineers,US Army Corps of Engineers,US Army Corps of Engineers,US Army Corps of Engineers,US Army Corps of Engineers,US Army Corps of Engineers,,,Gravity,Gravity;Earth,Earth,Rock;Soil,84,80,84,84,51-100 feet,4370,2094000,1970,1970-1979,,170100,170100,170100,11640,97033,1200000,Controlled,600,1,600,110,,,,09/29/2026,07/29/2026,5,Significant,Not Available,,Under Remediation,11/20/2025,Yes,07/30/2024,N/A,https://www.swt.usace.army.mil/Locations/Tulsa-District-Lakes/Oklahoma/Webbers-Falls-Lock-and-Dam/,No
Eufaula Dam,Eufaula Lake,,OK10308,,OK10308,USACE - Tulsa District,Federal,Federal,0,No,CESWT,No,Flood Risk Reduction,Flood Risk Reduction;Other;Recreation;Hydroelectric;Water Supply,US Army Corps of Engineers,OK10308,35.304496214,-95.360252316,Oklahoma,Haskell,Whitefield,,Canadian River,"Oklahoma, Congressional District 02",Choctaw OTSA,No,No,,No,No,No,Yes,US Army Corps of Engineers,US Army Corps of Engineers,US Army Corps of Engineers,US Army Corps of Engineers,US Army Corps of Engineers,US Army Corps of Engineers,US Army Corps of Engineers,US Army Corps of Engineers,,,Gravity,Gravity;Earth,Earth,Rock;Soil,114,106,114,114,Greater than 100 feet,3200,3850600,1964,1960-1969,,3825400,3825400,2314600,143000,8405,465000,Controlled,520,0,0,0,,,,09/29/2026,04/05/2022,5,High,Not Available,,Normal Operations,11/20/2025,Yes,12/04/2023,Yes,https://www.swt.usace.army.mil/Locations/Tulsa-District-Lakes/Oklahoma/Eufaula-Lake/,No
Pine River Dam,Pine River Reservoir,Crosslake Dam,MN00582,,MN00582,USACE - St. Paul District,Federal,Federal,1,No,CEMVP,No,Recreation,Recreation;Other;Navigation;Fish and Wildlife Pond;Water Supply;Flood Risk Reduction,US Army Corps of Engineers,MN00582,46.6691157180001,-94.112817779,Minnesota,Crow Wing,Cross Lake,,Pine River,"Minnesota, Congressional District 08",,No,No,,No,No,No,Yes,US Army Corps of Engineers,US Army Corps of Engineers,US Army Corps of Engineers,US Army Corps of Engineers,US Army Corps of Engineers,US Army Corps of Engineers,US Army Corps of Engineers,US Army Corps of Engineers,,,Concrete,Concrete;Multi-Arch;Earth;Gravity,Earth,Soil,23,20,22,23,Less than 25 feet,1553,112300,1886,Before 1900,,187700,187700,101340,13700,562,16300,Controlled,0,0,0,0,,,Slide (sluice gate)13,08/07/2026,05/11/2023,5,High,Not Available,,Normal Operations,11/20/2025,Yes,09/01/1990,Yes,https://www.usace.army.mil/Missions/Civil-Works/Dam-Safety-Program/Article/2870967/dam-safety-program/,No
Fullerton Dam,Fullerton Reservoir,,CA10018,,CA10018,USACE - Los Angeles District,Federal,Federal,0,No,CESPL,No,Flood Risk Reduction,Flood Risk Reduction;Recreation,US Army Corps of Engineers,CA10018,33.896482802,-117.885870054,California,Orange,Fullerton,,East Fullerton Creek,"California, Congressional District 45",,No,No,,No,No,No,Yes,US Army Corps of Engineers,US Army Corps of Engineers,US Army Corps of Engineers,US Army Corps of Engineers,US Army Corps of Engineers,US Army Corps of Engineers,US Army Corps of Engineers,US Army Corps of Engineers,,,Earth,Earth,,,46,37,,46,25-50 feet,575,0,1941,1940-1949,,1342,1342,0,1,5,3640,Uncontrolled,40,0,0,0,,,Vertical Lift0,10/02/2026,05/27/2025,5,High,Not Available,,Normal Operations,11/22/2025,Yes,04/22/2025,Yes,https://www.usace.army.mil/Missions/Civil-Works/Dam-Safety-Program/Article/2870967/dam-safety-program/,No
Atwood Dam,Atwood Lake,,OH00006,,OH00006,USACE - Huntington District,Federal,Federal,0,No,CELRH,No,Flood Risk Reduction,Flood Risk Reduction;Fish and Wildlife Pond;Recreation,US Army Corps of Engineers,OH00006,40.5266258,-81.2861344039999,Ohio,Tuscarawas,New Cumberland,4,Indian Fork of Conotton Creek,"Ohio, Congressional District 06",,No,No,,No,No,No,Yes,US Army Corps of Engineers,US Army Corps of Engineers,US Army Corps of Engineers,US Army Corps of Engineers,US Army Corps of Engineers,US Army Corps of Engineers,US Army Corps of Engineers,US Army Corps of Engineers,,,Earth,Earth,Earth,Rock;Soil,,55,65,65,51-100 feet,3700,276200,1936,1930-1939,,49700,49700,23600,1540,70,12800,Uncontrolled,95,0,0,0,,,Slide (sluice gate)3,10/01/2026,05/20/2026,5,High,Not Available,,"Under Investigation, Planning, Permitting, or Design for Remediation",11/20/2025,Yes,11/03/2020,Yes,https://www.lrh.usace.army.mil/Missions/Civil-Works/Dam-Safety-Program/,No
Smithville Dam,Smithville Lake,,MO12084,,MO12084,USACE - Kansas City District,Federal,Federal,0,No,,No,Flood Risk Reduction,Flood Risk Reduction;Other;Fish and Wildlife Pond;Recreation;Water Supply,US Army Corps of Engineers,MO12084,39.396021863,-94.5561632499999,Missouri,Clay,Smithville,,Little Platte River,"Missouri, Congressional District 06",,No,No,,No,No,No,Yes,US Army Corps of Engineers,US Army Corps of Engineers,US Army Corps of Engineers,US Army Corps of Engineers,US Army Corps of Engineers,US Army Corps of Engineers,US Army Corps of Engineers,US Army Corps of Engineers,,,Earth,Earth,,,,75,105,105,Greater than 100 feet,4000,4090851,1979,1970-1979,,246500,246500,144600,7190,213,4830,Uncontrolled,50,0,0,0,,,,05/13/2026,04/24/2024,5,High,Not Available,,Normal Operations,11/20/2025,Yes,02/02/2021,Yes,https://www.nwk.usace.army.mil/Missions/Civil-Works/Dam-Safety-Program/,No
Newt Graham Lock and Dam,Newt Graham Lock and Dam,Lock and Dam 18,OK10302,,OK10302,USACE - Tulsa District,Federal,Federal,0,No,CESWT,No,Navigation,Navigation,US Army Corps of Engineers,OK10302,36.058634984,-95.537668336,Oklahoma,Wagoner,Okay,,Verdigris River,"Oklahoma, Congressional District 02",Creek OTSA,No,No,,No,No,No,Yes,US Army Corps of Engineers,US Army Corps of Engineers,US Army Corps of Engineers,US Army Corps of Engineers,US Army Corps of Engineers,US Army Corps of Engineers,US Army Corps of Engineers,US Army Corps of Engineers,,,Gravity,Gravity;Concrete;Earth,Earth,Rock;Soil,48,45,48,48,25-50 feet,7367,618660,1970,1970-1979,,23500,23500,23500,1490,2034,155000,Controlled,220,1,600,110,,,,09/29/2026,05/29/2025,5,Significant,Not Available,,Normal Operations,11/20/2025,Yes,10/29/2025,N/A,https://www.swt.usace.army.mil/Locations/Tulsa-District-Lakes/Oklahoma/Newt-Graham-Lock-and-Dam/,No
Leech Dam,Leech Lake,,MN00585,,MN00585,USACE - St. Paul District,Federal,Federal,0,No,CEMVP,No,Recreation,Recreation;Other;Navigation;Fish and Wildlife Pond;Water Supply;Flood Risk Reduction,US Army Corps of Engineers,MN00585,47.2477998350001,-94.221691242,Minnesota,Cass,Federal Dam,1,Leech River,"Minnesota, Congressional District 08",Leech Lake Reservation,No,No,,No,No,No,Yes,US Army Corps of Engineers,US Army Corps of Engineers,US Army Corps of Engineers,US Army Corps of Engineers,US Army Corps of Engineers,US Army Corps of Engineers,US Army Corps of Engineers,US Army Corps of Engineers,,,Concrete,Concrete;Earth,Earth,Soil,13,11,13,13,Less than 25 feet,3314,0,1885,Before 1900,,680000,680000,490000,117500,1163,1500,Controlled,152,0,0,0,,,Other Controlled21;Slide (sluice gate)5,09/22/2026,06/25/2026,5,Significant,Not Available,,Normal Operations,11/20/2025,Yes,,Yes,https://www.usace.army.mil/Missions/Civil-Works/Dam-Safety-Program/Article/2870967/dam-safety-program/,No
Waurika Dam,Waurika Lake,,OK22203,,OK22203,USACE - Tulsa District,Federal,Federal,0,No,CESWT,No,Flood Risk Reduction,Flood Risk Reduction;Other;Irrigation;Recreation;Water Supply,US Army Corps of Engineers,OK22203,34.2357210640001,-98.053673567,Oklahoma,Jefferson,Waurika,,Beaver Creek,"Oklahoma, Congressional District 04",Kiowa-Comanche-Apache-Fort Sill Apache OTSA,No,No,,No,No,No,Yes,US Army Corps of Engineers,US Army Corps of Engineers,US Army Corps of Engineers,US Army Corps of Engineers,US Army Corps of Engineers,US Army Corps of Engineers,US Army Corps of Engineers,US Army Corps of Engineers,,,Earth,Earth,Earth,Rock;Soil,106,99,106,106,Greater than 100 feet,16637,9092600,1977,1970-1979,,935480,935480,190200,10100,562,50500,Uncontrolled,300,0,0,0,,,,09/24/2026,02/12/2026,5,High,Not Available,,Normal Operations,11/20/2025,Yes,05/30/2024,Yes,https://www.swt.usace.army.mil/Locations/Tulsa-District-Lakes/Oklahoma/Waurika-Lake/,No
Mississippi River Lock and Dam 4,Pool 4,,WI00727,,WI00727,USACE - St. Paul District,Federal,Federal,0,No,CEMVP,No,Navigation,Navigation;Recreation,US Army Corps of Engineers,WI00727,44.32459285,-91.92265881,Wisconsin,Wabasha,Alma,1,Mississippi,"Minnesota, Congressional District 01",,No,No,,No,No,No,Yes,US Army Corps of Engineers,US Army Corps of Engineers,US Army Corps of Engineers,US Army Corps of Engineers,US Army Corps of Engineers,US Army Corps of Engineers,US Army Corps of Engineers,US Army Corps of Engineers,,,Concrete,Concrete;Earth,Earth,Soil,22,27,42,42,25-50 feet,7270,484000,1935,1930-1939,,878000,878000,590000,38820,57100,269000,Controlled,1130,1,600,110,,,Roller6;Tainter (radial)22,04/29/2026,06/08/2022,5,Significant,Not Available,,Normal Operations,11/20/2025,Yes,06/01/1997,N/A,https://www.usace.army.mil/Missions/Civil-Works/Dam-Safety-Program/Article/2870967/dam-safety-program/,No
West Hill Dam - Dike D,Dry Reservoir,,MA00971,S001,MA00971S001,USACE - New England District,Federal,Federal,0,Yes,,No,Flood Risk Reduction,Flood Risk Reduction;Recreation,US Army Corps of Engineers,MA00971S001,42.1050000000001,-71.605003,Massachusetts,Worcester,Uxbridge,,West River,"Massachusetts, Congressional District 02",,No,No,,No,No,No,Yes,US Army Corps of Engineers,US Army Corps of Engineers,US Army Corps of Engineers,US Army Corps of Engineers,US Army Corps of Engineers,US Army Corps of Engineers,US Army Corps of Engineers,US Army Corps of Engineers,No,N/A,Gravity,Gravity;Earth,,,48,43,48,48,25-50 feet,2400,329800,1961,1960-1969,,29500,29500,0,1,28,8900,Uncontrolled,50,0,0,0,,,,01/08/2026,06/14/2021,5,High,Not Available,,Normal Operations,11/20/2025,Yes,03/13/2020,Yes,https://www.nae.usace.army.mil/Missions/Civil-Works/Flood-Risk-Management/Massachusetts/West-Hill/,No
Cochiti Dam,Cochiti Lake,,NM00404,,NM00404,USACE - Albuquerque District,Federal,Federal,0,No,CESPA,No,Flood Risk Reduction,Flood Risk Reduction;Other;Recreation,US Army Corps of Engineers,NM00404,35.6165759240001,-106.317835804,New Mexico,Sandoval,Cochiti Pueblo,2,Rio Grande & Santa Fe,"New Mexico, Congressional District 03",Pueblo de Cochiti,No,No,,No,No,No,Yes,US Army Corps of Engineers,US Army Corps of Engineers,US Army Corps of Engineers,US Army Corps of Engineers,US Army Corps of Engineers,US Army Corps of Engineers,US Army Corps of Engineers,US Army Corps of Engineers,,,Earth,Earth,Earth,,251,246,251,251,Greater than 100 feet,28300,65000000,1975,1970-1979,,722000,722000,50130,1200,14635,136360,Uncontrolled,460,0,0,0,,,Vertical Lift0,09/01/2026,06/03/2026,5,High,Not Available,,Normal Operations,11/20/2025,Yes,10/09/2024,Yes,https://www.spa.usace.army.mil/Missions/Civil-Works/Recreation/Cochiti-Lake/,No
Westville Dam,Westville Lake,,MA00972,,MA00972,USACE - New England District,Federal,Federal,0,No,CENAE,No,Flood Risk Reduction,Flood Risk Reduction;Recreation,US Army Corps of Engineers,MA00972,42.082238546,-72.058183589,Massachusetts,Worcester,Southbridge,,Quinebaug River,"Massachusetts, Congressional District 01",,No,No,,No,No,No,Yes,US Army Corps of Engineers,US Army Corps of Engineers,US Army Corps of Engineers,US Army Corps of Engineers,US Army Corps of Engineers,US Army Corps of Engineers,US Army Corps of Engineers,US Army Corps of Engineers,,,Rockfill,Rockfill;Earth;Gravity,Earth,Rock;Soil,72,67,72,72,51-100 feet,560,263000,1962,1960-1969,,24000,24000,100,23,100,24500,Uncontrolled,200,0,0,0,,,,01/08/2026,06/09/2025,5,High,Not Available,,Normal Operations,11/20/2025,Yes,08/31/2020,Yes,https://www.nae.usace.army.mil/Missions/Civil-Works/Flood-Risk-Management/Massachusetts/Westville/,No
Pleasant Hill Dam - Auxiliary Spillway Fuse Plug Dike,,,OH00001,S001,OH00001S001,USACE - Huntington District,Federal,Federal,,Yes,,No,Flood Risk Reduction,Flood Risk Reduction,US Army Corps of Engineers,OH00001S001,40.647872,-82.321456,Ohio,Ashland,Perryville,,Clear Fork of Mohican River,"Ohio, Congressional District 04",,No,No,,No,No,No,Yes,US Army Corps of Engineers,US Army Corps of Engineers,US Army Corps of Engineers,US Army Corps of Engineers,US Army Corps of Engineers,US Army Corps of Engineers,US Army Corps of Engineers,US Army Corps of Engineers,,,Earth,Earth,Earth,Soil,5,5,11,11,Less than 25 feet,415,,2001,Since 2000,,0,,,,,55000,Uncontrolled,415,,,,,,,10/01/2026,08/27/2020,5,High,Not Available,,"Under Investigation, Planning, Permitting, or Design for Remediation",11/20/2025,Yes,12/18/2020,No,https://www.lrh.usace.army.mil/Missions/Civil-Works/Dam-Safety-Program/,No
Pomona Dam,Pomona Lake,,KS00010,,KS00010,USACE - Kansas City District,Federal,Federal,0,No,CENWK,No,Flood Risk Reduction,Flood Risk Reduction;Other;Fish and Wildlife Pond;Recreation,US Army Corps of Engineers,KS00010,38.650792928,-95.558689775,Kansas,Osage,Ottawa,,Hundred Ten Mile Creek,"Kansas, Congressional District 02",,No,No,,No,No,No,Yes,US Army Corps of Engineers,US Army Corps of Engineers,US Army Corps of Engineers,US Army Corps of Engineers,US Army Corps of Engineers,US Army Corps of Engineers,US Army Corps of Engineers,US Army Corps of Engineers,,,Rockfill,Rockfill;Earth,Earth,Soil,,111,110,111,Greater than 100 feet,7750,5200000,1963,1960-1969,,254600,254600,70600,4000,322,50300,Uncontrolled,200,0,0,0,,,Uncontrolled0,06/02/2026,10/18/2021,5,High,Not Available,,Normal Operations,11/20/2025,Yes,09/30/2020,Yes,https://www.nwk.usace.army.mil/Missions/Civil-Works/Dam-Safety-Program/,No
Truscott Brine Dam,Truscott Brine Dam,,TX05996,,TX05996,USACE - Tulsa District,Federal,Federal,0,No,CESWT,No,Other,Other,US Army Corps of Engineers,TX05996,33.7969280450001,-99.834797813,Texas,Knox,Truscott,,South Fork Wichita River,"Texas, Congressional District 13",,No,No,,No,No,No,Yes,US Army Corps of Engineers,US Army Corps of Engineers,US Army Corps of Engineers,US Army Corps of Engineers,US Army Corps of Engineers,US Army Corps of Engineers,US Army Corps of Engineers,US Army Corps of Engineers,,,Earth,Earth,Earth,Rock;Soil,107,102,107,107,Greater than 100 feet,16080,12751000,1983,1980-1989,,116200,116200,107000,2980,26,35400,Uncontrolled,1000,0,0,0,,,None0,09/24/2026,12/05/2023,5,High,Not Available,,Normal Operations,11/20/2025,Yes,10/22/2024,Yes,https://www.swt.usace.army.mil/Locations/Tulsa-District-Lakes/Texas/Truscott-Lake/,No
Birch Hill Dam - Winchendon Dike,Dry Reservoir,,MA00963,S001,MA00963S001,USACE - New England District,Federal,Federal,0,Yes,,No,Flood Risk Reduction,Flood Risk Reduction,US Army Corps of Engineers,MA00963S001,42.6316261150001,-72.1254191849999,Massachusetts,Worcester,Athol,,Millers River,"Massachusetts, Congressional District 02",,No,No,,No,No,No,Yes,US Army Corps of Engineers,US Army Corps of Engineers,US Army Corps of Engineers,US Army Corps of Engineers,US Army Corps of Engineers,US Army Corps of Engineers,US Army Corps of Engineers,US Army Corps of Engineers,,,Rockfill,Rockfill;Earth,,,49,44,49,49,25-50 feet,1400,376300,1942,1940-1949,,76000,76000,0,1,175,56600,Uncontrolled,1190,0,0,0,,,,05/19/2026,10/19/2021,5,High,Not Available,,Normal Operations,11/20/2025,Yes,09/15/2022,No,https://www.nae.usace.army.mil/Missions/Civil-Works/Flood-Risk-Management/Massachusetts/Birch-Hill/,No
Clinton Dam,Clinton Lake,,KS00026,,KS00026,USACE - Kansas City District,Federal,Federal,0,No,CENWK,No,Flood Risk Reduction,Flood Risk Reduction;Fish and Wildlife Pond;Recreation;Water Supply,US Army Corps of Engineers,KS00026,38.923328,-95.330002,Kansas,Douglas,Eudora,5,Wakarusa River,"Kansas, Congressional District 02",,No,No,,No,No,No,Yes,US Army Corps of Engineers,US Army Corps of Engineers,US Army Corps of Engineers,US Army Corps of Engineers,US Army Corps of Engineers,US Army Corps of Engineers,US Army Corps of Engineers,US Army Corps of Engineers,,,Rockfill,Rockfill;Earth,Earth,Soil,,116,114,116,Greater than 100 feet,9250,10595000,1977,1970-1979,,368700,368700,110400,7000,367,53000,Uncontrolled,500,0,0,0,,,Uncontrolled0,05/13/2026,10/26/2022,5,High,Not Available,,Normal Operations,11/20/2025,Yes,09/30/2020,Yes,https://www.nwk.usace.army.mil/Missions/Civil-Works/Dam-Safety-Program/,No
Wright Patman Dam - Saddle Dike,,,TX00021,S001,TX00021S001,USACE - Fort Worth District,Federal,Federal,,Yes,,No,Flood Risk Reduction,Flood Risk Reduction,US Army Corps of Engineers,TX00021,33.286557,-94.158724,Texas,Cass,Texarkana,,Sulphur River,"Texas, Congressional District 01",,No,No,,No,No,No,Yes,US Army Corps of Engineers,US Army Corps of Engineers,US Army Corps of Engineers,US Army Corps of Engineers,US Army Corps of Engineers,US Army Corps of Engineers,US Army Corps of Engineers,US Army Corps of Engineers,,,Earth,Earth,,,33,28,33,33,25-50 feet,6150,,1953,1950-1959,,2650000,2650000,145300,20300,,,,,0,0,0,0,0,,09/11/2026,02/24/2022,5,High,Not Available,,Normal Operations,11/20/2025,Yes,04/26/2024,No,,No
Kaukauna Locks and Dam,Fox River,,WI00080,,WI00080,USACE - Chicago District;Wisconsin DNR,Federal;State,Federal,0,No,CELRE,No,Flood Risk Reduction,Flood Risk Reduction;Navigation;Recreation;Hydroelectric;Water Supply,US Army Corps of Engineers,WI00080,44.281139716,-88.2710665319999,Wisconsin,Outagamie,Kaukauna,,Fox,"Wisconsin, Congressional District 08",,No,No,,No,No,No,Yes,US Army Corps of Engineers,US Army Corps of Engineers,US Army Corps of Engineers,US Army Corps of Engineers,US Army Corps of Engineers;Federal Energy Regulatory Commission,US Army Corps of Engineers;Federal Energy Regulatory Commission,US Army Corps of Engineers,US Army Corps of Engineers,,,Concrete,Concrete;Gravity,Concrete,Rock,,13,22,22,Less than 25 feet,603,0,1931,1930-1939,,1300,1300,1100,234,6120,24500,Controlled,540,5,144,40,,,,09/24/2026,07/07/2026,5,Significant,Not Available,,Normal Operations,11/20/2025,Yes,04/02/2018,N/A,https://www.usace.army.mil/Missions/Civil-Works/Dam-Safety-Program/Article/2870967/dam-safety-program/,No
Long Branch Dam,Long Branch Lake,,MO11176,,MO11176,USACE - Kansas City District,Federal,Federal,0,No,CENWK,No,Flood Risk Reduction,Flood Risk Reduction;Other;Recreation;Water Supply,US Army Corps of Engineers,MO11176,39.750777133,-92.514375015,Missouri,Macon,Macon,,East Fork Little Chariton,"Missouri, Congressional District 06",,No,No,,No,No,No,Yes,US Army Corps of Engineers,US Army Corps of Engineers,US Army Corps of Engineers,US Army Corps of Engineers,US Army Corps of Engineers,US Army Corps of Engineers,US Army Corps of Engineers,US Army Corps of Engineers,,,Earth,Earth,Earth,Soil,,71,80,80,51-100 feet,3800,1708600,1978,1970-1979,,98000,98000,35000,2430,109,5570,Uncontrolled,50,0,0,0,,,Uncontrolled0,05/13/2026,07/17/2024,5,High,Not Available,,Normal Operations,11/20/2025,Yes,09/30/2020,Yes,https://www.nwk.usace.army.mil/Missions/Civil-Works/Dam-Safety-Program/,No
Reservation Dam,Lake Traverse,Reservation Highway Dam,MN00576,,MN00576,USACE - St. Paul District,Federal,Federal,0,No,WPA - CE,No,Recreation,Recreation;Other;Fish and Wildlife Pond;Water Supply;Flood Risk Reduction,US Army Corps of Engineers,MN00576,45.769713446,-96.6309884,Minnesota,Traverse,Wheaton,0,Bois De Sioux River,"Minnesota, Congressional District 07",,No,No,,No,No,No,Yes,US Army Corps of Engineers,US Army Corps of Engineers,,,US Army Corps of Engineers,US Army Corps of Engineers,US Army Corps of Engineers,,,,Concrete,Concrete;Earth,,,16,14,16,16,Less than 25 feet,11295,188000,1940,1940-1949,,177500,177500,106000,10925,899,5600,Controlled,104,0,0,0,,,Other Controlled1;Slide (sluice gate)2,04/30/2026,08/22/2018,5,Low,Not Available,,Normal Operations,11/20/2025,Yes,05/01/1995,Yes,https://www.usace.army.mil/Missions/Civil-Works/Dam-Safety-Program/Article/2870967/dam-safety-program/,No
Dillon Dam - Pleasant Valley Dike,,,OH00007,S002,OH00007S002,USACE - Huntington District,Federal,Federal,0,Yes,,No,Flood Risk Reduction,Flood Risk Reduction,US Army Corps of Engineers,OH00007S002,40.03315,-82.07903,Ohio,Muskingum,ZANESVILLE,,LICKING RIVER,"Ohio, Congressional District 12",,No,No,,No,No,No,Yes,US Army Corps of Engineers,US Army Corps of Engineers,US Army Corps of Engineers,US Army Corps of Engineers,US Army Corps of Engineers,US Army Corps of Engineers,US Army Corps of Engineers,US Army Corps of Engineers,,,Earth,Earth,,,38,,,38,25-50 feet,1420,,1959,1950-1959,,114000,114000,0,0,,,,,,,,,,,10/01/2026,09/09/2024,5,High,Not Available,,Normal Operations,11/20/2025,Yes,06/16/2020,Yes,https://www.lrh.usace.army.mil/Missions/Civil-Works/Dam-Safety-Program/,No
Fort Supply Dam,Fort Supply Lake,,OK10318,,OK10318,USACE - Tulsa District,Federal,Federal,0,No,CESWT,No,Flood Risk Reduction,Flood Risk Reduction;Recreation,US Army Corps of Engineers,OK10318,36.54905474,-99.560570722,Oklahoma,Woodward,Fort Supply,,Wolf Creek,"Oklahoma, Congressional District 03",,No,No,,No,No,No,Yes,US Army Corps of Engineers,US Army Corps of Engineers,US Army Corps of Engineers,US Army Corps of Engineers,US Army Corps of Engineers,US Army Corps of Engineers,US Army Corps of Engineers,US Army Corps of Engineers,,,Earth,Earth,Earth,Rock;Soil,82,75,82,82,51-100 feet,12625,6051000,1942,1940-1949,,100700,100700,13900,1820,1735,210000,Uncontrolled,540,0,0,0,,,Vertical Lift0,04/24/2026,10/18/2022,5,High,Not Available,,"Under Investigation, Planning, Permitting, or Design for Remediation",11/20/2025,Yes,11/02/2023,Yes,https://www.swt.usace.army.mil/Locations/Tulsa-District-Lakes/Oklahoma/Fort-Supply-Lake/,No
Skiatook Dam,Skiatook Lake,,OK22200,,OK22200,USACE - Tulsa District,Federal,Federal,0,No,CESWT,No,Flood Risk Reduction,Flood Risk Reduction;Recreation;Water Supply,US Army Corps of Engineers,OK22200,36.3516690000001,-96.091667,Oklahoma,Osage,Skiatook,,Hominy Creek,"Oklahoma, Congressional District 03",Osage Reservation,No,No,,No,No,No,Yes,US Army Corps of Engineers,US Army Corps of Engineers,US Army Corps of Engineers,US Army Corps of Engineers,US Army Corps of Engineers,US Army Corps of Engineers,US Army Corps of Engineers,US Army Corps of Engineers,,,Earth,Earth,Earth,Rock;Soil,143,138,143,143,Greater than 100 feet,3590,3914000,1984,1980-1989,,893000,893000,331200,10540,354,21700,Uncontrolled,100,0,0,0,,,,09/29/2026,08/22/2023,5,High,Not Available,,"Under Investigation, Planning, Permitting, or Design for Remediation",07/31/2014,Yes,07/18/2025,Yes,https://www.swt.usace.army.mil/Locations/Tulsa-District-Lakes/Oklahoma/Skiatook-Lake/,No
Everett Dam - Dike P-2,,,NH01046,S002,NH00002S002,USACE - New England District,Federal,Federal,0,Yes,,No,Flood Risk Reduction,Flood Risk Reduction;Recreation,US Army Corps of Engineers,NH00002S002,43.147185,-71.644058,New Hampshire,Hillsborough,Goffstown,,Piscataquqg River,"New Hampshire, Congressional District 02",,Yes,Yes,Nh Des,Yes,Yes,Yes,Yes,US Army Corps of Engineers,US Army Corps of Engineers,US Army Corps of Engineers,US Army Corps of Engineers,US Army Corps of Engineers,US Army Corps of Engineers,US Army Corps of Engineers,US Army Corps of Engineers,,,Rockfill,Rockfill;Earth;Gravity,Earth,,30,25,30,30,25-50 feet,2630,1771000,1961,1960-1969,,131000,131000,1000,1,64,28500,Uncontrolled,175,0,0,0,,,,01/08/2026,11/08/2021,5,High,Not Available,,Normal Operations,10/02/2020,Yes,11/12/2020,Yes,https://www.nae.usace.army.mil/Missions/Civil-Works/Flood-Risk-Management/New-Hampshire/Hop-Ev/,No
Mississippi River Lock and Dam 3,Pool 3,,MN00595,,MN00595,USACE - St. Paul District,Federal,Federal,0,No,CEMVP,No,Navigation,Navigation;Recreation,US Army Corps of Engineers,MN00595,44.6110444270001,-92.609952242,Minnesota,Goodhue,Red Wing,4,Mississippi,"Minnesota, Congressional District 01",,No,No,,No,No,No,Yes,US Army Corps of Engineers,US Army Corps of Engineers,US Army Corps of Engineers,US Army Corps of Engineers,US Army Corps of Engineers,US Army Corps of Engineers,US Army Corps of Engineers,US Army Corps of Engineers,,,Concrete,Concrete;Earth,Earth,Soil,26,38,44,44,25-50 feet,4500,134000,1938,1930-1939,,547000,547000,290000,17950,45170,230000,Controlled,320,1,600,110,,,Roller4;Uncontrolled0,04/29/2026,09/23/2021,5,Significant,Not Available,,Normal Operations,11/20/2025,Yes,07/13/2023,N/A,https://www.usace.army.mil/Missions/Civil-Works/Dam-Safety-Program/Article/2870967/dam-safety-program/,No
Mississippi River Lock and Dam 7,Pool 7,,MN00587,,MN00587,USACE - St. Paul District,Federal,Federal,0,No,CEMVP,No,Navigation,Navigation;Recreation,US Army Corps of Engineers,MN00587,43.86680711,-91.30745229,Minnesota,La Crosse,La Crescent,2,Mississippi,"Wisconsin, Congressional District 03",,No,No,,No,No,No,Yes,US Army Corps of Engineers,US Army Corps of Engineers,US Army Corps of Engineers,US Army Corps of Engineers,US Army Corps of Engineers,US Army Corps of Engineers,US Army Corps of Engineers,US Army Corps of Engineers,,,Concrete,Concrete;Earth,Earth,Soil,16,25,41,41,25-50 feet,10860,581200,1937,1930-1939,,105000,105000,48000,13440,62340,273000,Controlled,1610,1,600,110,,,Roller5;Tainter (radial)11;Uncontrolled0,08/07/2026,05/30/2024,5,Significant,Not Available,,"Under Investigation, Planning, Permitting, or Design for Remediation",11/20/2025,Yes,03/01/1996,N/A,https://www.usace.army.mil/Missions/Civil-Works/Dam-Safety-Program/Article/2870967/dam-safety-program/,No
Whitney Dam,,,TX00017,,TX00017,USACE - Fort Worth District,Federal,Federal,1,No,CESWF,No,Flood Risk Reduction,Flood Risk Reduction;Fish and Wildlife Pond;Recreation;Hydroelectric;Water Supply,US Army Corps of Engineers,TX00017,31.8676478080001,-97.370498229,Texas,Hill,Whitney,,Brazos River,"Texas, Congressional District 06",,No,No,,No,No,No,Yes,US Army Corps of Engineers,US Army Corps of Engineers,US Army Corps of Engineers,US Army Corps of Engineers,US Army Corps of Engineers;Federal Energy Regulatory Commission,US Army Corps of Engineers,US Army Corps of Engineers,US Army Corps of Engineers,,,Earth,Earth,Earth,Rock;Soil,159,148,166,166,Greater than 100 feet,7538,2253300,1951,1950-1959,,2100400,2100400,627100,23560,17656,632000,Controlled,680,0,0,0,,,,09/30/2026,01/14/2025,5,High,Not Available,,Normal Operations,11/20/2025,Yes,03/09/2021,Yes,https://www.swf-wc.usace.army.mil/whitney/,No
The Dalles Lock and Dam,Lake Celilo,,OR00002,,OR00002,USACE - Portland District,Federal,Federal,0,No,CENWP,No,Navigation,Navigation;Other;Irrigation;Recreation;Hydroelectric,US Army Corps of Engineers,OR00002,45.61483176,-121.1357264,Oregon,Klickitat,The Dalles,,Columbia River,"Washington, Congressional District 04",,Yes,Yes,Owrd,Yes,Yes,Yes,Yes,US Army Corps of Engineers,US Army Corps of Engineers,US Army Corps of Engineers,US Army Corps of Engineers,US Army Corps of Engineers,US Army Corps of Engineers,US Army Corps of Engineers,US Army Corps of Engineers,,,Gravity,Gravity,Concrete,Rock,116,114,200,200,Greater than 100 feet,8735,3061000,1957,1950-1959,,330000,330000,277000,11200,237000,2290000,Controlled,1441,1,675,86,,,,08/13/2026,04/12/2023,5,High,Not Available,,Normal Operations,11/20/2025,Yes,08/25/2020,Yes,https://www.nwp.usace.army.mil/The-Dalles/,No
Libby Dam,Lake Koocanusa,,MT00652,,MT00652,USACE - Seattle District,Federal,Federal,0,No,CE,No,Hydroelectric,Hydroelectric;Recreation;Flood Risk Reduction,US Army Corps of Engineers,MT00652,48.4102884800001,-115.31426552,Montana,Lincoln,Libby,17,Kootenai River,"Montana, Congressional District 01",,No,No,,No,No,No,Yes,US Army Corps of Engineers;Forest Service,US Army Corps of Engineers;Forest Service,US Army Corps of Engineers;Forest Service,US Army Corps of Engineers;Forest Service,US Army Corps of Engineers,US Army Corps of Engineers;Forest Service,US Army Corps of Engineers;Forest Service,US Army Corps of Engineers,,,Gravity,Gravity,,,,362,422,422,Greater than 100 feet,2890,375000,1973,1970-1979,,6027000,6027000,5809000,46500,8985,150000,Controlled,48,0,0,0,,,Vertical Lift0,09/29/2026,07/16/2025,5,High,Not Available,,"Under Investigation, Planning, Permitting, or Design for Remediation",11/20/2025,Yes,03/02/2026,Yes,https://www.nws.usace.army.mil/Missions/Civil-Works/Locks-and-Dams/Libby-Dam/,No
Delaware Dam - Waldo Levee,,,OH00015,S001,OH00015S001,USACE - Huntington District,Federal,Federal,0,Yes,,No,Flood Risk Reduction,Flood Risk Reduction,US Army Corps of Engineers,OH00015S001,40.46171,-83.07738,Ohio,Marion,Waldo,,Olentangy River,"Ohio, Congressional District 04",,No,No,,No,No,No,Yes,US Army Corps of Engineers,US Army Corps of Engineers,US Army Corps of Engineers,US Army Corps of Engineers,US Army Corps of Engineers,US Army Corps of Engineers,US Army Corps of Engineers,US Army Corps of Engineers,,,Earth,Earth,,,30,,,30,25-50 feet,6500,,1948,1940-1949,,0,0,0,0,,,,,,,,,,,07/31/2026,04/16/2021,5,High,Not Available,,Normal Operations,11/20/2025,Yes,10/16/2020,Yes,https://www.lrh.usace.army.mil/Missions/Civil-Works/Dam-Safety-Program/,No
Painted Rock Dam - Saddle Dike 1,Painted Rock Reservoir,,AZ10002,S001,AZ10002S001,USACE - Los Angeles District,Federal,Federal,0,Yes,,No,Flood Risk Reduction,Flood Risk Reduction,US Army Corps of Engineers,AZ10002S001,33.0649570000001,-113.0215239999999,Arizona,Maricopa,Agua Caliente,,Gila River,"Arizona, Congressional District 07",,No,No,,No,No,No,Yes,US Army Corps of Engineers,US Army Corps of Engineers,US Army Corps of Engineers,US Army Corps of Engineers,US Army Corps of Engineers,US Army Corps of Engineers,US Army Corps of Engineers,US Army Corps of Engineers,,,Earth,Earth,,,181,172,,181,Greater than 100 feet,4780,0,1960,1960-1969,,4831500,4831500,0,1,50800,401700,Uncontrolled,610,0,0,0,,,,01/08/2026,03/09/2021,5,High,Not Available,,"Under Investigation, Planning, Permitting, or Design for Remediation",09/22/2025,Yes,01/27/2020,Yes,https://www.usace.army.mil/Missions/Civil-Works/Dam-Safety-Program/Article/2870967/dam-safety-program/,No
Bull Shoals Dam,Bull Shoals Lake,,AR00160,,AR00160,USACE - Little Rock District,Federal,Federal,0,No,CESWL,No,Flood Risk Reduction,Flood Risk Reduction;Recreation;Hydroelectric;Water Supply,US Army Corps of Engineers,AR00160,36.365986924,-92.5752310889999,Arkansas,Baxter,Cotter,,White,"Arkansas, Congressional District 01",,No,No,,No,No,No,Yes,US Army Corps of Engineers,US Army Corps of Engineers,US Army Corps of Engineers,US Army Corps of Engineers,US Army Corps of Engineers,US Army Corps of Engineers,US Army Corps of Engineers,US Army Corps of Engineers,,,Concrete,Concrete;Gravity,Concrete,Rock,256,238,282,282,Greater than 100 feet,2256,2100000,1951,1950-1959,,5408000,5408000,3048000,454400,6063,500000,Controlled,680,0,0,0,,,,09/28/2026,11/01/2023,5,High,Not Available,,"Under Investigation, Planning, Permitting, or Design for Remediation",11/20/2025,Yes,04/02/2025,Yes,https://www.swl.usace.army.mil/Missions/Recreation/Lakes/Bull-Shoals-Lake/,No
Milford Dam,Milford Lake,,KS00008,,KS00008,USACE - Kansas City District,Federal,Federal,0,No,,No,Flood Risk Reduction,Flood Risk Reduction;Fish and Wildlife Pond;Recreation;Water Supply,US Army Corps of Engineers,KS00008,39.0833280000001,-96.894997,Kansas,Geary,Junction City,,Republican River,"Kansas, Congressional District 02",,No,No,,No,No,No,Yes,US Army Corps of Engineers,US Army Corps of Engineers,US Army Corps of Engineers,US Army Corps of Engineers,US Army Corps of Engineers,US Army Corps of Engineers,US Army Corps of Engineers,US Army Corps of Engineers,,,Rockfill,Rockfill;Earth,Earth,Soil,,147,126,147,Greater than 100 feet,6300,15000000,1966,1960-1969,,1145000,1145000,388800,15708,24882,560000,Uncontrolled,1250,0,0,0,,,Uncontrolled0,08/18/2026,07/21/2021,5,High,Not Available,,Normal Operations,11/20/2025,Yes,09/30/2020,Yes,https://www.nwk.usace.army.mil/Missions/Civil-Works/Dam-Safety-Program/,No
W.D. Mayo Lock and Dam,W. D. Mayo Lock and Dam,Lock and Dam 14,OK10305,,OK10305,USACE - Tulsa District,Federal,Federal,0,No,CESWT,No,Navigation,Navigation,US Army Corps of Engineers,OK10305,35.3158909950001,-94.55913951,Oklahoma,Sequoyah,Arkhoma,,Arkansas River,"Oklahoma, Congressional District 02",Cherokee OTSA,No,No,,No,No,No,Yes,US Army Corps of Engineers,US Army Corps of Engineers,US Army Corps of Engineers,US Army Corps of Engineers,US Army Corps of Engineers,US Army Corps of Engineers,US Army Corps of Engineers,US Army Corps of Engineers,,,Gravity,Gravity;Earth,Earth,Rock;Soil,71,68,71,71,51-100 feet,7400,200000,1970,1970-1979,,15800,15800,15800,1595,148084,507000,Controlled,720,1,600,110,,,,09/24/2026,06/04/2024,5,Significant,Not Available,,Normal Operations,11/20/2025,Yes,10/29/2025,N/A,https://www.swt.usace.army.mil/Locations/Tulsa-District-Lakes/Oklahoma/WD-Mayo-Lock-and-Dam/,No
H.K. Thatcher Lock and Dam,Calion Lock and Dam,,AR01515,,AR01515,USACE - Vicksburg District,Federal,Federal,0,No,CEMVK,No,Navigation,Navigation;Recreation;Water Supply,US Army Corps of Engineers,AR01515,33.306651523,-92.483164305,Arkansas,Union,Moro Bay,9,Ouachita,"Arkansas, Congressional District 04",,No,No,,No,No,No,Yes,US Army Corps of Engineers,US Army Corps of Engineers,US Army Corps of Engineers,US Army Corps of Engineers,US Army Corps of Engineers,US Army Corps of Engineers,US Army Corps of Engineers,US Army Corps of Engineers,,,Gravity,Gravity,Earth,Soil,,33,80,80,51-100 feet,698,28940,1983,1980-1989,,108000,108000,79900,12200,6569,250000,Controlled,350,1,600,84,,,,09/29/2026,09/04/2025,5,Significant,Not Available,,Normal Operations,11/20/2025,Yes,04/15/2025,N/A,https://www.usace.army.mil/Missions/Civil-Works/Dam-Safety-Program/Article/2870967/dam-safety-program/,No
Mississippi River Lock and Dam 20,Pool 20,,MO10303,,MO10303,USACE - Rock Island District,Federal,Federal,0,No,CEMVR,No,Navigation,Navigation,US Army Corps of Engineers,MO10303,40.1441017810001,-91.51066166,Missouri,Adams,Canton,,Mississippi River,"Illinois, Congressional District 15",,No,No,,No,No,No,Yes,US Army Corps of Engineers,US Army Corps of Engineers,US Army Corps of Engineers,US Army Corps of Engineers,US Army Corps of Engineers,US Army Corps of Engineers,US Army Corps of Engineers,US Army Corps of Engineers,,,Concrete,Concrete;Gravity,Concrete,Rock,,11,37,37,25-50 feet,2604,170150,1936,1930-1939,,58000,58000,0,7542,134300,510000,None,0,1,600,110,,,Roller3;Tainter (radial)40,08/07/2026,06/09/2026,5,Significant,Not Available,,Normal Operations,11/20/2025,Yes,09/25/2023,N/A,https://www.usace.army.mil/Missions/Civil-Works/Dam-Safety-Program/Article/2870967/dam-safety-program/,No
John H. Overton Lock and Dam,John H. Overton Lock and Dam;Lock No. 2;Red River Lock and Dam #2,,LA00581,,LA00581,USACE - Vicksburg District,Federal,Federal,0,No,CEMVK,No,Navigation,Navigation;Recreation;Water Supply,US Army Corps of Engineers,LA00581,31.187029157,-92.292833921,Louisiana,Rapides,Simmesport,67,Red River,"Louisiana, Congressional District 06",,No,No,,No,No,No,Yes,US Army Corps of Engineers,US Army Corps of Engineers,US Army Corps of Engineers,US Army Corps of Engineers,US Army Corps of Engineers,US Army Corps of Engineers,US Army Corps of Engineers,US Army Corps of Engineers,,,Gravity,Gravity,Earth,Soil,,48,104,104,Greater than 100 feet,914,59740,1987,1980-1989,,67500,67500,67500,3750,67458,255000,Controlled,300,1,685,84,,,,09/29/2026,07/15/2025,5,Significant,Not Available,,Normal Operations,11/20/2025,Yes,05/28/2025,N/A,https://www.usace.army.mil/Missions/Civil-Works/Dam-Safety-Program/Article/2870967/dam-safety-program/,No
Canton Dam,Canton Lake,,OK10316,,OK10316,USACE - Tulsa District,Federal,Federal,0,No,CESWT,No,Flood Risk Reduction,Flood Risk Reduction;Irrigation;Water Supply,US Army Corps of Engineers,OK10316,36.0885061860001,-98.5914084999999,Oklahoma,Blaine,Canton,,North Canadian River,"Oklahoma, Congressional District 03",Cheyenne-Arapaho OTSA,No,No,,No,No,No,Yes,US Army Corps of Engineers,US Army Corps of Engineers,US Army Corps of Engineers,US Army Corps of Engineers,US Army Corps of Engineers,US Army Corps of Engineers,US Army Corps of Engineers,US Army Corps of Engineers,,,Gravity,Gravity;Earth,Earth,Rock;Soil,68,66,68,68,51-100 feet,15140,5300000,1948,1940-1949,,383800,383800,111310,7910,7600,339200,Controlled,640,0,0,0,,,,07/15/2026,11/04/2020,5,High,Not Available,,Normal Operations,11/22/2025,Yes,06/26/2025,Yes,https://www.swt.usace.army.mil/Locations/Tulsa-District-Lakes/Oklahoma/Canton-Lake/,No
Marion Dam,Marion Reservoir,Marion Lake,KS00006,,KS00006,USACE - Tulsa District,Federal,Federal,0,No,CESWT,No,Flood Risk Reduction,Flood Risk Reduction;Other;Recreation;Water Supply,US Army Corps of Engineers,KS00006,38.3691210120001,-97.084736689,Kansas,Marion,Marion,,Cottonwood River,"Kansas, Congressional District 02",,No,No,,No,No,No,Yes,US Army Corps of Engineers,US Army Corps of Engineers,US Army Corps of Engineers,US Army Corps of Engineers,US Army Corps of Engineers,US Army Corps of Engineers,US Army Corps of Engineers,US Army Corps of Engineers,,,Gravity,Gravity;Earth,Earth,Rock;Soil,67,62,67,67,51-100 feet,8375,1292157,1968,1960-1969,,189200,189200,80680,6210,200,132000,Controlled,136,0,0,0,,,,09/24/2026,04/04/2024,5,High,Not Available,,Normal Operations,05/09/2025,Yes,06/01/2022,Yes,https://www.swt.usace.army.mil/Locations/Tulsa-District-Lakes/Kansas/Marion-Reservoir/,No
Otter Brook Dam,Otter Brook Lake,,NH00006,,NH00006,USACE - New England District,Federal,Federal,0,No,CENAE,No,Flood Risk Reduction,Flood Risk Reduction;Recreation,US Army Corps of Engineers,NH00006,42.9464771290001,-72.2366610189999,New Hampshire,Cheshire,Keene,,Otter Brook,"New Hampshire, Congressional District 02",,Yes,Yes,Nh Des,Yes,Yes,Yes,Yes,US Army Corps of Engineers,US Army Corps of Engineers,US Army Corps of Engineers,US Army Corps of Engineers,US Army Corps of Engineers,US Army Corps of Engineers,US Army Corps of Engineers,US Army Corps of Engineers,,,Gravity,Gravity;Earth,Earth,Rock;Soil,119,115,119,119,Greater than 100 feet,1288,993400,1958,1950-1959,,24800,24800,870,76,47,34500,Uncontrolled,145,0,0,0,,,,01/08/2026,11/07/2022,5,High,Not Available,,Normal Operations,11/20/2025,Yes,08/08/2022,Yes,https://www.nae.usace.army.mil/Missions/Civil-Works/Flood-Risk-Management/New-Hampshire/Otter-Brook/,No
Mississippi River Lock and Dam 11,Pool 11,,IA00003,,IA00003,USACE - Rock Island District,Federal,Federal,0,No,CEMVR,No,Navigation,Navigation,US Army Corps of Engineers,IA00003,42.5401364030001,-90.644632077,Iowa,Dubuque,Dubuque,,Mississippi River,"Iowa, Congressional District 02",,No,No,,No,No,No,Yes,US Army Corps of Engineers,US Army Corps of Engineers,US Army Corps of Engineers,US Army Corps of Engineers,US Army Corps of Engineers,US Army Corps of Engineers,US Army Corps of Engineers,US Army Corps of Engineers,,,Concrete,Concrete;Earth;Gravity,Concrete,Soil,,11,43,43,25-50 feet,5130,390300,1937,1930-1939,,170000,170000,0,19613,81600,326000,Controlled,1278,1,600,110,,,Roller3;Tainter (radial)13,01/08/2026,06/04/2024,5,Significant,Not Available,,Normal Operations,11/20/2025,Yes,08/26/2022,N/A,https://www.usace.army.mil/Missions/Civil-Works/Dam-Safety-Program/Article/2870967/dam-safety-program/,No
Pine Creek Dam,Pine Creek Lake,,OK10306,,OK10306,USACE - Tulsa District,Federal,Federal,0,No,CESWT,No,Flood Risk Reduction,Flood Risk Reduction;Other;Recreation;Water Supply,US Army Corps of Engineers,OK10306,34.1121376100001,-95.080198594,Oklahoma,McCurtain,Garvin,,Little River,"Oklahoma, Congressional District 02",Choctaw OTSA,No,No,,No,No,No,Yes,US Army Corps of Engineers,US Army Corps of Engineers,US Army Corps of Engineers,US Army Corps of Engineers,US Army Corps of Engineers,US Army Corps of Engineers,US Army Corps of Engineers,US Army Corps of Engineers,,,Earth,Earth,Earth,Rock;Soil,124,118,124,124,Greater than 100 feet,22470,1371000,1969,1960-1969,,968210,968210,53750,3750,635,246600,Uncontrolled,608,0,0,0,,,,09/24/2026,11/12/2024,5,High,Not Available,,Normal Operations,11/20/2025,Yes,11/18/2025,Yes,https://www.swt.usace.army.mil/Locations/Tulsa-District-Lakes/Oklahoma/Pine-Creek-Lake/,No
Painted Rock Dam,Painted Rock Reservoir,,AZ10002,,AZ10002,USACE - Los Angeles District,Federal,Federal,1,No,CESPL,No,Flood Risk Reduction,Flood Risk Reduction,US Army Corps of Engineers,AZ10002,33.0719980000001,-113.0165259999999,Arizona,Maricopa,Agua Caliente,,Gila River,"Arizona, Congressional District 07",,No,No,,No,No,No,Yes,US Army Corps of Engineers,US Army Corps of Engineers,US Army Corps of Engineers,US Army Corps of Engineers,US Army Corps of Engineers,US Army Corps of Engineers,US Army Corps of Engineers,US Army Corps of Engineers,,,Earth,Earth,,,181,172,,181,Greater than 100 feet,4780,0,1960,1960-1969,,4831500,4831500,0,1,50800,401700,Uncontrolled,610,0,0,0,,,,10/02/2026,03/11/2026,5,High,Not Available,,"Under Investigation, Planning, Permitting, or Design for Remediation",09/22/2025,Yes,04/22/2025,Yes,https://www.usace.army.mil/Missions/Civil-Works/Dam-Safety-Program/Article/2870967/dam-safety-program/,No
Robert S. Kerr Lock and Dam,Robert S. Kerr Reservoir,Lock and Dam 15,OK10301,,OK10301,USACE - Tulsa District,Federal,Federal,0,No,CESWT,No,Navigation,Navigation;Recreation;Hydroelectric,US Army Corps of Engineers,OK10301,35.3467939650001,-94.777402594,Oklahoma,Le Flore,Redland,,Arkansas River,"Oklahoma, Congressional District 02",Choctaw OTSA,No,No,,No,No,No,Yes,US Army Corps of Engineers,US Army Corps of Engineers,US Army Corps of Engineers,US Army Corps of Engineers,US Army Corps of Engineers,US Army Corps of Engineers,US Army Corps of Engineers,US Army Corps of Engineers,,,Gravity,Gravity;Earth,Earth,Rock;Soil,75,60,82,82,51-100 feet,7230,38903,1970,1970-1979,,525700,525700,525700,32800,147756,1542000,Controlled,900,1,600,110,,,,09/29/2026,02/09/2023,5,High,Not Available,,Normal Operations,11/20/2025,Yes,11/13/2024,Yes,https://www.swt.usace.army.mil/Locations/Tulsa-District-Lakes/Oklahoma/Robert-S-Kerr-Lock-and-Dam/,No
Jonesville Lock and Dam,,,LA00175,,LA00175,USACE - Vicksburg District,Federal,Federal,0,No,CEMVK,No,Navigation,Navigation;Recreation;Water Supply,US Army Corps of Engineers,LA00175,31.4826932610001,-91.859550433,Louisiana,Catahoula,Simmesport,35,Black River,"Louisiana, Congressional District 05",,No,No,,No,No,No,Yes,US Army Corps of Engineers,US Army Corps of Engineers,US Army Corps of Engineers,US Army Corps of Engineers,US Army Corps of Engineers,US Army Corps of Engineers,US Army Corps of Engineers,US Army Corps of Engineers,,,Gravity,Gravity,Earth,Soil,,62,94,94,51-100 feet,920,51000,1972,1970-1979,,149300,149300,123700,7120,24200,176000,Controlled,450,1,600,84,,,,09/23/2026,02/16/2022,5,Significant,Not Available,,Normal Operations,11/20/2025,Yes,04/15/2025,N/A,https://www.usace.army.mil/Missions/Civil-Works/Dam-Safety-Program/Article/2870967/dam-safety-program/,No
Broken Bow Dam,Broken Bow Lake,,OK10307,,OK10307,USACE - Tulsa District,Federal,Federal,1,No,CESWT,No,Flood Risk Reduction,Flood Risk Reduction;Other;Recreation;Hydroelectric;Water Supply,US Army Corps of Engineers,OK10307,34.146160579,-94.685359244,Oklahoma,McCurtain,Eagletown,,Mountain Fork River,"Oklahoma, Congressional District 02",Choctaw OTSA,No,No,,No,No,No,Yes,US Army Corps of Engineers,US Army Corps of Engineers,US Army Corps of Engineers,US Army Corps of Engineers,US Army Corps of Engineers,US Army Corps of Engineers,US Army Corps of Engineers,US Army Corps of Engineers,,,Gravity,Gravity;Earth,Earth,Rock;Soil,225,220,225,225,Greater than 100 feet,4026,5052480,1968,1960-1969,,1598950,1598950,918070,20500,754,443000,Controlled,320,0,0,0,,,,09/29/2026,08/10/2022,5,High,Not Available,,Normal Operations,11/20/2025,Yes,02/12/2025,Yes,https://www.swt.usace.army.mil/Locations/Tulsa-District-Lakes/Oklahoma/Broken-Bow-Lake/,No
Chief Joseph Dam,Rufus Woods Lake,,WA00299,,WA00299,USACE - Seattle District,Federal,Federal,0,No,CE,No,Hydroelectric,Hydroelectric;Recreation,US Army Corps of Engineers,WA00299,47.995359061,-119.637427144,Washington,Douglas,Bridgeport,1,Columbia River,"Washington, Congressional District 04",,No,No,,No,No,No,Yes,US Army Corps of Engineers,US Army Corps of Engineers,US Army Corps of Engineers,US Army Corps of Engineers,US Army Corps of Engineers,US Army Corps of Engineers,US Army Corps of Engineers,US Army Corps of Engineers,,,Gravity,Gravity,,,,205,230,230,Greater than 100 feet,4300,1805707,1955,1950-1959,,593000,593000,516000,8400,75400,1200000,Controlled,980,0,0,0,,,Tainter (radial)19,06/05/2026,06/21/2022,5,High,Not Available,,Normal Operations,11/20/2025,Yes,02/12/2026,Yes,https://www.nws.usace.army.mil/Missions/Civil-Works/Locks-and-Dams/Chief-Joseph-Dam/,No
Norfork Dam,Norfork Lake,,AR00159,,AR00159,USACE - Little Rock District,Federal,Federal,0,No,CESWL,No,Flood Risk Reduction,Flood Risk Reduction;Fish and Wildlife Pond;Recreation;Hydroelectric;Water Supply,US Army Corps of Engineers,AR00159,36.24957169,-92.238257128,Arkansas,Baxter,Norfork,,North Fork of The White,"Arkansas, Congressional District 01",,No,No,,No,No,No,Yes,US Army Corps of Engineers,US Army Corps of Engineers,US Army Corps of Engineers,US Army Corps of Engineers,US Army Corps of Engineers,US Army Corps of Engineers,US Army Corps of Engineers,US Army Corps of Engineers,,,Concrete,Concrete;Gravity,Concrete,Rock,216,206,248,248,Greater than 100 feet,2624,1500000,1944,1940-1949,,1983000,1983000,31000,22000,1806,331000,Controlled,480,0,0,0,,,,09/28/2026,06/03/2024,5,High,Not Available,,"Under Investigation, Planning, Permitting, or Design for Remediation",11/20/2025,Yes,05/14/2026,Yes,https://www.swl.usace.army.mil/Missions/Recreation/Lakes/Norfork-Lake/,No
Buchanan Dam,H.V.Eastman Lake,,CA10243,,CA10243,USACE - Sacramento District,Federal,Federal,0,No,,No,Flood Risk Reduction,Flood Risk Reduction;Irrigation;Recreation;Hydroelectric,US Army Corps of Engineers,CA10243,37.2171285000001,-119.984533862,California,Madera,Chowchilla,16,Chowchilla River,"California, Congressional District 05",,No,No,,No,No,No,Yes,US Army Corps of Engineers,US Army Corps of Engineers,US Army Corps of Engineers,US Army Corps of Engineers,US Army Corps of Engineers,US Army Corps of Engineers,US Army Corps of Engineers,US Army Corps of Engineers,,,Rockfill,Rockfill;Earth,Earth,Rock,179,192,219,219,Greater than 100 feet,1800,0,1975,1970-1979,,185256,185256,122576,1780,235,106000,Uncontrolled,400,0,0,0,,,,08/24/2026,12/05/2024,5,High,Not Available,,Normal Operations,11/20/2025,Yes,03/09/2026,Yes,https://www.spk.usace.army.mil/Missions/Civil-Works/Dam-Safety-Program/,No
J. Percy Priest Dam,J Percy Priest Lake,,TN03701,,TN03701,USACE - Nashville District,Federal,Federal,0,No,CELRN,No,Flood Risk Reduction,Flood Risk Reduction;Other;Recreation;Hydroelectric;Water Supply,US Army Corps of Engineers,TN03701,36.15631282,-86.6187906659999,Tennessee,Davidson,Nashville,,Stones River,"Tennessee, Congressional District 05",,No,No,,No,No,No,Yes,US Army Corps of Engineers,US Army Corps of Engineers,US Army Corps of Engineers,US Army Corps of Engineers,US Army Corps of Engineers,US Army Corps of Engineers,US Army Corps of Engineers,US Army Corps of Engineers,,,Concrete,Concrete;Earth;Gravity,Earth,Rock,,130,147,147,Greater than 100 feet,2716,1823800,1967,1960-1969,,652000,652000,202000,14200,892,263000,Controlled,180,0,0,0,,,,01/08/2026,06/16/2022,5,High,Not Available,,Normal Operations,11/20/2025,Yes,06/25/2024,Yes,https://www.usace.army.mil/Missions/Civil-Works/Dam-Safety-Program/Article/2870967/dam-safety-program/,No
Heyburn Dam,Heyburn Lake,,OK10313,,OK10313,USACE - Tulsa District,Federal,Federal,0,No,CESWT,No,Flood Risk Reduction,Flood Risk Reduction;Other;Recreation;Water Supply,US Army Corps of Engineers,OK10313,35.9480817570001,-96.295935378,Oklahoma,Creek,Kellyville,,Polecat Creek,"Oklahoma, Congressional District 03",Creek OTSA,No,No,,No,No,No,Yes,US Army Corps of Engineers,US Army Corps of Engineers,US Army Corps of Engineers,US Army Corps of Engineers,US Army Corps of Engineers,US Army Corps of Engineers,US Army Corps of Engineers,US Army Corps of Engineers,,,Earth,Earth,Earth,Rock;Soil,89,84,89,89,51-100 feet,2920,1151400,1950,1950-1959,,55395,55395,7105,880,123,53700,Uncontrolled,200,0,0,0,,,Uncontrolled0,09/29/2026,06/02/2026,5,High,Not Available,,Normal Operations,11/20/2025,Yes,04/16/2024,Yes,https://www.swt.usace.army.mil/Locations/Tulsa-District-Lakes/Oklahoma/Heyburn-Lake/,No
Felsenthal Lock and Dam,,,AR01514,,AR01514,USACE - Vicksburg District,Federal,Federal,0,No,CEMVK,No,Navigation,Navigation;Recreation;Water Supply,US Army Corps of Engineers,AR01514,33.059879831,-92.122185267,Arkansas,Union,Sterlington,30,Ouachita,"Arkansas, Congressional District 04",,No,No,,No,No,No,Yes,US Army Corps of Engineers,US Army Corps of Engineers,US Army Corps of Engineers,US Army Corps of Engineers,US Army Corps of Engineers,US Army Corps of Engineers,US Army Corps of Engineers,US Army Corps of Engineers,,,Gravity,Gravity,Earth,Soil,,36,105,105,Greater than 100 feet,659,25500,1978,1970-1979,,76700,76700,56300,22730,10782,200000,Controlled,350,1,600,84,,,,09/29/2026,06/27/2024,5,Significant,Not Available,,Normal Operations,11/20/2025,Yes,04/15/2025,N/A,https://www.usace.army.mil/Missions/Civil-Works/Dam-Safety-Program/Article/2870967/dam-safety-program/,No
Kanopolis Dam,Kanopolis Lake,,KS00005,,KS00005,USACE - Kansas City District,Federal,Federal,0,No,CENWK,No,Flood Risk Reduction,Flood Risk Reduction;Recreation,US Army Corps of Engineers,KS00005,38.619417319,-97.968749856,Kansas,Ellsworth,Marquette,,Smoky Hill River,"Kansas, Congressional District 01",,No,No,,No,No,No,Yes,US Army Corps of Engineers,US Army Corps of Engineers,US Army Corps of Engineers,US Army Corps of Engineers,US Army Corps of Engineers,US Army Corps of Engineers,US Army Corps of Engineers,US Army Corps of Engineers,,,Earth,Earth,Earth,Soil,,131,131,131,Greater than 100 feet,15360,15171000,1948,1940-1949,,433000,433000,61382,3815,7860,171000,Uncontrolled,500,0,0,0,,,Uncontrolled0,07/24/2026,04/30/2026,5,High,Not Available,,"Under Investigation, Planning, Permitting, or Design for Remediation",11/20/2025,Yes,09/30/2020,Yes,https://www.nwk.usace.army.mil/Missions/Civil-Works/Dam-Safety-Program/,No
Mississippi River Locks and Dam 15,Pool 15,,IA00007,,IA00007,USACE - Rock Island District,Federal,Federal,0,No,CEMVR,No,Navigation,Navigation;Hydroelectric,US Army Corps of Engineers,IA00007,41.5181994070001,-90.566315281,Iowa,Scott,Rock Island,,Mississippi River,"Iowa, Congressional District 01",,No,No,,No,No,No,Yes,US Army Corps of Engineers,US Army Corps of Engineers,US Army Corps of Engineers,US Army Corps of Engineers,US Army Corps of Engineers,US Army Corps of Engineers,US Army Corps of Engineers,US Army Corps of Engineers,,,Concrete,Concrete;Gravity,Concrete,Rock,,16,41,41,25-50 feet,1606,617949,1934,1930-1939,,30000,30000,0,3740,88500,345000,Controlled,1203,2,600,110,,,Roller0,01/08/2026,06/10/2025,5,Significant,Not Available,,Normal Operations,11/20/2025,Yes,09/21/2021,N/A,https://www.usace.army.mil/Missions/Civil-Works/Dam-Safety-Program/Article/2870967/dam-safety-program/,No
Tuttle Creek Dam,Tuttle Creek Lake,,KS00012,,KS00012,USACE - Kansas City District,Federal,Federal,1,No,,No,Flood Risk Reduction,Flood Risk Reduction;Other;Navigation;Fish and Wildlife Pond;Recreation,US Army Corps of Engineers,KS00012,39.257137954,-96.591804999,Kansas,Pottawatomie,Manhattan,,Big Blue River,"Kansas, Congressional District 01",,No,No,,No,No,No,Yes,US Army Corps of Engineers,US Army Corps of Engineers,US Army Corps of Engineers,US Army Corps of Engineers,US Army Corps of Engineers,US Army Corps of Engineers,US Army Corps of Engineers,US Army Corps of Engineers,,,Rockfill,Rockfill;Earth,,,,157,157,157,Greater than 100 feet,7500,20000000,1960,1960-1969,,2257000,2257000,335100,13350,9628,612000,Controlled,839,0,0,0,,,,07/27/2026,10/23/2025,5,High,Not Available,,"Under Investigation, Planning, Permitting, or Design for Remediation",11/20/2025,Yes,01/09/2023,Yes,https://www.nwk.usace.army.mil/Missions/Civil-Works/Dam-Safety-Program/,No
Black Butte Dam,Black Butte Lake,,CA10102,,CA10102,USACE - Sacramento District,Federal,Federal,0,No,,No,Flood Risk Reduction,Flood Risk Reduction;Irrigation;Recreation;Hydroelectric,US Army Corps of Engineers,CA10102,39.8162868690001,-122.336675747,California,Tehama,Orland,9,Stony Creek,"California, Congressional District 01",,No,No,,No,No,No,Yes,US Army Corps of Engineers,US Army Corps of Engineers,US Army Corps of Engineers,US Army Corps of Engineers,US Army Corps of Engineers,US Army Corps of Engineers,US Army Corps of Engineers,US Army Corps of Engineers,,,Earth,Earth,Earth,,140,135,156,156,Greater than 100 feet,2970,0,1963,1960-1969,,354000,354000,105900,4560,736,76600,Uncontrolled,118,0,0,0,,,,07/02/2026,11/01/2023,5,High,Not Available,,"Under Investigation, Planning, Permitting, or Design for Remediation",11/20/2025,Yes,03/09/2026,Yes,https://www.spk.usace.army.mil/Missions/Recreation/Black-Butte-Lake/,No
John Day Lock and Dam,Lake Umatilla,,OR00011,,OR00011,USACE - Portland District,Federal,Federal,0,No,,No,Navigation,Navigation;Other;Irrigation;Recreation;Hydroelectric;Flood Risk Reduction,US Army Corps of Engineers,OR00011,45.71794765,-120.69539558,Oregon,Klickitat,Rufus,,Columbia River,"Washington, Congressional District 04",,Yes,Yes,Owrd,Yes,Yes,Yes,Yes,US Army Corps of Engineers,US Army Corps of Engineers,US Army Corps of Engineers,US Army Corps of Engineers,US Army Corps of Engineers,US Army Corps of Engineers,US Army Corps of Engineers,US Army Corps of Engineers,,,Earth,Earth,Concrete,Rock,118,113,230,230,Greater than 100 feet,5900,2830000,1968,1960-1969,,2530000,2530000,530000,55000,226000,2250000,Controlled,1252,1,675,86,,,,08/13/2026,01/20/2022,5,High,Not Available,,Normal Operations,11/20/2025,Yes,08/25/2020,Yes,https://www.nwp.usace.army.mil/John-Day/,No
Mississippi River Lock and Dam 18,Pool 18,,IA00010,,IA00010,USACE - Rock Island District,Federal,Federal,0,No,CEMVR,No,Navigation,Navigation,US Army Corps of Engineers,IA00010,40.8829972140001,-91.025304881,Iowa,Des Moines,Burlington,,Mississippi River,"Iowa, Congressional District 01",,No,No,,No,No,No,Yes,US Army Corps of Engineers,US Army Corps of Engineers,US Army Corps of Engineers,US Army Corps of Engineers,US Army Corps of Engineers,US Army Corps of Engineers,US Army Corps of Engineers,US Army Corps of Engineers,,,Concrete,Concrete;Earth;Gravity,Concrete,Soil,,10,41,41,25-50 feet,7330,378650,1937,1930-1939,,90000,90000,0,13600,113600,406000,Uncontrolled,1350,1,600,110,,,Roller3;Tainter (radial)14;Uncontrolled0,12/04/2025,05/24/2022,5,Significant,Not Available,,Normal Operations,11/20/2025,Yes,01/21/2025,N/A,https://www.usace.army.mil/Missions/Civil-Works/Dam-Safety-Program/Article/2870967/dam-safety-program/,No
Mississippi River Lock and Dam 21,Pool 21,,MO10304,,MO10304,USACE - Rock Island District,Federal,Federal,0,No,CEMVR,No,Navigation,Navigation,US Army Corps of Engineers,MO10304,39.9044825390001,-91.429879373,Missouri,Adams,Hannibal,,Mississippi River,"Illinois, Congressional District 15",,No,No,,No,No,No,Yes,US Army Corps of Engineers,US Army Corps of Engineers,US Army Corps of Engineers,US Army Corps of Engineers,US Army Corps of Engineers,US Army Corps of Engineers,US Army Corps of Engineers,US Army Corps of Engineers,,,Concrete,Concrete;Earth;Gravity,Concrete,Soil,,11,48,48,25-50 feet,3116,306975,1938,1930-1939,,62000,62000,0,8843,135000,529000,Uncontrolled,1066,1,600,110,,,Roller3;Tainter (radial)10;Uncontrolled0,01/08/2026,07/27/2023,5,Significant,Not Available,,Normal Operations,11/20/2025,Yes,09/29/2023,N/A,https://www.usace.army.mil/Missions/Civil-Works/Dam-Safety-Program/Article/2870967/dam-safety-program/,No
Harlan County Dam,Harlan County Lake,,NE01066,,NE01066,USACE - Kansas City District,Federal,Federal,0,No,CENWK,No,Flood Risk Reduction,Flood Risk Reduction;Other;Irrigation;Fish and Wildlife Pond;Recreation;Water Supply,US Army Corps of Engineers,NE01066,40.0687618470001,-99.2112508069999,Nebraska,Harlan,Naponee,,Republican,"Nebraska, Congressional District 03",,Yes,Yes,Ne Dwee,Yes,Yes,Yes,Yes,US Army Corps of Engineers,US Army Corps of Engineers,US Army Corps of Engineers,US Army Corps of Engineers,US Army Corps of Engineers,US Army Corps of Engineers,US Army Corps of Engineers,US Army Corps of Engineers,,,Gravity,Gravity;Concrete;Earth,Earth,Rock;Soil,107,105,107,107,Greater than 100 feet,11827,13400000,1952,1950-1959,,825700,825700,327600,13600,7636,485000,Controlled,856,0,0,0,,,Slide (sluice gate)2;Slide (sluice gate)9;Tainter (radial)18;Valve1,08/12/2026,06/12/2025,5,High,Not Available,,"Under Investigation, Planning, Permitting, or Design for Remediation",11/20/2025,Yes,09/30/2020,Yes,https://www.nwk.usace.army.mil/Missions/Civil-Works/Dam-Safety-Program/,No
Hidden Dam,Hensley Lake,,CA10244,,CA10244,USACE - Sacramento District,Federal,Federal,0,No,,No,Flood Risk Reduction,Flood Risk Reduction;Irrigation;Recreation;Hydroelectric,US Army Corps of Engineers,CA10244,37.1106616340001,-119.884579979,California,Madera,Madera,16,Fresno River,"California, Congressional District 05",,No,No,,No,No,No,Yes,US Army Corps of Engineers,US Army Corps of Engineers,US Army Corps of Engineers,US Army Corps of Engineers,US Army Corps of Engineers,US Army Corps of Engineers,US Army Corps of Engineers,US Army Corps of Engineers,,,Earth,Earth,Earth,,140,163,184,184,Greater than 100 feet,5730,0,1975,1970-1979,,116727,116727,64298,1570,234,106000,Uncontrolled,575,0,0,0,,,,07/02/2026,12/06/2024,5,High,Not Available,,Normal Operations,11/20/2025,Yes,03/09/2026,Yes,https://www.spk.usace.army.mil/Missions/Civil-Works/Dam-Safety-Program/,No
Mississippi River Lock and Dam 17,Pool 17,,IA00009,,IA00009,USACE - Rock Island District,Federal,Federal,0,No,CEMVR,No,Navigation,Navigation,US Army Corps of Engineers,IA00009,41.191653451,-91.058448842,Iowa,Mercer,New Boston,,Mississippi River,"Illinois, Congressional District 15",,No,No,,No,No,No,Yes,US Army Corps of Engineers,US Army Corps of Engineers,US Army Corps of Engineers,US Army Corps of Engineers,US Army Corps of Engineers,US Army Corps of Engineers,US Army Corps of Engineers,US Army Corps of Engineers,,,Concrete,Concrete;Earth;Gravity,Concrete,Soil,,8,47,47,25-50 feet,3510,182075,1939,1930-1939,,50000,50000,0,8312,99600,370000,Uncontrolled,921,1,600,110,,,Roller3;Tainter (radial)8;Uncontrolled0,01/08/2026,06/22/2022,5,Significant,Not Available,,Normal Operations,11/20/2025,Yes,01/21/2025,N/A,https://www.usace.army.mil/Missions/Civil-Works/Dam-Safety-Program/Article/2870967/dam-safety-program/,No
Sardis Dam,Sardis Lake,Clayton Lake,OK22199,,OK22199,USACE - Tulsa District,Federal,Federal,0,No,CESWT,No,Flood Risk Reduction,Flood Risk Reduction;Other;Recreation;Water Supply,US Army Corps of Engineers,OK22199,34.6283300000001,-95.349998,Oklahoma,Pushmataha,Clayton,,Jackfork Creek,"Oklahoma, Congressional District 02",Choctaw OTSA,No,No,,No,No,No,Yes,US Army Corps of Engineers,US Army Corps of Engineers,US Army Corps of Engineers,US Army Corps of Engineers,US Army Corps of Engineers,US Army Corps of Engineers,US Army Corps of Engineers,US Army Corps of Engineers,,,Earth,Earth,Earth,Rock;Soil,83,77,83,83,51-100 feet,14138,7300000,1982,1980-1989,,735830,735830,274330,13610,275,29400,Uncontrolled,215,0,0,0,,,,09/24/2026,09/25/2025,5,High,Not Available,,"Under Investigation, Planning, Permitting, or Design for Remediation",11/20/2025,Yes,04/13/2026,Yes,https://www.swt.usace.army.mil/Locations/Tulsa-District-Lakes/Oklahoma/Sardis-Lake/,No
Mississippi River Lock and Dam 22,Pool 22,,MO10305,,MO10305,USACE - Rock Island District,Federal,Federal,0,No,CEMVR,No,Navigation,Navigation,US Army Corps of Engineers,MO10305,39.6367003290001,-91.2481723609999,Missouri,Ralls,Ashburn,,Mississippi River,"Missouri, Congressional District 06",,No,No,,No,No,No,Yes,US Army Corps of Engineers,US Army Corps of Engineers,US Army Corps of Engineers,US Army Corps of Engineers,US Army Corps of Engineers,US Army Corps of Engineers,US Army Corps of Engineers,US Army Corps of Engineers,,,Concrete,Concrete;Earth;Gravity,Concrete,Soil,,11,32,32,25-50 feet,3264,142500,1938,1930-1939,,80000,80000,0,8540,137500,537000,Uncontrolled,1024,1,600,110,,,Roller3;Tainter (radial)9;Uncontrolled0,01/08/2026,08/10/2023,5,Significant,Not Available,,Normal Operations,11/20/2025,Yes,10/12/2023,N/A,https://www.usace.army.mil/Missions/Civil-Works/Dam-Safety-Program/Article/2870967/dam-safety-program/,No
Mississippi River Lock and Dam 12,Pool 12,,IA00004,,IA00004,USACE - Rock Island District,Federal,Federal,0,No,CEMVR,No,Navigation,Navigation,US Army Corps of Engineers,IA00004,42.261235657,-90.4211603429999,Iowa,Jo Daviess,Bellevue,,Mississippi River,"Illinois, Congressional District 16",,No,No,,No,No,No,Yes,US Army Corps of Engineers,US Army Corps of Engineers,US Army Corps of Engineers,US Army Corps of Engineers,US Army Corps of Engineers,US Army Corps of Engineers,US Army Corps of Engineers,US Army Corps of Engineers,,,Concrete,Concrete;Earth;Gravity,Concrete,Soil,,9,44,44,25-50 feet,8577,494390,1938,1930-1939,,92000,92000,0,10500,82400,32700,Uncontrolled,850,1,600,110,,,Roller3;Tainter (radial)7;Uncontrolled0,08/07/2026,04/09/2024,5,Significant,Not Available,,Normal Operations,11/20/2025,Yes,08/26/2022,N/A,https://www.usace.army.mil/Missions/Civil-Works/Dam-Safety-Program/Article/2870967/dam-safety-program/,No
Dover Dam,,,OH00003,,OH00003,USACE - Huntington District,Federal,Federal,6,No,CELRH,No,Flood Risk Reduction,Flood Risk Reduction,US Army Corps of Engineers,OH00003,40.5576996500001,-81.412536662,Ohio,Tuscarawas,Dover,,Tuscarawas River,"Ohio, Congressional District 06",,No,No,,No,No,No,Yes,US Army Corps of Engineers,US Army Corps of Engineers,US Army Corps of Engineers,US Army Corps of Engineers,US Army Corps of Engineers,US Army Corps of Engineers,US Army Corps of Engineers,US Army Corps of Engineers,,,Gravity,Gravity,Concrete,Rock,,56,83,83,51-100 feet,824,155500,1938,1930-1939,,203000,203000,0,0,1405,123000,Uncontrolled,338,0,0,0,,,Slide (sluice gate)18,09/29/2026,06/02/2025,5,High,Not Available,,Normal Operations,08/30/2026,Yes,07/29/2020,Yes,https://www.lrh.usace.army.mil/Missions/Civil-Works/Dam-Safety-Program/,No
Lopez Dam,Lopez Reservoir,,CA10020,,CA10020,USACE - Los Angeles District,Federal,Federal,0,No,CESPL,No,Debris Control,Debris Control;Flood Risk Reduction,US Army Corps of Engineers,CA10020,34.304010019,-118.4103867109999,California,Los Angeles,Los Angeles,1,Pacoima Wash,"California, Congressional District 29",,No,No,,No,No,No,Yes,US Army Corps of Engineers,US Army Corps of Engineers,US Army Corps of Engineers,US Army Corps of Engineers,US Army Corps of Engineers,US Army Corps of Engineers,US Army Corps of Engineers,US Army Corps of Engineers,,,Earth,Earth,,,50,44,,50,51-100 feet,1300,0,1954,1950-1959,,209,209,0,1,34,32000,Uncontrolled,122,0,0,0,,,None0,10/02/2026,02/27/2024,5,High,Not Available,,"Under Investigation, Planning, Permitting, or Design for Remediation",11/20/2025,Yes,04/22/2025,Yes,https://www.usace.army.mil/Missions/Civil-Works/Dam-Safety-Program/Article/2870967/dam-safety-program/,No
"Joe D. Waggonner, Jr. Lock and Dam",Joe D. Waggonner Lock and Dam;Lock No. 5;Red River Lock and Dam #5,,LA00580,,LA00580,USACE - Vicksburg District,Federal,Federal,0,No,CEMVK,No,Navigation,Navigation;Recreation;Water Supply,US Army Corps of Engineers,LA00580,32.25048,-93.495237,Louisiana,Caddo,Simmesport,37,Red River,"Louisiana, Congressional District 04",,No,No,,No,No,No,Yes,US Army Corps of Engineers,US Army Corps of Engineers,US Army Corps of Engineers,US Army Corps of Engineers,US Army Corps of Engineers,US Army Corps of Engineers,US Army Corps of Engineers,US Army Corps of Engineers,,,Gravity,Gravity,Earth,Soil,,53,122,122,Greater than 100 feet,2063,93920,1985,1980-1989,,59900,59900,43000,2620,67550,255000,Controlled,550,1,685,84,,,,05/21/2026,11/22/2022,5,Significant,Not Available,,Normal Operations,11/20/2025,Yes,05/28/2025,N/A,https://www.usace.army.mil/Missions/Civil-Works/Dam-Safety-Program/Article/2870967/dam-safety-program/,No
Wister Dam,Wister Lake,,OK10315,,OK10315,USACE - Tulsa District,Federal,Federal,0,No,CESWT,No,Flood Risk Reduction,Flood Risk Reduction;Other;Water Supply,US Army Corps of Engineers,OK10315,34.941748406,-94.716956132,Oklahoma,Le Flore,Poteau,,Poteau River,"Oklahoma, Congressional District 02",Choctaw OTSA,No,No,,No,No,No,Yes,US Army Corps of Engineers,US Army Corps of Engineers,US Army Corps of Engineers,US Army Corps of Engineers,US Army Corps of Engineers,US Army Corps of Engineers,US Army Corps of Engineers,US Army Corps of Engineers,,,Earth,Earth,Earth,Rock;Soil,99,95,99,99,51-100 feet,5700,2481000,1949,1940-1949,,427481,427481,51589,6745,993,170910,Uncontrolled,600,0,0,0,,,Vertical Lift0,09/29/2026,06/22/2022,5,High,Not Available,,"Under Investigation, Planning, Permitting, or Design for Remediation",11/20/2025,Yes,04/13/2026,Yes,https://www.swt.usace.army.mil/Locations/Tulsa-District-Lakes/Oklahoma/Wister-Lake/,No
Birch Dam,Birch Lake,,OK20508,,OK20508,USACE - Tulsa District,Federal,Federal,0,No,CESWT,No,Flood Risk Reduction,Flood Risk Reduction;Recreation;Water Supply,US Army Corps of Engineers,OK20508,36.5314709130001,-96.160604596,Oklahoma,Osage,Avant,,Birch Creek,"Oklahoma, Congressional District 03",Osage Reservation,No,No,,No,No,No,Yes,US Army Corps of Engineers,US Army Corps of Engineers,US Army Corps of Engineers,US Army Corps of Engineers,US Army Corps of Engineers,US Army Corps of Engineers,US Army Corps of Engineers,US Army Corps of Engineers,,,Earth,Earth,Earth,Rock;Soil,97,94,97,97,51-100 feet,3193,1900000,1977,1970-1979,,111100,111100,19225,1145,66,37200,Uncontrolled,135,0,0,0,,,,09/24/2026,01/14/2025,5,High,Not Available,,Normal Operations,11/20/2025,Yes,07/18/2025,Yes,https://www.swt.usace.army.mil/Locations/Tulsa-District-Lakes/Oklahoma/Birch-Lake/,No
Mississippi River Lock and Dam 16,Pool 16,,IA00008,,IA00008,USACE - Rock Island District,Federal,Federal,0,No,CEMVR,No,Navigation,Navigation,US Army Corps of Engineers,IA00008,41.4272576700001,-91.010532886,Iowa,Muscatine,Muscatine,,Mississippi River,"Iowa, Congressional District 01",,No,No,,No,No,No,Yes,US Army Corps of Engineers,US Army Corps of Engineers,US Army Corps of Engineers,US Army Corps of Engineers,US Army Corps of Engineers,US Army Corps of Engineers,US Army Corps of Engineers,US Army Corps of Engineers,,,Concrete,Concrete;Earth;Gravity,Concrete,Soil,,9,34,34,25-50 feet,4400,136751,1937,1930-1939,,88000,88000,0,12047,99400,379000,Uncontrolled,1315,1,600,110,,,Roller4;Tainter (radial)15;Uncontrolled0,01/08/2026,07/20/2021,5,Significant,Not Available,,Normal Operations,11/20/2025,Yes,06/08/2021,N/A,https://www.usace.army.mil/Missions/Civil-Works/Dam-Safety-Program/Article/2870967/dam-safety-program/,No
Russell B. Long Lock and Dam,Lock No.4;Red River Lock and Dam #4;Russell B. Long Lock and Dam,,LA00583,,LA00583,USACE - Vicksburg District,Federal,Federal,0,No,CEMVK,No,Navigation,Navigation;Recreation;Water Supply,US Army Corps of Engineers,LA00583,31.9388000000001,-93.2712999999999,Louisiana,Red River,Powhatan,7,Red River,"Louisiana, Congressional District 04",,No,No,,No,No,No,Yes,US Army Corps of Engineers,US Army Corps of Engineers,US Army Corps of Engineers,US Army Corps of Engineers,US Army Corps of Engineers,US Army Corps of Engineers,US Army Corps of Engineers,US Army Corps of Engineers,,,Gravity,Gravity,Earth,Soil,,58,110,110,Greater than 100 feet,681,83910,1995,1990-1999,,70500,70500,70500,7500,63350,227400,Controlled,300,1,685,84,,,,05/21/2026,05/09/2023,5,Significant,Not Available,,Normal Operations,11/20/2025,Yes,05/28/2025,N/A,https://www.usace.army.mil/Missions/Civil-Works/Dam-Safety-Program/Article/2870967/dam-safety-program/,No
Mississippi River Lock and Dam 13,Lake Clinton,,IA00005,,IA00005,USACE - Rock Island District,Federal,Federal,0,No,CEMVR,No,Navigation,Navigation,US Army Corps of Engineers,IA00005,41.8980283710001,-90.155645423,Iowa,Whiteside,Clinton,,Mississippi River,"Illinois, Congressional District 17",,No,No,,No,No,No,Yes,US Army Corps of Engineers,US Army Corps of Engineers,US Army Corps of Engineers,US Army Corps of Engineers,US Army Corps of Engineers,US Army Corps of Engineers,US Army Corps of Engineers,US Army Corps of Engineers,,,Concrete,Concrete;Earth;Gravity,Concrete,Soil,,11,44,44,25-50 feet,14390,283950,1939,1930-1939,,192000,192000,0,29103,85500,337000,Uncontrolled,2696,1,600,110,,,Roller3;Tainter (radial)10;Uncontrolled0,12/04/2025,05/27/2025,5,Significant,Not Available,,Normal Operations,11/20/2025,Yes,06/01/2021,N/A,https://www.usace.army.mil/Missions/Civil-Works/Dam-Safety-Program/Article/2870967/dam-safety-program/,No
Arkport Dam,,,NY00856,,NY00856,USACE - Baltimore District,Federal,Federal,0,No,CENAB,No,Flood Risk Reduction,Flood Risk Reduction,US Army Corps of Engineers,NY00856,42.3969861110001,-77.7150338449999,New York,Steuben,Arkport,,Canisteo River,"New York, Congressional District 23",,Yes,Yes,,Yes,Yes,Yes,Yes,US Army Corps of Engineers,US Army Corps of Engineers,US Army Corps of Engineers,US Army Corps of Engineers,US Army Corps of Engineers,US Army Corps of Engineers,US Army Corps of Engineers,US Army Corps of Engineers,,,Earth,Earth,Earth,,131,125,131,131,Greater than 100 feet,1200,972000,1940,1940-1949,,11095,11095,0,0,30,1040,Uncontrolled,160,0,0,0,,,None0,09/25/2026,07/16/2025,5,High,Not Available,,Normal Operations,11/20/2025,Yes,02/28/2026,Yes,https://www.usace.army.mil/Missions/Civil-Works/Dam-Safety-Program/Article/2870967/dam-safety-program/,No
Marseilles Lock and Dam,Marseilles Pool,,IL00003,,IL00003,USACE - Rock Island District,Federal,Federal,0,No,CEMVR,No,Navigation,Navigation,US Army Corps of Engineers,IL00003,41.32295673,-88.708562183,Illinois,LaSalle,Ottawa,,Illinois River,"Illinois, Congressional District 16",,Yes,Yes,,Yes,Yes,Yes,Yes,US Army Corps of Engineers,US Army Corps of Engineers,US Army Corps of Engineers,US Army Corps of Engineers,US Army Corps of Engineers,US Army Corps of Engineers,US Army Corps of Engineers,US Army Corps of Engineers,,,Concrete,Concrete;Gravity,Concrete,Rock,,27,58,58,51-100 feet,2078,66000,1933,1930-1939,,14000,14000,0,0,8259,137000,None,0,1,600,110,,,Tainter (radial)8;Uncontrolled0,09/27/2026,06/21/2023,5,Significant,Not Available,,Normal Operations,11/20/2025,Yes,08/01/2018,Yes,https://www.usace.army.mil/Missions/Civil-Works/Dam-Safety-Program/Article/2870967/dam-safety-program/,No
Red River Lock and Dam 3,Lock No.3,,LA00582,,LA00582,USACE - Vicksburg District,Federal,Federal,0,No,CEMVK,No,Navigation,Navigation;Recreation;Water Supply,US Army Corps of Engineers,LA00582,31.52281321,-92.726105024,Louisiana,Natchitoches,Colfax,1,Red River,"Louisiana, Congressional District 06",,No,No,,No,No,No,Yes,US Army Corps of Engineers,US Army Corps of Engineers,US Army Corps of Engineers,US Army Corps of Engineers,US Army Corps of Engineers,US Army Corps of Engineers,US Army Corps of Engineers,US Army Corps of Engineers,,,Gravity,Gravity,Earth,Soil,,63,134,134,Greater than 100 feet,866,120132,1991,1990-1999,,108500,108500,108500,9500,66060,248600,Controlled,360,1,685,84,,,,09/29/2026,04/07/2026,5,Significant,Not Available,,Normal Operations,11/20/2025,Yes,05/28/2025,N/A,https://www.usace.army.mil/Missions/Civil-Works/Dam-Safety-Program/Article/2870967/dam-safety-program/,No
Mississippi River Lock and Dam 5a,Pool 5a,,MN00588,,MN00588,USACE - St. Paul District,Federal,Federal,1,No,CEMVP,No,Navigation,Navigation;Recreation,US Army Corps of Engineers,MN00588,44.0881150390001,-91.66925527,Minnesota,Winona,Winona,3,Mississippi,"Minnesota, Congressional District 01",,No,No,,No,No,No,Yes,US Army Corps of Engineers,US Army Corps of Engineers,US Army Corps of Engineers,US Army Corps of Engineers,US Army Corps of Engineers,US Army Corps of Engineers,US Army Corps of Engineers,US Army Corps of Engineers,,,Concrete,Concrete;Earth,Earth,Soil,17,30,46,46,25-50 feet,21520,1271600,1936,1930-1939,,260000,260000,27700,7000,59105,268000,Controlled,575,1,600,110,,,Roller5;Tainter (radial)5;Uncontrolled0,04/29/2026,04/24/2017,5,Significant,Not Available,,Normal Operations,11/20/2025,Yes,05/01/1997,N/A,https://www.usace.army.mil/Missions/Civil-Works/Dam-Safety-Program/Article/2870967/dam-safety-program/,No
Grays Landing Lock and Dam,Grays Landing Pool,,PA00124,,PA00124,USACE - Pittsburgh District,Federal,Federal,0,No,CELRP,No,Navigation,Navigation,US Army Corps of Engineers,PA00124,39.8235545010001,-79.92200876,Pennsylvania,Greene,Grays Landing,1,Monongahela River,"Pennsylvania, Congressional District 14",,No,No,,No,No,No,Yes,US Army Corps of Engineers,US Army Corps of Engineers,US Army Corps of Engineers,US Army Corps of Engineers,US Army Corps of Engineers,US Army Corps of Engineers,US Army Corps of Engineers,US Army Corps of Engineers,,,Gravity,Gravity,Concrete,Rock,,33,33,33,25-50 feet,680,66000,1995,1990-1999,,12500,12500,12500,796,4460,80000,Uncontrolled,576,1,720,84,,,None0;Uncontrolled0,09/16/2026,07/21/2020,5,Significant,Not Available,,Normal Operations,03/30/2010,Yes,03/28/2016,N/A,https://www.usace.army.mil/Missions/Civil-Works/Dam-Safety-Program/Article/2870967/dam-safety-program/,No
Hancock Brook Dam,Hancock Brook Lake,,CT00507,,CT00507,USACE - New England District,Federal,Federal,1,No,CENAE,No,Flood Risk Reduction,Flood Risk Reduction,US Army Corps of Engineers,CT00507,41.6219378910001,-73.0374780189999,Connecticut,Litchfield,Waterbury,,Hancock Brook,"Connecticut, Congressional District 05",,No,No,,No,No,No,Yes,US Army Corps of Engineers,US Army Corps of Engineers,US Army Corps of Engineers,US Army Corps of Engineers,US Army Corps of Engineers,US Army Corps of Engineers,US Army Corps of Engineers,US Army Corps of Engineers,,,Earth,Earth,Earth,Rock;Soil,35,30,35,35,25-50 feet,2300,177700,1966,1960-1969,,8720,8720,130,40,12,16600,Uncontrolled,100,0,0,0,,,Uncontrolled0,04/20/2026,10/15/2025,5,High,Not Available,,Normal Operations,11/20/2025,Yes,07/01/2013,Yes,https://www.nae.usace.army.mil/Missions/Civil-Works/Flood-Risk-Management/Connecticut/Hancock-Brook/,No
Kaw Dam,Kaw Lake,,OK20509,,OK20509,USACE - Tulsa District,Federal,Federal,0,No,CESWT,No,Flood Risk Reduction,Flood Risk Reduction;Other;Recreation;Hydroelectric;Water Supply,US Army Corps of Engineers,OK20509,36.6988200000001,-96.919588749,Oklahoma,Osage,Ponca City,,Arkansas River,"Oklahoma, Congressional District 03",Osage Reservation,No,No,,No,No,No,Yes,US Army Corps of Engineers,US Army Corps of Engineers,US Army Corps of Engineers,US Army Corps of Engineers,US Army Corps of Engineers;Federal Energy Regulatory Commission,US Army Corps of Engineers;Federal Energy Regulatory Commission,US Army Corps of Engineers,US Army Corps of Engineers,,,Gravity,Gravity;Earth,Earth,Rock;Soil,125,120,125,125,Greater than 100 feet,9466,8560000,1976,1970-1979,,1327160,1327160,406540,16750,6652,616200,Controlled,400,0,0,0,,,,09/21/2026,07/09/2024,5,High,Not Available,,Normal Operations,11/20/2025,Yes,04/16/2024,Yes,https://www.swt.usace.army.mil/Locations/Tulsa-District-Lakes/Oklahoma/Kaw-Lake/,No
Mosquito Creek Dam,Mosquito Creek Lake,,OH00031,,OH00031,USACE - Pittsburgh District,Federal,Federal,0,No,CELRP,No,Flood Risk Reduction,Flood Risk Reduction;Other;Fish and Wildlife Pond;Recreation;Water Supply,US Army Corps of Engineers,OH00031,41.2999990000001,-80.7583309999999,Ohio,Trumbull,Warren,,Mosquito Creek,"Ohio, Congressional District 14",,No,No,,No,No,No,Yes,US Army Corps of Engineers,US Army Corps of Engineers,US Army Corps of Engineers,US Army Corps of Engineers,US Army Corps of Engineers,US Army Corps of Engineers,US Army Corps of Engineers,US Army Corps of Engineers,,,Earth,Earth,Earth,Soil,,43,47,47,25-50 feet,5650,600000,1944,1940-1949,,180000,180000,82400,7850,97,4180,Uncontrolled,260,0,0,0,,,Slide (sluice gate)9,09/30/2026,05/06/2026,5,High,Not Available,,Normal Operations,11/20/2025,Yes,,Yes,https://www.usace.army.mil/Missions/Civil-Works/Dam-Safety-Program/Article/2870967/dam-safety-program/,No
Coyote Valley Dam,Lake Mendocino,,CA10201,,CA10201,USACE - San Francisco District,Federal,Federal,0,No,CESPN,No,Flood Risk Reduction,Flood Risk Reduction;Recreation;Hydroelectric;Water Supply,US Army Corps of Engineers,CA10201,39.1987990000001,-123.1833,California,Mendocino,Ukiah,2,East Fork Russian River,"California, Congressional District 02",,No,No,,No,No,No,Yes,US Army Corps of Engineers,US Army Corps of Engineers,US Army Corps of Engineers,US Army Corps of Engineers,US Army Corps of Engineers,US Army Corps of Engineers,US Army Corps of Engineers,US Army Corps of Engineers,,,Earth,Earth,Earth,Soil,164,161,180,180,Greater than 100 feet,3525,0,1959,1950-1959,,155500,155500,74500,1740,105,35800,Uncontrolled,250,0,0,0,,,None0,01/08/2026,06/21/2022,5,High,Not Available,,Normal Operations,11/06/2020,Yes,09/06/2024,Yes,https://www.usace.army.mil/Missions/Civil-Works/Dam-Safety-Program/Article/2870967/dam-safety-program/,No
Albeni Falls Dam,Pend Oreille Lake,,ID00319,,ID00319,USACE - Seattle District,Federal,Federal,0,No,CE,No,Hydroelectric,Hydroelectric;Navigation;Recreation;Flood Risk Reduction,US Army Corps of Engineers,ID00319,48.179581532,-116.999649027,Idaho,Bonner,Newport,2,Pend Oreille River,"Idaho, Congressional District 01",,Yes,Yes,,Yes,Yes,Yes,Yes,US Army Corps of Engineers;Forest Service,US Army Corps of Engineers;Forest Service,US Army Corps of Engineers;Forest Service,US Army Corps of Engineers;Forest Service,US Army Corps of Engineers,US Army Corps of Engineers;Forest Service,US Army Corps of Engineers;Forest Service,US Army Corps of Engineers,,,Concrete,Concrete;Gravity,,,,90,180,180,Greater than 100 feet,1055,0,1955,1950-1959,,1155000,1155000,1153000,94600,24200,420000,Controlled,400,0,0,0,,,Vertical Lift10,07/13/2026,04/28/2025,5,High,Not Available,,Normal Operations,11/20/2025,Yes,11/22/2024,Yes,https://www.nws.usace.army.mil/Missions/Civil-Works/Locks-and-Dams/Albeni-Falls-Dam/,No
Mississippi River Locks and Dam 14,Pool 14,,IA00006,,IA00006,USACE - Rock Island District,Federal,Federal,0,No,CEMVR,No,Navigation,Navigation,US Army Corps of Engineers,IA00006,41.573891922,-90.3995067019999,Iowa,Scott,Hampton,,Mississippi River,"Iowa, Congressional District 01",,No,No,,No,No,No,Yes,US Army Corps of Engineers,US Army Corps of Engineers,US Army Corps of Engineers,US Army Corps of Engineers,US Army Corps of Engineers,US Army Corps of Engineers,US Army Corps of Engineers,US Army Corps of Engineers,,,Concrete,Concrete;Earth;Gravity,Concrete,Rock,,11,39,39,25-50 feet,2874,127575,1939,1930-1939,,82000,82000,0,10450,88400,344000,Controlled,1343,2,600,110,,,Roller4;Tainter (radial)13,12/04/2025,07/09/2025,5,Significant,Not Available,,Normal Operations,11/20/2025,Yes,05/24/2017,N/A,https://www.usace.army.mil/Missions/Civil-Works/Dam-Safety-Program/Article/2870967/dam-safety-program/,No
Rathbun Dam,Rathbun Lake,,IA00016,,IA00016,USACE - Kansas City District,Federal,Federal,0,No,,No,Flood Risk Reduction,Flood Risk Reduction;Other;Navigation;Fish and Wildlife Pond;Recreation,US Army Corps of Engineers,IA00016,40.8261723100001,-92.887485301,Iowa,Appanoose,Rathbun,,Chariton River,"Iowa, Congressional District 03",,No,No,,No,No,No,Yes,US Army Corps of Engineers,US Army Corps of Engineers,US Army Corps of Engineers,US Army Corps of Engineers,US Army Corps of Engineers,US Army Corps of Engineers,US Army Corps of Engineers,US Army Corps of Engineers,,,Earth,Earth,,,,92,100,100,51-100 feet,10120,5352000,1969,1960-1969,,552000,552000,205359,11013,549,45600,Uncontrolled,500,0,0,0,,,,07/27/2026,07/16/2026,5,High,Not Available,,Normal Operations,11/20/2025,Yes,09/30/2020,Yes,https://www.nwk.usace.army.mil/Missions/Civil-Works/Dam-Safety-Program/,No
Santa Fe Dam,Santa Fe Reservoir,,CA10024,,CA10024,USACE - Los Angeles District,Federal,Federal,0,No,CESPL,No,Flood Risk Reduction,Flood Risk Reduction;Recreation;Water Supply,US Army Corps of Engineers,CA10024,34.1133310000001,-117.9682999999999,California,Los Angeles,El Monte,,San Gabriel River,"California, Congressional District 31",,No,No,,No,No,No,Yes,US Army Corps of Engineers,US Army Corps of Engineers,US Army Corps of Engineers,US Army Corps of Engineers,US Army Corps of Engineers,US Army Corps of Engineers,US Army Corps of Engineers,US Army Corps of Engineers,,,Earth,Earth,,,92,87,,92,51-100 feet,23800,0,1949,1940-1949,,45409,45409,0,1,236,200100,Uncontrolled,1200,0,0,0,,,Vertical Lift0,10/02/2026,05/28/2024,5,High,Not Available,,"Under Investigation, Planning, Permitting, or Design for Remediation",07/25/2025,Yes,04/22/2025,Yes,https://www.spl.usace.army.mil/Missions/Asset-Management/Santa-Fe-Dam/,No
Longview Dam,Longview Lake,,MO82202,,MO82202,USACE - Kansas City District,Federal,Federal,0,No,CENWK,No,Flood Risk Reduction,Flood Risk Reduction;Other;Fish and Wildlife Pond;Recreation;Water Supply,US Army Corps of Engineers,MO82202,38.92364173,-94.46769911,Missouri,Jackson,Kansas City,1,Little Blue River,"Missouri, Congressional District 05",,No,No,,No,No,No,Yes,US Army Corps of Engineers,US Army Corps of Engineers,US Army Corps of Engineers,US Army Corps of Engineers,US Army Corps of Engineers,US Army Corps of Engineers,US Army Corps of Engineers,US Army Corps of Engineers,,,Earth,Earth,Earth,Rock;Soil,,120,125,125,Greater than 100 feet,1900,1943000,1985,1980-1989,,46900,46900,22100,930,50,22970,Uncontrolled,200,0,0,0,,,Uncontrolled0,05/13/2026,10/25/2023,5,High,Not Available,,Normal Operations,11/20/2025,Yes,01/13/2021,Yes,https://www.nwk.usace.army.mil/Missions/Civil-Works/Dam-Safety-Program/,No
Mcnary Lock and Dam - Richland Levee 4a,,,OR00616,S012,OR00616S012,USACE - Walla Walla District,Federal,Federal,,Yes,,No,Flood Risk Reduction,Flood Risk Reduction,US Army Corps of Engineers,OR00616S012,46.240701532702,-119.23629208719932,Oregon,Benton,Richland,,Columbia,"Washington, Congressional District 04",,Yes,Yes,Owrd,Yes,Yes,Yes,Yes,US Army Corps of Engineers,US Army Corps of Engineers,US Army Corps of Engineers,US Army Corps of Engineers,US Army Corps of Engineers,US Army Corps of Engineers,US Army Corps of Engineers,US Army Corps of Engineers,,,Earth,Earth,Earth,Soil,30,,,30,25-50 feet,4730,,1952,1950-1959,,0,,,,,,,,,,,,,,01/30/2026,10/26/2023,5,High,Not Available,,Normal Operations,11/20/2025,Yes,07/06/2022,No,https://www.nww.usace.army.mil/Locations/District-Locks-and-Dams/McNary-Lock-and-Dam/,No
Hildebrand Lock and Dam,Hildebrand Pool,,WV06107,,WV06107,USACE - Pittsburgh District,Federal,Federal,0,No,CELRP,No,Navigation,Navigation,US Army Corps of Engineers,WV06107,39.5824660000001,-80.009978,West Virginia,Monongalia,Morgantown,6,Monongahela River,"West Virginia, Congressional District 02",,No,No,,No,No,No,Yes,US Army Corps of Engineers,US Army Corps of Engineers,US Army Corps of Engineers,US Army Corps of Engineers,US Army Corps of Engineers,US Army Corps of Engineers,US Army Corps of Engineers,US Army Corps of Engineers,,,Gravity,Gravity,Concrete,Rock,,45,64,64,51-100 feet,649,0,1960,1960-1969,,7600,7600,7600,405,2544,101000,Controlled,460,1,600,84,,,Tainter (radial)6,09/16/2026,05/29/2026,5,Low,Not Available,,Normal Operations,11/20/2025,Yes,03/28/2016,N/A,https://www.usace.army.mil/Missions/Civil-Works/Dam-Safety-Program/Article/2870967/dam-safety-program/,No
Everett Dam - Dike P-1,,,NH01045,S001,NH00002S001,USACE - New England District,Federal,Federal,0,Yes,,No,Flood Risk Reduction,Flood Risk Reduction;Recreation,US Army Corps of Engineers,NH00002S001,43.137277,-71.632836,New Hampshire,Hillsborough,Goffstown,,Piscataquqg River,"New Hampshire, Congressional District 02",,Yes,Yes,Nh Des,Yes,Yes,Yes,Yes,US Army Corps of Engineers,US Army Corps of Engineers,US Army Corps of Engineers,US Army Corps of Engineers,US Army Corps of Engineers,US Army Corps of Engineers,US Army Corps of Engineers,US Army Corps of Engineers,,,Rockfill,Rockfill;Earth;Gravity,Earth,,50,45,50,50,51-100 feet,4050,1771000,1961,1960-1969,,131000,131000,1000,1,64,28500,Uncontrolled,175,0,0,0,,,,01/08/2026,11/08/2021,5,High,Not Available,,Normal Operations,10/02/2020,Yes,11/12/2020,Yes,https://www.nae.usace.army.mil/Missions/Civil-Works/Flood-Risk-Management/New-Hampshire/Hop-Ev/,No
Chouteau Lock and Dam,Chouteau Lock and Dam,Lock and Dam 17,OK10303,,OK10303,USACE - Tulsa District,Federal,Federal,0,No,CESWT,No,Navigation,Navigation,US Army Corps of Engineers,OK10303,35.8576659390001,-95.370975885,Oklahoma,Wagoner,Okay,,Verdigris River,"Oklahoma, Congressional District 02",Creek OTSA,No,No,,No,No,No,Yes,US Army Corps of Engineers,US Army Corps of Engineers,US Army Corps of Engineers,US Army Corps of Engineers,US Army Corps of Engineers,US Army Corps of Engineers,US Army Corps of Engineers,US Army Corps of Engineers,,,Gravity,Gravity;Earth,Earth,Rock;Soil,53,50,53,53,51-100 feet,11690,1273000,1970,1970-1979,,23340,23340,23340,2270,240,155000,Controlled,386,1,600,110,,,,09/24/2026,03/06/2025,5,Significant,Not Available,,Normal Operations,11/20/2025,Yes,10/29/2025,N/A,https://www.swt.usace.army.mil/Locations/Tulsa-District-Lakes/Oklahoma/Chouteau-Lock-and-Dam/,No
Mcnary Lock and Dam - Kennewick Levee 20,Kennewick Levees,,OR00616,S006,OR00616S006,USACE - Walla Walla District,Federal,Federal,,Yes,,No,Flood Risk Reduction,Flood Risk Reduction,US Army Corps of Engineers,OR00616S006,46.18374118564271,-119.0740550071665,Oregon,Benton,Kennewick,,Columbia,"Washington, Congressional District 04",,Yes,Yes,Owrd,Yes,Yes,Yes,Yes,US Army Corps of Engineers,US Army Corps of Engineers,US Army Corps of Engineers,US Army Corps of Engineers,US Army Corps of Engineers,US Army Corps of Engineers,US Army Corps of Engineers,US Army Corps of Engineers,,,Earth,Earth,,,30,,,30,25-50 feet,744,,1952,1950-1959,,0,,,,,,,,,,,,,,01/30/2026,10/26/2023,5,High,Not Available,,Normal Operations,11/20/2025,Yes,07/06/2022,No,https://www.nww.usace.army.mil/Locations/District-Locks-and-Dams/McNary-Lock-and-Dam/,No
Cowanesque Dam,Cowanesque Lake,,PA01134,,PA01134,USACE - Baltimore District,Federal,Federal,0,No,CENAB,No,Flood Risk Reduction,Flood Risk Reduction;Recreation;Water Supply,US Army Corps of Engineers,PA01134,41.9871668550001,-77.152722512,Pennsylvania,Tioga,Lawrenceville,,Cowanesque River,"Pennsylvania, Congressional District 15",,No,No,,No,No,No,Yes,US Army Corps of Engineers,US Army Corps of Engineers,US Army Corps of Engineers,US Army Corps of Engineers,US Army Corps of Engineers,US Army Corps of Engineers,US Army Corps of Engineers,US Army Corps of Engineers,,,Rockfill,Rockfill;Earth,Earth,Soil,151,147,151,151,Greater than 100 feet,3100,8144000,1980,1980-1989,,84747,84747,29876,1050,298,224000,Uncontrolled,400,0,0,0,,,,04/30/2026,06/06/2024,5,High,Not Available,,Normal Operations,11/20/2025,Yes,03/02/2026,Yes,https://www.usace.army.mil/Missions/Civil-Works/Dam-Safety-Program/Article/2870967/dam-safety-program/,No
Almond Dam,Almond Lake,,NY00740,,NY00740,USACE - Baltimore District,Federal,Federal,0,No,CENAB,No,Flood Risk Reduction,Flood Risk Reduction;Recreation,US Army Corps of Engineers,NY00740,42.3461765970001,-77.7060389599999,New York,Steuben,Hornell,,Canacadea Creek,"New York, Congressional District 23",,Yes,Yes,Nys Dec,Yes,Yes,Yes,Yes,US Army Corps of Engineers,US Army Corps of Engineers,US Army Corps of Engineers,US Army Corps of Engineers,US Army Corps of Engineers,US Army Corps of Engineers,US Army Corps of Engineers,US Army Corps of Engineers,,,Earth,Earth,Earth,Soil,90,85,90,90,51-100 feet,1260,1660000,1949,1940-1949,,22977,22977,840,124,56,54000,Uncontrolled,285,0,0,0,,,,09/25/2026,07/15/2025,5,High,Not Available,,Normal Operations,11/20/2025,Yes,03/02/2026,Yes,https://www.usace.army.mil/Missions/Civil-Works/Dam-Safety-Program/Article/2870967/dam-safety-program/,No
Mud Mountain Dam,Mud Mountain Lake,,WA00300,,WA00300,USACE - Seattle District,Federal,Federal,0,No,CE,No,Flood Risk Reduction,Flood Risk Reduction;Recreation,US Army Corps of Engineers,WA00300,47.140965565,-121.933329497,Washington,King,Buckley,5,White River,"Washington, Congressional District 08",,No,No,,No,No,No,Yes,US Army Corps of Engineers,US Army Corps of Engineers,US Army Corps of Engineers,US Army Corps of Engineers,US Army Corps of Engineers,US Army Corps of Engineers,US Army Corps of Engineers,US Army Corps of Engineers,,,Rockfill,Rockfill,,,,350,425,425,Greater than 100 feet,700,2300000,1948,1940-1949,,106000,106000,0,1,400,156000,Uncontrolled,315,0,0,0,,,Tainter (radial)3,07/30/2026,07/06/2026,5,High,Not Available,,Normal Operations,11/20/2025,Yes,11/22/2024,Yes,https://www.nws.usace.army.mil/Missions/Civil-Works/Locks-and-Dams/Mud-Mountain-Dam/,No
Mcnary Lock and Dam - Kennewick Levee 6b,,Kennewick Levees,OR00616,S002,OR00616S002,USACE - Walla Walla District,Federal,Federal,,Yes,,No,Flood Risk Reduction,Flood Risk Reduction,US Army Corps of Engineers,OR00616S002,46.203810096961,-119.07526242882652,Oregon,Benton,Kennewick,,Columbia,"Washington, Congressional District 04",,Yes,Yes,Owrd,Yes,Yes,Yes,Yes,US Army Corps of Engineers,US Army Corps of Engineers,US Army Corps of Engineers,US Army Corps of Engineers,US Army Corps of Engineers,US Army Corps of Engineers,US Army Corps of Engineers,US Army Corps of Engineers,,,Earth,Earth,Earth,Soil,30,,,30,25-50 feet,15286,,1952,1950-1959,,0,,,,,,,,,,,,,,01/30/2026,10/26/2023,5,High,Not Available,,Normal Operations,11/20/2025,Yes,07/06/2022,No,https://www.nww.usace.army.mil/Locations/District-Locks-and-Dams/McNary-Lock-and-Dam/,No
Mcnary Lock and Dam - Pasco Levee 17b,Pasco Levees,,OR00616,S005,OR00616S005,USACE - Walla Walla District,Federal,Federal,,Yes,,No,Flood Risk Reduction,Flood Risk Reduction,US Army Corps of Engineers,OR00616S005,46.2456216588451,-119.17218111209128,Oregon,Franklin,Pasco,,Columbia,"Washington, Congressional District 04",,Yes,Yes,Owrd,Yes,Yes,Yes,Yes,US Army Corps of Engineers,US Army Corps of Engineers,US Army Corps of Engineers,US Army Corps of Engineers,US Army Corps of Engineers,US Army Corps of Engineers,US Army Corps of Engineers,US Army Corps of Engineers,,,Earth,Earth,Earth,Soil,30,,,30,25-50 feet,2093,,1952,1950-1959,,0,,,,,,,,,,,,,,01/30/2026,10/26/2023,5,High,Not Available,,Normal Operations,11/20/2025,Yes,07/06/2022,No,https://www.nww.usace.army.mil/Locations/District-Locks-and-Dams/McNary-Lock-and-Dam/,No
Mcnary Lock and Dam - Pasco Levee 17a,Pasco Levees,,OR00616,S009,OR00616S009,USACE - Walla Walla District,Federal,Federal,,Yes,,No,Flood Risk Reduction,Flood Risk Reduction,US Army Corps of Engineers,OR00616S009,46.24544166976563,-119.20463232740542,Oregon,Franklin,Pasco,,Columbia,"Washington, Congressional District 04",,Yes,Yes,Owrd,Yes,Yes,Yes,Yes,US Army Corps of Engineers,US Army Corps of Engineers,US Army Corps of Engineers,US Army Corps of Engineers,US Army Corps of Engineers,US Army Corps of Engineers,US Army Corps of Engineers,US Army Corps of Engineers,,,Earth,Earth,Earth,Soil,30,,,30,25-50 feet,1465,,1952,1950-1959,,0,,,,,,,,,,,,,,01/30/2026,10/26/2023,5,High,Not Available,,Normal Operations,11/20/2025,Yes,07/06/2022,No,https://www.nww.usace.army.mil/Locations/District-Locks-and-Dams/McNary-Lock-and-Dam/,No
Garrison Dam - Williston Levee,Lake Sakakawea,,ND00145,S001,ND00145S001,USACE - Omaha District,Federal,Federal,0,Yes,CENWO,No,Flood Risk Reduction,Flood Risk Reduction;Irrigation;Navigation;Recreation;Hydroelectric,US Army Corps of Engineers,ND00145S001,48.1292780000001,-103.63576,North Dakota,Williams,Williston,,Missouri River,"North Dakota, Congressional District 00",,Yes,Yes,Ndswc,Yes,Yes,Yes,Yes,US Army Corps of Engineers,US Army Corps of Engineers,US Army Corps of Engineers,US Army Corps of Engineers,US Army Corps of Engineers,US Army Corps of Engineers,US Army Corps of Engineers,US Army Corps of Engineers,,,Earth,Earth,,,,28,28,28,25-50 feet,44500,66500000,1953,1950-1959,,26000000,26000000,18500000,133000,180940,0,None,0,0,0,0,,,Other Controlled0,03/12/2026,06/15/2018,5,High,Not Available,,"Under Investigation, Planning, Permitting, or Design for Remediation",11/20/2025,Yes,02/01/2020,Yes,https://www.nwo.usace.army.mil/Missions/Dam-and-Lake-Projects/Missouri-River-Dams/Garrison/,No
Thomaston Dam,Dry Reservoir,,CT00501,,CT00501,USACE - New England District,Federal,Federal,0,No,CENAE,No,Flood Risk Reduction,Flood Risk Reduction,US Army Corps of Engineers,CT00501,41.695016374,-73.0623065999999,Connecticut,Litchfield,Thomaston,,Naugatuck River,"Connecticut, Congressional District 05",,No,No,,No,No,No,Yes,US Army Corps of Engineers,US Army Corps of Engineers,US Army Corps of Engineers,US Army Corps of Engineers,US Army Corps of Engineers,US Army Corps of Engineers,US Army Corps of Engineers,US Army Corps of Engineers,,,Rockfill,Rockfill;Earth;Gravity,Earth,Rock;Soil,137,132,137,137,Greater than 100 feet,2000,1484700,1960,1960-1969,,63000,63000,0,1,97,132200,Uncontrolled,435,0,0,0,,,,01/08/2026,11/14/2023,5,High,Not Available,,Normal Operations,05/04/2020,Yes,09/26/2022,Yes,https://www.nae.usace.army.mil/Missions/Civil-Works/Flood-Risk-Management/Connecticut/Thomaston-Dam/,No
Mcnary Lock and Dam - Richland Levee 2c,Richland Levees,,OR00616,S011,OR00616S011,USACE - Walla Walla District,Federal,Federal,,Yes,,No,Flood Risk Reduction,Flood Risk Reduction,US Army Corps of Engineers,OR00616S011,46.28690511230268,-119.2711295825339,Oregon,Benton,Kennewick,,Columbia,"Washington, Congressional District 04",,Yes,Yes,Owrd,Yes,Yes,Yes,Yes,US Army Corps of Engineers,US Army Corps of Engineers,US Army Corps of Engineers,US Army Corps of Engineers,US Army Corps of Engineers,US Army Corps of Engineers,US Army Corps of Engineers,US Army Corps of Engineers,,,Earth,Earth,Earth,Soil,30,,,30,25-50 feet,8076,,1952,1950-1959,,0,,,,,,,,,,,,,,01/30/2026,10/26/2023,5,High,Not Available,,Normal Operations,11/20/2025,Yes,07/06/2022,No,https://www.nww.usace.army.mil/Locations/District-Locks-and-Dams/McNary-Lock-and-Dam/,No
Denison Dam,Lake Texoma,,OK10317,,OK10317,USACE - Tulsa District,Federal,Federal,2,No,,No,Flood Risk Reduction,Flood Risk Reduction;Other;Hydroelectric;Water Supply,US Army Corps of Engineers,OK10317,33.830221221,-96.570868316,Oklahoma,Bryan,Hendrix,,Red River,"Oklahoma, Congressional District 02",Chickasaw OTSA,No,No,,No,No,No,Yes,US Army Corps of Engineers,US Army Corps of Engineers,US Army Corps of Engineers,US Army Corps of Engineers,US Army Corps of Engineers,US Army Corps of Engineers,US Army Corps of Engineers,US Army Corps of Engineers,,,Earth,Earth,Earth,Rock,165,161,165,165,Greater than 100 feet,17200,18800000,1944,1940-1949,,5194163,5194163,2580386,86910,39719,1050000,Uncontrolled,2000,0,0,0,,,Vertical Lift0,04/27/2026,11/08/2022,5,High,Not Available,,Normal Operations,11/20/2025,Yes,10/29/2025,Yes,https://www.swt.usace.army.mil/Locations/Tulsa-District-Lakes/Oklahoma/Lake-Texoma/,No
Mcnary Lock and Dam - Kennewick Levee 7,,Kennewick Levees,OR00616,S003,OR00616S003,USACE - Walla Walla District,Federal,Federal,,Yes,,No,Flood Risk Reduction,Flood Risk Reduction,US Army Corps of Engineers,OR00616S003,46.17209840165588,-119.02786614754872,Oregon,Benton,Kennewick,,Columbia,"Washington, Congressional District 04",,Yes,Yes,Owrd,Yes,Yes,Yes,Yes,US Army Corps of Engineers,US Army Corps of Engineers,US Army Corps of Engineers,US Army Corps of Engineers,US Army Corps of Engineers,US Army Corps of Engineers,US Army Corps of Engineers,US Army Corps of Engineers,,,Earth,Earth,Earth,Soil,11,4,15,15,Less than 25 feet,1072,,1952,1950-1959,,0,,,,,,,,,,,,,,01/30/2026,10/26/2023,5,High,Not Available,,Normal Operations,11/20/2025,Yes,07/06/2022,No,https://www.nww.usace.army.mil/Locations/District-Locks-and-Dams/McNary-Lock-and-Dam/,No
Beech Fork Dam,Beech Fork Lake,,WV09903,,WV09903,USACE - Huntington District,Federal,Federal,0,No,CELRH,No,Flood Risk Reduction,Flood Risk Reduction;Fish and Wildlife Pond;Recreation,US Army Corps of Engineers,WV09903,38.3040419920001,-82.41607111,West Virginia,Wayne,Lavalette,4,Beech Fork of Twelve Pole Ck.,"West Virginia, Congressional District 01",,No,No,,No,No,No,Yes,US Army Corps of Engineers,US Army Corps of Engineers,US Army Corps of Engineers,US Army Corps of Engineers,US Army Corps of Engineers,US Army Corps of Engineers,US Army Corps of Engineers,US Army Corps of Engineers,,,Earth,Earth,Earth,Rock;Soil,,58,86,86,51-100 feet,1080,1168300,1976,1970-1979,,37540,37540,9180,720,78,29500,Uncontrolled,80,0,0,0,,,Slide (sluice gate)4,08/21/2026,07/18/2024,5,High,Not Available,,"Under Investigation, Planning, Permitting, or Design for Remediation",11/20/2025,Yes,08/01/2020,Yes,https://www.lrh.usace.army.mil/Missions/Civil-Works/Dam-Safety-Program/,No
Everett Dam,Everett Lake,,NH00002,,NH00002,USACE - New England District,Federal,Federal,2,No,CENAE,No,Flood Risk Reduction,Flood Risk Reduction;Recreation,US Army Corps of Engineers,NH00002,43.0930047470001,-71.659868515,New Hampshire,Hillsborough,Goffstown,,Piscataquqg River,"New Hampshire, Congressional District 02",,Yes,Yes,Nh Des,Yes,Yes,Yes,Yes,US Army Corps of Engineers,US Army Corps of Engineers,US Army Corps of Engineers,US Army Corps of Engineers,US Army Corps of Engineers,US Army Corps of Engineers,US Army Corps of Engineers,US Army Corps of Engineers,,,Rockfill,Rockfill;Earth;Gravity,Earth,Rock,110,115,110,115,Greater than 100 feet,2000,1771000,1961,1960-1969,,131000,131000,1000,1,64,28500,Uncontrolled,175,0,0,0,,,,04/20/2026,11/08/2021,5,High,Not Available,,Normal Operations,10/29/2014,Yes,11/12/2020,Yes,https://www.nae.usace.army.mil/Missions/Civil-Works/Flood-Risk-Management/New-Hampshire/Hop-Ev/,No
Mcnary Lock and Dam - Kennewick Levee 5d,,Kennewick Levees,OR00616,S001,OR00616S001,USACE - Walla Walla District,Federal,Federal,0,Yes,,No,Flood Risk Reduction,Flood Risk Reduction,US Army Corps of Engineers,OR00616S001,46.21692377953522,-119.1227463222459,Oregon,Benton,Kennewick,,Columbia,"Washington, Congressional District 04",,Yes,Yes,Owrd,Yes,Yes,Yes,Yes,US Army Corps of Engineers,US Army Corps of Engineers,US Army Corps of Engineers,US Army Corps of Engineers,US Army Corps of Engineers,US Army Corps of Engineers,US Army Corps of Engineers,US Army Corps of Engineers,,,Earth,Earth,Earth,Soil,30,,,30,25-50 feet,12123,0,1952,1950-1959,,0,0,0,0,0,0,,0,0,0,0,,,,01/30/2026,10/26/2023,5,High,Not Available,,Normal Operations,11/20/2025,Yes,07/06/2022,No,https://www.nww.usace.army.mil/Locations/District-Locks-and-Dams/McNary-Lock-and-Dam/,No
Mcnary Lock and Dam - Richland Levee 2a,Richland Levees,,OR00616,S010,OR00616S010,USACE - Walla Walla District,Federal,Federal,0,Yes,,No,Flood Risk Reduction,Flood Risk Reduction,US Army Corps of Engineers,OR00616S010,46.25355884334878,-119.2731568461583,Oregon,Benton,Richland,,Columbia,"Washington, Congressional District 04",,Yes,Yes,Owrd,Yes,Yes,Yes,Yes,US Army Corps of Engineers,US Army Corps of Engineers,US Army Corps of Engineers,US Army Corps of Engineers,US Army Corps of Engineers,US Army Corps of Engineers,US Army Corps of Engineers,US Army Corps of Engineers,,,Earth,Earth,Earth,Soil,30,,,30,25-50 feet,6208,0,1952,1950-1959,,0,0,0,0,0,0,,0,0,0,0,,,,01/30/2026,10/26/2023,5,High,Not Available,,Normal Operations,11/20/2025,Yes,07/06/2022,No,https://www.nww.usace.army.mil/Locations/District-Locks-and-Dams/McNary-Lock-and-Dam/,No
Holt Lock and Dam,Holt Lake,,AL01426,,AL01426,USACE - Mobile District,Federal,Federal,1,No,Alabama Power Co.;CESAM,No,Navigation,Navigation;Recreation;Hydroelectric,US Army Corps of Engineers,AL01426,33.254051804,-87.4494828379999,Alabama,Tuscaloosa,Holt,2,Black Warrior River,"Alabama, Congressional District 04",,No,No,,No,No,No,Yes,US Army Corps of Engineers,US Army Corps of Engineers,US Army Corps of Engineers,US Army Corps of Engineers,US Army Corps of Engineers;Federal Energy Regulatory Commission,US Army Corps of Engineers;Federal Energy Regulatory Commission,US Army Corps of Engineers,Federal Energy Regulatory Commission,,,Gravity,Gravity,Concrete;Earth,Rock,58,108,120,120,Greater than 100 feet,1400,160000,1968,1960-1969,,187400,187400,117990,3300,4232,639500,Controlled,560,1,600,110,,,Tainter (radial)14,09/15/2026,05/22/2025,5,High,Not Available,,Normal Operations,11/20/2025,Yes,10/04/2024,Yes,https://www.sam.usace.army.mil/Missions/Civil-Works/Recreation/Black-Warrior-Tombigbee-BWT-Lakes/,No
Mathews Canyon Dam,Mathews Canyon Reservoir,,NV10002,,NV10002,USACE - Los Angeles District,Federal,Federal,0,No,CESPL,No,Flood Risk Reduction,Flood Risk Reduction,US Army Corps of Engineers,NV10002,37.498901103,-114.2239337139999,Nevada,Lincoln,Caliente,,Mathews Canyon,"Nevada, Congressional District 04",,No,No,,No,No,No,Yes,US Army Corps of Engineers,US Army Corps of Engineers,US Army Corps of Engineers,US Army Corps of Engineers,US Army Corps of Engineers,US Army Corps of Engineers,US Army Corps of Engineers,US Army Corps of Engineers,,,Earth,Earth,,,71,66,,71,51-100 feet,806,0,1957,1950-1959,,12420,12420,0,1,34,13060,Uncontrolled,50,0,0,0,,,None0,10/02/2026,06/25/2025,5,High,Not Available,,"Under Investigation, Planning, Permitting, or Design for Remediation",11/20/2025,Yes,04/22/2025,Yes,https://www.usace.army.mil/Missions/Civil-Works/Dam-Safety-Program/Article/2870967/dam-safety-program/,No
Mcnary Lock and Dam - Pasco Levee 12-2,Pasco Levees,,OR00616,S008,OR00616S008,USACE - Walla Walla District,Federal,Federal,,Yes,,No,Flood Risk Reduction,Flood Risk Reduction,US Army Corps of Engineers,OR00616S008,46.23512271577332,-119.1753401228137,Oregon,Franklin,Pasco,,Columbia,"Washington, Congressional District 04",,Yes,Yes,Owrd,Yes,Yes,Yes,Yes,US Army Corps of Engineers,US Army Corps of Engineers,US Army Corps of Engineers,US Army Corps of Engineers,US Army Corps of Engineers,US Army Corps of Engineers,US Army Corps of Engineers,US Army Corps of Engineers,,,Earth,Earth,Earth,Soil,30,,,30,25-50 feet,7416,,1952,1950-1959,,0,,,,,,,,,,,,,,01/30/2026,10/26/2023,5,High,Not Available,,Normal Operations,11/20/2025,Yes,07/06/2022,No,https://www.nww.usace.army.mil/Locations/District-Locks-and-Dams/McNary-Lock-and-Dam/,No
"Mcnary Lock and Dam - Kennewick Levees 15c, 15d, 15e",,Kennewick Levees,OR00616,S004,OR00616S004,USACE - Walla Walla District,Federal,Federal,,Yes,,No,,,US Army Corps of Engineers,OR00616S004,46.14733684523126,-119.0030815256394,Oregon,Benton,Kennewick,,Columbia,"Washington, Congressional District 04",,Yes,Yes,Owrd,Yes,Yes,Yes,Yes,US Army Corps of Engineers,US Army Corps of Engineers,US Army Corps of Engineers,US Army Corps of Engineers,US Army Corps of Engineers,US Army Corps of Engineers,US Army Corps of Engineers,US Army Corps of Engineers,,,Earth,Earth,Earth,Soil,30,,,30,25-50 feet,11330,,1952,1950-1959,,0,,,,,,,,,,,,,,01/30/2026,10/26/2023,5,High,Not Available,,Normal Operations,11/20/2025,Yes,07/06/2022,No,https://www.nww.usace.army.mil/Locations/District-Locks-and-Dams/McNary-Lock-and-Dam/,No
Table Rock Dam,Table Rock Lake,,MO30202,,MO30202,USACE - Little Rock District,Federal,Federal,0,No,CESWL,No,Flood Risk Reduction,Flood Risk Reduction;Irrigation;Fish and Wildlife Pond;Recreation;Hydroelectric;Water Supply,US Army Corps of Engineers,MO30202,36.595967187,-93.310812821,Missouri,Taney,Branson,,White,"Missouri, Congressional District 07",,No,No,,No,No,No,Yes,US Army Corps of Engineers,US Army Corps of Engineers,US Army Corps of Engineers,US Army Corps of Engineers,US Army Corps of Engineers,US Army Corps of Engineers,US Army Corps of Engineers,US Army Corps of Engineers,,,Concrete,Concrete;Earth;Gravity,Earth,Rock,252,238,260,260,Greater than 100 feet,6454,4550000,1959,1950-1959,,3462000,3462000,2702000,43100,4020,1009011,Controlled,1058,0,0,0,,,,09/18/2026,05/24/2023,5,High,Not Available,,"Under Investigation, Planning, Permitting, or Design for Remediation",11/20/2025,Yes,03/03/2026,Yes,https://www.swl.usace.army.mil/Missions/Recreation/Lakes/Table-Rock-Lake/,No
Pomme De Terre Dam,Pomme De Terre Lake,,MO30201,,MO30201,USACE - Kansas City District,Federal,Federal,0,No,CENWK,No,Flood Risk Reduction,Flood Risk Reduction;Fish and Wildlife Pond;Recreation;Water Supply,US Army Corps of Engineers,MO30201,37.9007483200001,-93.320507961,Missouri,Hickory,Hermitage,,Pomme De Terre River,"Missouri, Congressional District 04",,No,No,,No,No,No,Yes,US Army Corps of Engineers,US Army Corps of Engineers,US Army Corps of Engineers,US Army Corps of Engineers,US Army Corps of Engineers,US Army Corps of Engineers,US Army Corps of Engineers,US Army Corps of Engineers,,,Rockfill,Rockfill;Earth,Earth,Rock;Soil,,155,155,155,Greater than 100 feet,4630,6150000,1961,1960-1969,,650000,650000,230000,7820,611,73300,Uncontrolled,170,0,0,0,,,Uncontrolled0,05/13/2026,03/16/2022,5,High,Not Available,,Normal Operations,11/20/2025,Yes,09/30/2020,Yes,https://www.nwk.usace.army.mil/Missions/Civil-Works/Dam-Safety-Program/,No
Mississippi River Lock and Dam 2,Pool 2,,MN00594,,MN00594,USACE - St. Paul District,Federal,Federal,0,No,CEMVP,No,Navigation,Navigation;Other;Recreation,US Army Corps of Engineers,MN00594,44.759473085,-92.869272473,Minnesota,Dakota,Hastings,2,Mississippi River,"Minnesota, Congressional District 02",,No,No,,No,No,No,Yes,US Army Corps of Engineers,US Army Corps of Engineers,US Army Corps of Engineers,US Army Corps of Engineers,US Army Corps of Engineers;Federal Energy Regulatory Commission,US Army Corps of Engineers;Federal Energy Regulatory Commission,US Army Corps of Engineers,US Army Corps of Engineers,,,Concrete,Concrete;Earth,Earth,Soil,23,26,42,42,25-50 feet,4250,178000,1931,1930-1939,,787000,787000,82000,11810,36990,171000,Controlled,570,1,600,110,,,Tainter (radial)20,04/30/2026,08/11/2021,5,Significant,Not Available,,Normal Operations,11/20/2025,Yes,07/13/2023,N/A,https://www.usace.army.mil/Missions/Civil-Works/Dam-Safety-Program/Article/2870967/dam-safety-program/,No
Delaware Dam,Delaware Lake,,OH00015,,OH00015,USACE - Huntington District,Federal,Federal,1,No,CELRH,No,Flood Risk Reduction,Flood Risk Reduction;Other;Fish and Wildlife Pond;Recreation;Water Supply,US Army Corps of Engineers,OH00015,40.358883753,-83.0689993889999,Ohio,Delaware,Delaware,3,Olentangy River,"Ohio, Congressional District 04",,No,No,,No,No,No,Yes,US Army Corps of Engineers,US Army Corps of Engineers,US Army Corps of Engineers,US Army Corps of Engineers,US Army Corps of Engineers,US Army Corps of Engineers,US Army Corps of Engineers,US Army Corps of Engineers,,,Gravity,Gravity;Concrete;Earth,Earth,Rock;Soil,,66,92,92,51-100 feet,18600,1287000,1951,1950-1959,,132000,132000,14000,1300,386,96000,Controlled,192,0,0,0,,,Slide (sluice gate)5;Tainter (radial)6,10/01/2026,03/18/2026,5,High,Not Available,,"Under Investigation, Planning, Permitting, or Design for Remediation",11/20/2025,Yes,10/16/2020,Yes,https://www.lrh.usace.army.mil/Missions/Civil-Works/Dam-Safety-Program/,No
J. Edward Roush Dam - Markle Saddle Dam,J. Edward Roush Lake,Huntington Lake Dam,IN03006,S001,IN03006S001,USACE - Chicago District,Federal,Federal,0,Yes,,No,Flood Risk Reduction,Flood Risk Reduction,US Army Corps of Engineers,IN03006S001,40.821445807,-85.3472141359999,Indiana,Huntington,Markle,,Wabash River,"Indiana, Congressional District 03",,No,No,,No,No,No,Yes,US Army Corps of Engineers,US Army Corps of Engineers,US Army Corps of Engineers,US Army Corps of Engineers,US Army Corps of Engineers,US Army Corps of Engineers,US Army Corps of Engineers,US Army Corps of Engineers,,,Earth,Earth,,,,39,46,46,25-50 feet,4570,1111000,1968,1960-1969,,153100,153100,0,900,707,0,None,0,0,0,0,,,Slide (sluice gate)4,01/21/2026,05/23/2023,5,High,Not Available,,Normal Operations,11/20/2025,Yes,09/05/2019,Yes,https://www.usace.army.mil/Missions/Civil-Works/Dam-Safety-Program/Article/2870967/dam-safety-program/,No
Carbon Canyon Dam,Carbon Canyon Reservoir,,CA10017,,CA10017,USACE - Los Angeles District,Federal,Federal,0,No,CESPL,No,Flood Risk Reduction,Flood Risk Reduction;Recreation,US Army Corps of Engineers,CA10017,33.914578099,-117.840062769,California,Orange,Placentia,,Carbon Canyon Creek,"California, Congressional District 40",,No,No,,No,No,No,Yes,US Army Corps of Engineers,US Army Corps of Engineers,US Army Corps of Engineers,US Army Corps of Engineers,US Army Corps of Engineers,US Army Corps of Engineers,US Army Corps of Engineers,US Army Corps of Engineers,,,Earth,Earth,,,99,92,,99,51-100 feet,2610,0,1961,1960-1969,,12063,12063,0,1,19,36800,Uncontrolled,125,0,0,0,,,,10/02/2026,06/14/2022,5,High,Not Available,,"Under Investigation, Planning, Permitting, or Design for Remediation",11/20/2025,Yes,04/22/2025,Yes,https://www.usace.army.mil/Missions/Civil-Works/Dam-Safety-Program/Article/2870967/dam-safety-program/,No
Clemson Lower Diversion Dam - Saddle Dike,,,SC02754,S001,SC02754S001,USACE - Savannah District,Federal,Federal,0,Yes,CESAS,No,Flood Risk Reduction,Flood Risk Reduction,US Army Corps of Engineers,SC02754S001,34.66689,-82.84873,South Carolina,Oconee,Clemson,,Seneca,"South Carolina, Congressional District 03",,No,No,,No,No,No,Yes,US Army Corps of Engineers,US Army Corps of Engineers,US Army Corps of Engineers,US Army Corps of Engineers,US Army Corps of Engineers,US Army Corps of Engineers,US Army Corps of Engineers,US Army Corps of Engineers,,,Earth,Earth,,,30,,,30,25-50 feet,,,1961,1960-1969,,3438700,3438700,2550000,,2088,,,,,,,,,,08/03/2026,04/28/2017,5,High,Not Available,,"Under Investigation, Planning, Permitting, or Design for Remediation",11/20/2025,Yes,07/14/2022,Yes,https://www.usace.army.mil/Missions/Civil-Works/Dam-Safety-Program/Article/2870967/dam-safety-program/,
Mansfield Hollow Dam,Mansfield Hollow Lake,,CT00503,,CT00503,USACE - New England District,Federal,Federal,4,No,CENAE,No,Flood Risk Reduction,Flood Risk Reduction,US Army Corps of Engineers,CT00503,41.7557545430001,-72.181452313,Connecticut,Windham,Willimantic,,Nachaug River,"Connecticut, Congressional District 02",,No,No,,No,No,No,Yes,US Army Corps of Engineers,US Army Corps of Engineers,US Army Corps of Engineers,US Army Corps of Engineers,US Army Corps of Engineers,US Army Corps of Engineers,US Army Corps of Engineers,US Army Corps of Engineers,,,Gravity,Gravity;Earth,Earth,Rock,78,74,78,78,51-100 feet,14050,1458000,1952,1950-1959,,76000,76000,2800,450,159,106500,Uncontrolled,690,0,0,0,,,,04/20/2026,06/23/2025,5,High,Not Available,,Normal Operations,11/20/2025,Yes,08/29/2019,Yes,https://www.nae.usace.army.mil/Missions/Civil-Works/Flood-Risk-Management/Connecticut/Mansfield-Hollow/,No
Whitney Point Dam,Whitney Point Lake,,NY01055,,NY01055,USACE - Baltimore District,Federal,Federal,0,No,CENAB,No,Flood Risk Reduction,Flood Risk Reduction;Recreation,US Army Corps of Engineers,NY01055,42.341032,-75.9697859999999,New York,Broome,Whitney Point,,Otselic River,"New York, Congressional District 19",,Yes,Yes,,Yes,Yes,Yes,Yes,US Army Corps of Engineers,US Army Corps of Engineers,US Army Corps of Engineers,US Army Corps of Engineers,US Army Corps of Engineers,US Army Corps of Engineers,US Army Corps of Engineers,US Army Corps of Engineers,,,Earth,Earth,Earth,Soil,95,86,95,95,51-100 feet,4900,2400000,1942,1940-1949,,176000,176000,11688,1200,255,75000,Uncontrolled,220,0,0,0,,,,09/25/2026,05/03/2021,5,High,Not Available,,Normal Operations,11/20/2025,Yes,09/08/2021,Yes,https://www.usace.army.mil/Missions/Civil-Works/Dam-Safety-Program/Article/2870967/dam-safety-program/,No
Sepulveda Dam,Sepulveda Reservoir,,CA10025,,CA10025,USACE - Los Angeles District,Federal,Federal,0,No,CESPL,No,Flood Risk Reduction,Flood Risk Reduction;Recreation,US Army Corps of Engineers,CA10025,34.167963016,-118.471773398,California,Los Angeles,Los Angeles,,Los Angeles River,"California, Congressional District 32",,No,No,,No,No,No,Yes,US Army Corps of Engineers,US Army Corps of Engineers,US Army Corps of Engineers,US Army Corps of Engineers,US Army Corps of Engineers,US Army Corps of Engineers,US Army Corps of Engineers,US Army Corps of Engineers,,,Earth,Earth,,,57,49,,57,51-100 feet,15440,0,1941,1940-1949,,27563,27563,0,1,152,99540,Controlled,399,0,0,0,,,Drum0;Vertical Lift0,10/02/2026,05/25/2023,5,High,Not Available,,"Under Investigation, Planning, Permitting, or Design for Remediation",11/20/2025,Yes,04/22/2025,Yes,https://www.spl.usace.army.mil/Missions/Asset-Management/Sepulveda-Dam/,No
Stillwater Dam,Stillwater Lake,,PA00006,,PA00006,USACE - Baltimore District,Federal,Federal,0,No,CENAB,No,Flood Risk Reduction,Flood Risk Reduction;Recreation;Water Supply,US Army Corps of Engineers,PA00006,41.6968738640001,-75.4859515109999,Pennsylvania,Susquehanna,Forest City,,Lackawanna River,"Pennsylvania, Congressional District 09",,No,No,,No,No,No,Yes,US Army Corps of Engineers,US Army Corps of Engineers,US Army Corps of Engineers,US Army Corps of Engineers,US Army Corps of Engineers,US Army Corps of Engineers,US Army Corps of Engineers,US Army Corps of Engineers,,,Rockfill,Rockfill;Earth,Earth,Soil,77,72,77,77,51-100 feet,1700,1032700,1960,1960-1969,,17000,17000,12000,422,37,37780,Uncontrolled,264,0,0,0,,,,04/30/2026,08/09/2023,5,High,Not Available,,Normal Operations,11/20/2025,Yes,02/03/2022,Yes,https://www.usace.army.mil/Missions/Civil-Works/Dam-Safety-Program/Article/2870967/dam-safety-program/,No
Mcnary Lock and Dam - Pasco Levee 12-1,Tri-Cities Levees,Pasco Levees,OR00616,S007,OR00616S007,USACE - Walla Walla District,Federal,Federal,0,Yes,,No,Flood Risk Reduction,Flood Risk Reduction,US Army Corps of Engineers,OR00616S007,46.22470475900439,-119.1181372189206,Oregon,Franklin,Pasco,,Columbia,"Washington, Congressional District 04",,Yes,Yes,Owrd,Yes,Yes,Yes,Yes,US Army Corps of Engineers,US Army Corps of Engineers,US Army Corps of Engineers,US Army Corps of Engineers,US Army Corps of Engineers,US Army Corps of Engineers,US Army Corps of Engineers,US Army Corps of Engineers,,,Earth,Earth,Earth,Soil,30,,,30,25-50 feet,14250,0,1952,1950-1959,,0,0,0,0,0,0,,0,0,0,0,,,,01/30/2026,10/26/2023,5,High,Not Available,,Normal Operations,11/20/2025,Yes,07/06/2022,No,https://www.nww.usace.army.mil/Locations/District-Locks-and-Dams/McNary-Lock-and-Dam/,No
Greers Ferry Dam,Greers Ferry Lake,,AR00173,,AR00173,USACE - Little Rock District,Federal,Federal,2,No,"CESWL, CESWL",No,Flood Risk Reduction,Flood Risk Reduction;Irrigation;Fish and Wildlife Pond;Recreation;Hydroelectric;Water Supply,US Army Corps of Engineers,AR00173,35.5211832900001,-91.994231514,Arkansas,Cleburne,Heber Springs,,Little Red,"Arkansas, Congressional District 02",,No,No,,No,No,No,Yes,US Army Corps of Engineers,US Army Corps of Engineers,US Army Corps of Engineers,US Army Corps of Engineers,US Army Corps of Engineers,US Army Corps of Engineers,US Army Corps of Engineers,US Army Corps of Engineers,,,Concrete,Concrete;Gravity,Concrete,Rock,243,243,251,251,Greater than 100 feet,1704,856000,1962,1960-1969,,2844000,2844000,1910000,31460,1146,287000,Controlled,240,0,0,0,,,,09/28/2026,11/21/2024,5,High,Not Available,,"Under Investigation, Planning, Permitting, or Design for Remediation",11/20/2025,Yes,03/03/2026,Yes,https://www.swl.usace.army.mil/Missions/Recreation/Lakes/Greers-Ferry-Lake/,No
York Indian Rock Dam,,,PA00007,,PA00007,USACE - Baltimore District,Federal,Federal,0,No,CENAB,No,Flood Risk Reduction,Flood Risk Reduction,US Army Corps of Engineers,PA00007,39.9236526620001,-76.754503299,Pennsylvania,York,York,,Codorus Creek,"Pennsylvania, Congressional District 10",,No,No,,No,No,No,Yes,US Army Corps of Engineers,US Army Corps of Engineers,US Army Corps of Engineers,US Army Corps of Engineers,US Army Corps of Engineers,US Army Corps of Engineers,US Army Corps of Engineers,US Army Corps of Engineers,,,Rockfill,Rockfill;Earth,Earth,Rock and Soil,83,76,83,83,51-100 feet,1000,539400,1942,1940-1949,,48000,48000,0,0,94,62000,Uncontrolled,461,0,0,0,,,,09/30/2026,10/25/2022,5,High,Not Available,,"Under Investigation, Planning, Permitting, or Design for Remediation",11/20/2025,Yes,03/02/2026,Yes,https://www.usace.army.mil/Missions/Civil-Works/Dam-Safety-Program/Article/2870967/dam-safety-program/,No
Opekiska Lock and Dam,Opekiska Pool,,WV06108,,WV06108,USACE - Pittsburgh District,Federal,Federal,0,No,CELRP,No,Navigation,Navigation,US Army Corps of Engineers,WV06108,39.5644838800001,-80.050402898,West Virginia,Monongalia,Morgantown,13,Monongahela River,"West Virginia, Congressional District 02",,No,No,,No,No,No,Yes,US Army Corps of Engineers,US Army Corps of Engineers,US Army Corps of Engineers,US Army Corps of Engineers,US Army Corps of Engineers,US Army Corps of Engineers,US Army Corps of Engineers,US Army Corps of Engineers,,,Gravity,Gravity,Concrete,Rock,,36,52,52,51-100 feet,478,0,1967,1960-1969,,14400,14400,14400,800,2530,117000,Controlled,336,1,600,84,,,Tainter (radial)4,09/16/2026,08/17/2021,5,Low,Not Available,,Normal Operations,11/20/2025,Yes,03/28/2016,N/A,https://www.usace.army.mil/Missions/Civil-Works/Dam-Safety-Program/Article/2870967/dam-safety-program/,No
Alvin R. Bush Dam,Kettle Creek Lake,,PA00002,,PA00002,USACE - Baltimore District,Federal,Federal,0,No,CENAB,No,Flood Risk Reduction,Flood Risk Reduction;Recreation,US Army Corps of Engineers,PA00002,41.3592038260001,-77.924671605,Pennsylvania,Clinton,Renovo,,Kettle Creek,"Pennsylvania, Congressional District 15",,No,No,,No,No,No,Yes,US Army Corps of Engineers,US Army Corps of Engineers,US Army Corps of Engineers,US Army Corps of Engineers,US Army Corps of Engineers,US Army Corps of Engineers,US Army Corps of Engineers,US Army Corps of Engineers,,,Rockfill,Rockfill;Earth,Earth,Rock and Soil,165,160,165,165,Greater than 100 feet,1350,2035400,1962,1960-1969,,117000,117000,1864,159,226,127000,Uncontrolled,250,0,0,0,,,,04/30/2026,06/05/2024,5,High,Not Available,,Normal Operations,11/20/2025,Yes,03/02/2026,Yes,https://www.usace.army.mil/Missions/Civil-Works/Dam-Safety-Program/Article/2870967/dam-safety-program/,No
Clemson Upper Diversion Dam,,,SC02753,,SC02753,USACE - Savannah District,Federal,Federal,0,No,CESAS,No,Flood Risk Reduction,Flood Risk Reduction,US Army Corps of Engineers,SC02753,34.681991758,-82.8511178699999,South Carolina,Oconee,Clemson,0,Seneca River,"South Carolina, Congressional District 03",,No,No,,No,No,No,Yes,US Army Corps of Engineers,US Army Corps of Engineers,US Army Corps of Engineers,US Army Corps of Engineers,US Army Corps of Engineers,US Army Corps of Engineers,US Army Corps of Engineers,US Army Corps of Engineers,,,Earth,Earth,Earth,Rock,75,69,60,75,51-100 feet,2100,1700000,1961,1960-1969,,3438700,3438700,2550000,0,2088,0,None,0,0,0,0,,,None0,09/02/2026,06/07/2022,5,High,Not Available,,"Under Investigation, Planning, Permitting, or Design for Remediation",12/01/2020,Yes,07/14/2022,Yes,https://www.usace.army.mil/Missions/Civil-Works/Dam-Safety-Program/Article/2870967/dam-safety-program/,
Clemson Lower Diversion Dam,,,SC02754,,SC02754,USACE - Savannah District,Federal,Federal,1,No,CESAS,No,Flood Risk Reduction,Flood Risk Reduction,US Army Corps of Engineers,SC02754,34.672072567,-82.85313166,South Carolina,Oconee,Clemson,0,Seneca River,"South Carolina, Congressional District 03",,No,No,,No,No,No,Yes,US Army Corps of Engineers,US Army Corps of Engineers,US Army Corps of Engineers,US Army Corps of Engineers,US Army Corps of Engineers,US Army Corps of Engineers,US Army Corps of Engineers,US Army Corps of Engineers,,,Earth,Earth,Earth,Rock,75,69,60,75,51-100 feet,3000,2500000,1961,1960-1969,,3438700,3438700,2550000,0,2088,0,None,0,0,0,0,,,None0,09/02/2026,06/07/2022,5,High,Not Available,,"Under Investigation, Planning, Permitting, or Design for Remediation",05/14/2018,Yes,07/15/2022,Yes,https://www.usace.army.mil/Missions/Civil-Works/Dam-Safety-Program/Article/2870967/dam-safety-program/,
Morgantown Lock and Dam,Morgantown Pool,,WV06106,,WV06106,USACE - Pittsburgh District,Federal,Federal,0,No,CELRP,No,Navigation,Navigation,US Army Corps of Engineers,WV06106,39.6198310890001,-79.968971505,West Virginia,Monongalia,Morgantown,1,Monongahela River,"West Virginia, Congressional District 02",,No,No,,No,No,No,Yes,US Army Corps of Engineers,US Army Corps of Engineers,US Army Corps of Engineers,US Army Corps of Engineers,US Army Corps of Engineers,US Army Corps of Engineers,US Army Corps of Engineers,US Army Corps of Engineers,,,Gravity,Gravity,Concrete,Rock,,36,36,36,25-50 feet,522,0,1950,1950-1959,,6200,6200,6200,365,2648,64200,Controlled,360,1,600,84,,,Tainter (radial)6,09/16/2026,09/19/2025,5,Low,Not Available,,Normal Operations,11/20/2025,Yes,09/22/2022,N/A,https://www.usace.army.mil/Missions/Civil-Works/Dam-Safety-Program/Article/2870967/dam-safety-program/,No
Harry S. Truman Dam - Sterett Creek Dike,Harry S. Truman Reservoir,Kaysinger Bluff Dam,MO20725,S002,MO20725S002,USACE - Kansas City District,Federal,Federal,0,Yes,,No,Flood Risk Reduction,Flood Risk Reduction,US Army Corps of Engineers,MO20725S002,38.2930000000001,-93.358,Missouri,Benton,Warsaw,1,Osage River,"Missouri, Congressional District 04",,No,No,,No,No,No,Yes,US Army Corps of Engineers,US Army Corps of Engineers,US Army Corps of Engineers,US Army Corps of Engineers,US Army Corps of Engineers,US Army Corps of Engineers,US Army Corps of Engineers,US Army Corps of Engineers,,,Rockfill,Rockfill;Earth;Gravity,Earth,,98,98,55,98,51-100 feet,7500,2000000,1978,1970-1979,,5202000,5202000,0,0,11500,0,None,0,0,0,0,,,,05/13/2026,01/31/2018,5,High,Not Available,,Normal Operations,11/20/2025,Yes,09/30/2020,Yes,https://www.nwk.usace.army.mil/Missions/Civil-Works/Dam-Safety-Program/,No
Warm Springs Dam,Lake Sonoma,,CA10303,,CA10303,USACE - San Francisco District,Federal,Federal,0,No,,No,Flood Risk Reduction,Flood Risk Reduction;Recreation;Hydroelectric;Water Supply,US Army Corps of Engineers,CA10303,38.718423731,-123.009619915,California,Sonoma,Healdsburg,12,Dry Creek,"California, Congressional District 02",,No,No,,No,No,No,Yes,US Army Corps of Engineers,US Army Corps of Engineers,US Army Corps of Engineers,US Army Corps of Engineers,US Army Corps of Engineers,US Army Corps of Engineers,US Army Corps of Engineers,US Army Corps of Engineers,,,Earth,Earth,Earth,Rock;Soil,319,313,356,356,Greater than 100 feet,3000,0,1983,1980-1989,,449000,449000,245000,2600,130,29600,Uncontrolled,100,0,0,0,,,Slide (sluice gate)2,07/01/2026,08/24/2021,5,High,Not Available,,Normal Operations,11/20/2025,Yes,09/06/2024,Yes,https://www.usace.army.mil/Missions/Civil-Works/Dam-Safety-Program/Article/2870967/dam-safety-program/,No
Curwensville Dam,Curwensville Lake,,PA00003,,PA00003,USACE - Baltimore District,Federal,Federal,0,No,CENAB,No,Flood Risk Reduction,Flood Risk Reduction;Other;Recreation;Water Supply,US Army Corps of Engineers,PA00003,40.9541137520001,-78.526276342,Pennsylvania,Clearfield,Curwensville,,West Branch Susquehanna River,"Pennsylvania, Congressional District 15",,No,No,,No,No,No,Yes,US Army Corps of Engineers,US Army Corps of Engineers,US Army Corps of Engineers,US Army Corps of Engineers,US Army Corps of Engineers,US Army Corps of Engineers,US Army Corps of Engineers,US Army Corps of Engineers,,,Rockfill,Rockfill;Earth,Earth,Rock,131,125,131,131,Greater than 100 feet,2850,3806000,1965,1960-1969,,209000,209000,9500,790,365,164000,Uncontrolled,480,0,0,0,,,Slide (sluice gate)3,09/30/2026,06/07/2022,5,High,Not Available,,"Under Investigation, Planning, Permitting, or Design for Remediation",11/20/2025,Yes,03/02/2026,Yes,https://www.usace.army.mil/Missions/Civil-Works/Dam-Safety-Program/Article/2870967/dam-safety-program/,No
Dresden Island Lock and Dam,Dresden Island Pool,,IL00002,,IL00002,USACE - Rock Island District,Federal,Federal,0,No,,No,Navigation,Navigation,US Army Corps of Engineers,IL00002,41.3995053690001,-88.28130837,Illinois,Grundy,Morris,,Illinois River,"Illinois, Congressional District 16",,Yes,Yes,,Yes,Yes,Yes,Yes,US Army Corps of Engineers,US Army Corps of Engineers,US Army Corps of Engineers,US Army Corps of Engineers,US Army Corps of Engineers,US Army Corps of Engineers,US Army Corps of Engineers,US Army Corps of Engineers,,,Concrete,Concrete;Earth;Gravity,Concrete,Rock,,22,33,33,25-50 feet,1750,90000,1933,1930-1939,,12000,12000,0,2180,7278,113000,Controlled,966,1,600,110,,,Tainter (radial)9;Uncontrolled0,12/04/2025,04/23/2024,5,Significant,Not Available,,Normal Operations,11/20/2025,Yes,06/08/2021,N/A,https://www.usace.army.mil/Missions/Civil-Works/Dam-Safety-Program/Article/2870967/dam-safety-program/,No
Mariposa Dam,Mariposa Reservoir,,CA10107,,CA10107,USACE - Sacramento District,Federal,Federal,0,No,,No,Flood Risk Reduction,Flood Risk Reduction;Hydroelectric,US Army Corps of Engineers,CA10107,37.291179304,-120.1478922859999,California,Mariposa,Le Grand,8,Mariposa Creek,"California, Congressional District 05",,No,No,,No,No,No,Yes,US Army Corps of Engineers,US Army Corps of Engineers,US Army Corps of Engineers,US Army Corps of Engineers,US Army Corps of Engineers,US Army Corps of Engineers,US Army Corps of Engineers,US Army Corps of Engineers,,,Earth,Earth,Earth,,,83,88,88,51-100 feet,1330,0,1948,1940-1949,,21500,21500,4300,510,107,30000,Uncontrolled,260,0,0,0,,,,09/15/2026,03/22/2023,5,High,Not Available,,"Under Investigation, Planning, Permitting, or Design for Remediation",11/20/2025,Yes,05/06/2025,Yes,https://www.spk.usace.army.mil/Missions/Civil-Works/Dam-Safety-Program/,No
Green River Lock and Dam 1,,,KY03002,,KY03002,USACE - Louisville District,Federal,Federal,0,No,CELRL,No,Navigation,Navigation;Fish and Wildlife Pond;Recreation,US Army Corps of Engineers,KY03002,37.8588400410001,-87.409863123,Kentucky,Henderson,Spottsville,1,Green River,"Kentucky, Congressional District 01",,No,No,,No,No,No,Yes,US Army Corps of Engineers,US Army Corps of Engineers,US Army Corps of Engineers,US Army Corps of Engineers,US Army Corps of Engineers,US Army Corps of Engineers,US Army Corps of Engineers,US Army Corps of Engineers,,,Concrete,Concrete;Gravity,,,,23,23,23,Less than 25 feet,908,0,1970,1970-1979,,62400,62400,41404,3764,9183,14000,None,0,1,600,84,,,None0;Uncontrolled0,09/30/2026,08/18/2023,5,Low,Not Available,,Normal Operations,11/20/2025,Yes,03/09/2026,N/A,https://www.usace.army.mil/Missions/Civil-Works/Dam-Safety-Program/Article/2870967/dam-safety-program/,No
Conant Brook Dam,Dry Reservoir,,MA00965,,MA00965,USACE - New England District,Federal,Federal,1,No,CENAE,No,Flood Risk Reduction,Flood Risk Reduction,US Army Corps of Engineers,MA00965,42.073485369,-72.2904144089999,Massachusetts,Hampden,Monson,,Conant Brook,"Massachusetts, Congressional District 01",,No,No,,No,No,No,Yes,US Army Corps of Engineers,US Army Corps of Engineers,US Army Corps of Engineers,US Army Corps of Engineers,US Army Corps of Engineers,US Army Corps of Engineers,US Army Corps of Engineers,US Army Corps of Engineers,,,Gravity,Gravity;Earth,Earth,Rock,85,80,85,85,51-100 feet,900,338825,1966,1960-1969,,5400,5400,0,1,8,10750,Uncontrolled,100,0,0,0,,,Uncontrolled0,06/26/2026,05/05/2026,5,High,Not Available,,Normal Operations,11/20/2025,Yes,03/29/2018,Yes,https://www.nae.usace.army.mil/Missions/Civil-Works/Flood-Risk-Management/Massachusetts/Conant-Brook/,No
Green River Lock and Dam 2,,,KY03003,,KY03003,USACE - Louisville District,Federal,Federal,0,No,CELRL,No,Navigation,Navigation;Recreation;Water Supply,US Army Corps of Engineers,KY03003,37.531061822,-87.264617759,Kentucky,McLean,Rumsey Kentucky,0,Green River,"Kentucky, Congressional District 02",,No,No,,No,No,No,Yes,US Army Corps of Engineers,US Army Corps of Engineers,US Army Corps of Engineers,US Army Corps of Engineers,US Army Corps of Engineers,US Army Corps of Engineers,US Army Corps of Engineers,US Army Corps of Engineers,,,Other,Other,,,,26,26,26,25-50 feet,615,0,1956,1950-1959,,53700,53700,24768,2752,7566,11200,None,0,1,600,84,,,None0,09/30/2026,08/16/2023,5,Low,Not Available,,Normal Operations,11/20/2025,Yes,03/09/2026,N/A,https://www.usace.army.mil/Missions/Civil-Works/Dam-Safety-Program/Article/2870967/dam-safety-program/,No
Lac Qui Parle Dam,Lac Qui Parle Lake,,MN00580,,MN00580,USACE - St. Paul District,Federal,Federal,0,No,,No,Flood Risk Reduction,Flood Risk Reduction;Other;Fish and Wildlife Pond;Recreation;Water Supply,US Army Corps of Engineers,MN00580,45.0219407010001,-95.869136474,Minnesota,Lac qui Parle,Montevideo,8,Minnesota,"Minnesota, Congressional District 07",,No,No,,No,No,No,Yes,US Army Corps of Engineers,US Army Corps of Engineers,US Army Corps of Engineers,US Army Corps of Engineers,US Army Corps of Engineers,US Army Corps of Engineers,US Army Corps of Engineers,US Army Corps of Engineers,,,Concrete,Concrete;Earth,Concrete,Soil,17,24,35,35,25-50 feet,4327,0,1939,1930-1939,,122800,122800,29700,8500,6100,35000,Controlled,2682,0,0,0,,,Slide (sluice gate)9;Uncontrolled0,09/29/2026,06/14/2022,5,High,Not Available,,Normal Operations,11/20/2025,Yes,10/01/1995,Yes,https://www.usace.army.mil/Missions/Civil-Works/Dam-Safety-Program/Article/2870967/dam-safety-program/,No
Mount St. Helens Sediment Retention Structure,,Srs,WA00558,,WA00558,USACE - Portland District,Federal,Federal,0,No,CENWP,No,Flood Risk Reduction,Flood Risk Reduction;Debris Control,US Army Corps of Engineers,WA00558,46.362470113,-122.550552637,Washington,Cowlitz,Toutle,,No. Fork Toutle,"Washington, Congressional District 03",,No,No,,No,No,No,Yes,US Army Corps of Engineers,US Army Corps of Engineers,US Army Corps of Engineers,US Army Corps of Engineers,US Army Corps of Engineers,US Army Corps of Engineers,US Army Corps of Engineers,US Army Corps of Engineers,,,Earth,Earth,Earth,Rock;Soil,186,180,239,239,Greater than 100 feet,1800,228000,1988,1980-1989,,0,0,0,0,143,228000,Uncontrolled,400,0,0,0,,,,08/20/2026,10/21/2021,5,High,Not Available,,Normal Operations,11/20/2025,Yes,08/20/2026,Yes,https://www.nwp.usace.army.mil/mount-st-helens/,No
Brown's Valley Dam,On Continental Divide-No Reservoir,,MN00575,,MN00575,USACE - St. Paul District,Federal,Federal,0,No,CEMVP,No,Flood Risk Reduction,Flood Risk Reduction;Other;Fish and Wildlife Pond;Recreation;Water Supply,US Army Corps of Engineers,MN00575,45.607991139,-96.8511670949999,Minnesota,Traverse,Browns Valley,2,Bois De Sioux/Minnesota River,"Minnesota, Congressional District 07",,No,No,,No,No,No,Yes,US Army Corps of Engineers,US Army Corps of Engineers,US Army Corps of Engineers,US Army Corps of Engineers,US Army Corps of Engineers,US Army Corps of Engineers,US Army Corps of Engineers,US Army Corps of Engineers,,,Earth,Earth,Earth,Soil,,8,14,14,Less than 25 feet,3700,93000,1941,1940-1949,,0,0,0,0,0,6000,Uncontrolled,70,0,0,0,,,Uncontrolled0,09/22/2026,09/10/2025,5,Significant,Not Available,,Normal Operations,11/20/2025,Yes,05/01/1995,N/A,https://www.usace.army.mil/Missions/Civil-Works/Dam-Safety-Program/Article/2870967/dam-safety-program/,No
Herbert Hoover Dike - Ciz E,Hhd Ciz E,L-48,FL36001,,FL36001E,USACE - Jacksonville District,Federal,Federal,,No,CESAJ,No,Flood Risk Reduction,Flood Risk Reduction;Irrigation;Navigation;Fish and Wildlife Pond;Recreation;Water Supply,US Army Corps of Engineers,FL36001E,27.1078404486125,-80.9198965978493,Florida,Glades,Okeechobee,12,Kissimmee River Basin,"Florida, Congressional District 18",,Yes,Yes,Fdep,Yes,Yes,Yes,Yes,US Army Corps of Engineers,US Army Corps of Engineers,US Army Corps of Engineers,US Army Corps of Engineers,US Army Corps of Engineers,US Army Corps of Engineers,US Army Corps of Engineers,US Army Corps of Engineers,,,Earth,Earth,Earth,Soil,35,17,29,35,25-50 feet,114370,8460000,1965,1960-1969,2022,8519000,8519000,4596000,467200,5600,,None,,1,,,,,Slide (sluice gate);Vertical Lift,07/31/2026,05/13/2026,,High,,,Normal Operations,11/20/2025,Yes,10/27/2025,No,,No
Herbert Hoover Dike - Ciz D,Hhd Ciz D,L-49,FL36001,,FL36001D,USACE - Jacksonville District,Federal,Federal,,No,CESAJ,No,Flood Risk Reduction,Flood Risk Reduction;Irrigation;Navigation;Fish and Wildlife Pond;Recreation;Water Supply,US Army Corps of Engineers,FL36001D,27.0214629686352,-81.0078015596726,Florida,Glades,Okeechobee,20,Kissimmee River Basin,"Florida, Congressional District 18",,Yes,Yes,Fdep,Yes,Yes,Yes,Yes,US Army Corps of Engineers,US Army Corps of Engineers,US Army Corps of Engineers,US Army Corps of Engineers,US Army Corps of Engineers,US Army Corps of Engineers,US Army Corps of Engineers,US Army Corps of Engineers,,,Earth,Earth,Earth,Soil,35,17,29,35,25-50 feet,72600,5370000,1965,1960-1969,2023,8519000,8519000,4596000,467200,5600,,None,,0,,,,,Slide (sluice gate);Vertical Lift,07/31/2026,02/26/2025,,High,,,Normal Operations,11/20/2025,Yes,10/27/2025,No,,No
Piedmont Dam,Piedmont Lake,,OH00011,,OH00011,USACE - Huntington District,Federal,Federal,0,No,CELRH,No,Flood Risk Reduction,Flood Risk Reduction;Fish and Wildlife Pond;Recreation,US Army Corps of Engineers,OH00011,40.1900653750001,-81.213020017,Ohio,Harrison,FREEPORT,4,STILLWATER CREEK,"Ohio, Congressional District 06",,No,No,,No,No,No,Yes,US Army Corps of Engineers,US Army Corps of Engineers,US Army Corps of Engineers,US Army Corps of Engineers,US Army Corps of Engineers,US Army Corps of Engineers,US Army Corps of Engineers,US Army Corps of Engineers,,,Earth,Earth,Earth,Soil,,45,56,56,51-100 feet,1750,642900,1937,1930-1939,,66700,66700,34500,2312,86,15200,Uncontrolled,130,0,0,0,,,Slide (sluice gate)4,10/01/2026,04/19/2024,5,High,Not Available,,Normal Operations,11/20/2025,Yes,07/06/2020,Yes,https://www.lrh.usace.army.mil/Missions/Civil-Works/Dam-Safety-Program/,No
Herbert Hoover Dike - Ciz G,Hhd Ciz G,L-47,FL36001,,FL36001G,USACE - Jacksonville District,Federal,Federal,,No,CESAJ,No,Flood Risk Reduction,Flood Risk Reduction;Irrigation;Navigation;Fish and Wildlife Pond;Recreation;Water Supply,US Army Corps of Engineers,FL36001G,27.1083797023516,-80.6654107954605,Florida,Martin,Okeechobee,15,Kissimmee River Basin,"Florida, Congressional District 21",,Yes,Yes,Fdep,Yes,Yes,Yes,Yes,US Army Corps of Engineers,US Army Corps of Engineers,US Army Corps of Engineers,US Army Corps of Engineers,US Army Corps of Engineers,US Army Corps of Engineers,US Army Corps of Engineers,US Army Corps of Engineers,,,Earth,Earth,Earth,Soil,35,17,29,35,25-50 feet,92300,6830000,1965,1960-1969,2022,8519000,8519000,4596000,467200,5600,,None,,2,,,,,Slide (sluice gate);Vertical Lift,07/31/2026,04/29/2022,,High,,,Normal Operations,11/20/2025,Yes,10/27/2025,No,,No
Herbert Hoover Dike - Ciz F,Hhd Ciz F,L-D4,FL36001,,FL36001F,USACE - Jacksonville District,Federal,Federal,,No,CESAJ,No,Flood Risk Reduction,Flood Risk Reduction;Irrigation;Navigation;Fish and Wildlife Pond;Recreation;Water Supply,US Army Corps of Engineers,FL36001F,27.2024739202368,-80.8161472647038,Florida,Okeechobee,Okeechobee,4,Kissimmee River Basin,"Florida, Congressional District 18",,Yes,Yes,Fdep,Yes,Yes,Yes,Yes,US Army Corps of Engineers,US Army Corps of Engineers,US Army Corps of Engineers,US Army Corps of Engineers,US Army Corps of Engineers,US Army Corps of Engineers,US Army Corps of Engineers,US Army Corps of Engineers,,,Earth,Earth,Earth,Soil,35,17,29,35,25-50 feet,87930,6510000,1965,1960-1969,2020,8519000,8519000,4596000,467200,5600,,None,,2,,,,,Slide (sluice gate);Vertical Lift,07/31/2026,05/13/2026,,High,,,Normal Operations,11/20/2025,Yes,10/27/2025,No,,No
Herbert Hoover Dike - Ciz A,Hhd Ciz A,L-D2;L-D9,FL36001,,FL36001A,USACE - Jacksonville District,Federal,Federal,,No,CESAJ,No,Flood Risk Reduction,Flood Risk Reduction;Irrigation;Navigation;Fish and Wildlife Pond;Recreation;Water Supply,US Army Corps of Engineers,FL36001A,26.8515061327184,-80.6417187839586,Florida,Palm Beach,Pahokee,3,Kissimmee River Basin,"Florida, Congressional District 20",,Yes,Yes,Fdep,Yes,Yes,Yes,Yes,US Army Corps of Engineers,US Army Corps of Engineers,US Army Corps of Engineers,US Army Corps of Engineers,US Army Corps of Engineers,US Army Corps of Engineers,US Army Corps of Engineers,US Army Corps of Engineers,,,Earth,Earth,Earth,Soil,35,17,29,35,25-50 feet,153700,11370000,1965,1960-1969,2023,8519000,8519000,4596000,467200,5600,,None,,1,,,,,Slide (sluice gate);Vertical Lift,07/31/2026,03/31/2023,,High,,,Normal Operations,11/20/2025,Yes,10/27/2025,No,,No
Allegheny River Lock and Dam 2,Allegheny River Pool 02,,PA00112,,PA00112,USACE - Pittsburgh District,Federal,Federal,0,No,CELRP,No,Navigation,Navigation,US Army Corps of Engineers,PA00112,40.487919619,-79.91459846,Pennsylvania,Allegheny,Sharpsburg,1,Allegheny River,"Pennsylvania, Congressional District 12",,No,No,,No,No,No,Yes,US Army Corps of Engineers,US Army Corps of Engineers,US Army Corps of Engineers,US Army Corps of Engineers,US Army Corps of Engineers,US Army Corps of Engineers,US Army Corps of Engineers,US Army Corps of Engineers,,,Gravity,Gravity,Concrete,Rock,,58,58,58,51-100 feet,1473,0,1934,1930-1939,,14500,14500,14500,1120,11636,200000,Uncontrolled,1393,1,360,56,,,None0;Uncontrolled0,09/16/2026,11/16/2023,5,Significant,Not Available,,Normal Operations,11/20/2025,Yes,10/31/2023,N/A,https://www.usace.army.mil/Missions/Civil-Works/Dam-Safety-Program/Article/2870967/dam-safety-program/,No
Prado Dam,Prado Reservoir,,CA10022,,CA10022,USACE - Los Angeles District,Federal,Federal,2,No,CESPL,No,Flood Risk Reduction,Flood Risk Reduction;Recreation;Water Supply,US Army Corps of Engineers,CA10022,33.889999,-117.642110665,California,Riverside,Orange,,Santa Ana River,"California, Congressional District 40",,No,No,,No,No,No,Yes,US Army Corps of Engineers,US Army Corps of Engineers,US Army Corps of Engineers,US Army Corps of Engineers,US Army Corps of Engineers,US Army Corps of Engineers,US Army Corps of Engineers,US Army Corps of Engineers,,,Earth,Earth,,,106,86,,106,Greater than 100 feet,2280,0,1941,1940-1949,,295581,295581,0,1,2255,181000,Uncontrolled,1000,0,0,0,,,Vertical Lift0,10/02/2026,07/09/2026,5,High,Not Available,,Under Remediation,11/20/2025,Yes,04/22/2025,Yes,https://www.spl.usace.army.mil/Missions/Asset-Management/Prado-Dam/,No
Tappan Dam,Tappan Lake,,OH00010,,OH00010,USACE - Huntington District,Federal,Federal,0,No,CELRH,No,Flood Risk Reduction,Flood Risk Reduction;Fish and Wildlife Pond;Recreation,US Army Corps of Engineers,OH00010,40.3588845560001,-81.226639652,Ohio,Harrison,Dennison,7,Little Stillwater Creek,"Ohio, Congressional District 06",,No,No,,No,No,No,Yes,US Army Corps of Engineers,US Army Corps of Engineers,US Army Corps of Engineers,US Army Corps of Engineers,US Army Corps of Engineers,US Army Corps of Engineers,US Army Corps of Engineers,US Army Corps of Engineers,,,Earth,Earth,Earth,Soil,,45,52,52,51-100 feet,1550,644500,1936,1930-1939,,61600,61600,35100,2350,71,23700,Uncontrolled,250,0,0,0,,,,09/09/2026,04/03/2024,5,High,Not Available,,Normal Operations,11/20/2025,Yes,07/22/2025,Yes,https://www.lrh.usace.army.mil/Missions/Civil-Works/Dam-Safety-Program/,No
Herbert Hoover Dike - Ciz C,Hhd Ciz C,L-50,FL36001,,FL36001C,USACE - Jacksonville District,Federal,Federal,,No,CESAJ,No,Flood Risk Reduction,Flood Risk Reduction;Irrigation;Navigation;Fish and Wildlife Pond;Recreation;Water Supply,US Army Corps of Engineers,FL36001C,26.97722888512,-81.1069974675539,Florida,Glades,Lakeport,2,Kissimmee River Basin,"Florida, Congressional District 18",,Yes,Yes,Fdep,Yes,Yes,Yes,Yes,US Army Corps of Engineers,US Army Corps of Engineers,US Army Corps of Engineers,US Army Corps of Engineers,US Army Corps of Engineers,US Army Corps of Engineers,US Army Corps of Engineers,US Army Corps of Engineers,,,Earth,Earth,Earth,Soil,35,17,29,35,25-50 feet,46630,3450000,1965,1960-1969,2023,8519000,8519000,4596000,467200,5600,,None,,1,,,,,Slide (sluice gate);Vertical Lift,07/31/2026,02/26/2025,,High,,,Normal Operations,11/20/2025,Yes,10/27/2025,No,,No
Buffumville Dam,Buffumville Lake,Pierpoint Pond Dike,MA00964,,MA00964,USACE - New England District,Federal,Federal,1,No,CENAE,No,Flood Risk Reduction,Flood Risk Reduction,US Army Corps of Engineers,MA00964,42.11697,-71.908163,Massachusetts,Worcester,Webster,,Little River,"Massachusetts, Congressional District 01",,No,No,,No,No,No,Yes,US Army Corps of Engineers,US Army Corps of Engineers,US Army Corps of Engineers,US Army Corps of Engineers,US Army Corps of Engineers,US Army Corps of Engineers,US Army Corps of Engineers,US Army Corps of Engineers,,,Gravity,Gravity;Earth,Bituminous Concrete;Earth,Rock;Soil,66,51,66,66,51-100 feet,3255,350000,1958,1950-1959,,12700,12700,1440,200,27,29800,Uncontrolled,298,0,0,0,,,,04/20/2026,04/08/2025,5,High,Not Available,,Normal Operations,11/20/2025,Yes,05/04/2021,Yes,https://www.nae.usace.army.mil/Missions/Civil-Works/Flood-Risk-Management/Massachusetts/Buffumville/,No
Clarence Cannon Dam - Saddle Dam,Mark Twain Lake,,MO82201,S001,MO82201S001,USACE - St. Louis District,Federal,Federal,0,Yes,,No,Flood Risk Reduction,Flood Risk Reduction,US Army Corps of Engineers,MO82201S001,39.5455823770001,-91.649947523,Missouri,Ralls,New London,20,Salt River,"Missouri, Congressional District 06",,No,No,,No,No,No,Yes,US Army Corps of Engineers,US Army Corps of Engineers,US Army Corps of Engineers,US Army Corps of Engineers,US Army Corps of Engineers,US Army Corps of Engineers,US Army Corps of Engineers,US Army Corps of Engineers,,,Earth,Earth,,,14,14,22,22,Less than 25 feet,2200,,1983,1980-1989,,1862000,1862000,0,,,,None,,0,0,0,,,,09/15/2026,06/23/2025,5,High,Not Available,,Normal Operations,11/20/2025,Yes,09/08/2021,Yes,https://www.usace.army.mil/Missions/Civil-Works/Dam-Safety-Program/Article/2870967/dam-safety-program/,No
Maxwell Locks and Dam,Maxwell Pool,,PA00123,,PA00123,USACE - Pittsburgh District,Federal,Federal,0,No,CELRP,No,Navigation,Navigation,US Army Corps of Engineers,PA00123,40.0022670000001,-79.959644,Pennsylvania,Washington,Brownsville,5,Monongahela River,"Pennsylvania, Congressional District 14",,No,No,,No,No,No,Yes,US Army Corps of Engineers,US Army Corps of Engineers,US Army Corps of Engineers,US Army Corps of Engineers,US Army Corps of Engineers,US Army Corps of Engineers,US Army Corps of Engineers,US Army Corps of Engineers,,,Gravity,Gravity,Concrete,Rock,,31,56,56,51-100 feet,692,0,1964,1960-1969,,30900,30900,30900,1380,4961,120000,Controlled,420,2,720,84,,,Tainter (radial)5,09/16/2026,08/27/2025,5,Significant,Not Available,,Normal Operations,11/20/2025,Yes,09/08/2021,N/A,https://www.usace.army.mil/Missions/Civil-Works/Dam-Safety-Program/Article/2870967/dam-safety-program/,No
East Sidney Dam,East Sidney Lake,,NY01211,,NY01211,USACE - Baltimore District,Federal,Federal,0,No,CENAB,No,Flood Risk Reduction,Flood Risk Reduction;Recreation,US Army Corps of Engineers,NY01211,42.330719,-75.229083,New York,Delaware,Unadilla,,Ouleout Creek,"New York, Congressional District 19",,Yes,Yes,,Yes,Yes,Yes,Yes,US Army Corps of Engineers,US Army Corps of Engineers,US Army Corps of Engineers,US Army Corps of Engineers,US Army Corps of Engineers,US Army Corps of Engineers,US Army Corps of Engineers,US Army Corps of Engineers,,,Gravity,Gravity;Earth,Concrete,Rock and Soil,130,123,130,130,Greater than 100 feet,2010,463000,1950,1950-1959,,58350,58350,2836,210,102,81000,Uncontrolled,240,0,0,0,,,,09/25/2026,07/14/2021,5,High,Not Available,,Normal Operations,11/20/2025,Yes,03/02/2026,Yes,https://www.usace.army.mil/Missions/Civil-Works/Dam-Safety-Program/Article/2870967/dam-safety-program/,No
Blue Marsh Dam - Bernville Levee,,,PA00925,S001,PA00921S001,USACE - Philadelphia District,Federal,Federal,0,Yes,CENAP,No,Flood Risk Reduction,Flood Risk Reduction,US Army Corps of Engineers,PA00921S001,40.4308820000001,-76.115219,Pennsylvania,Berks,Bernville,,Tulpehocken Creek,"Pennsylvania, Congressional District 09",,No,No,,No,No,No,Yes,US Army Corps of Engineers,US Army Corps of Engineers,US Army Corps of Engineers,US Army Corps of Engineers,US Army Corps of Engineers,US Army Corps of Engineers,US Army Corps of Engineers,US Army Corps of Engineers,,,Earth,Earth,Earth,Rock,30,30,30,30,25-50 feet,4800,0,1977,1970-1979,,129900,129900,22897,1147,175,0,None,0,0,0,0,,,None0,09/08/2026,05/02/2019,5,High,Not Available,,"Under Investigation, Planning, Permitting, or Design for Remediation",11/20/2025,Yes,06/01/2021,Yes,https://www.nap.usace.army.mil/missions/civil-works/blue-marsh-lake/,No
Allegheny River Lock and Dam 5,,,PA00115,,PA00115,USACE - Pittsburgh District,Federal,Federal,0,No,CELRP,No,,Irrigation;Navigation,US Army Corps of Engineers,PA00115,40.6836,-79.66662,Pennsylvania,Armstrong,Freeport,1,Allegheny River,"Pennsylvania, Congressional District 15",,No,No,,No,No,No,Yes,US Army Corps of Engineers,US Army Corps of Engineers,US Army Corps of Engineers,US Army Corps of Engineers,US Army Corps of Engineers,US Army Corps of Engineers,US Army Corps of Engineers,US Army Corps of Engineers,,,Gravity,Gravity,Concrete,Rock,,16,16,16,Less than 25 feet,856,0,1927,1920-1929,,9800,9800,9800,660,9351,82000,Uncontrolled,632,1,360,56,,,,09/16/2026,08/09/2024,5,Low,Not Available,,Normal Operations,11/20/2025,Yes,10/31/2023,N/A,https://www.usace.army.mil/Missions/Civil-Works/Dam-Safety-Program/Article/2870967/dam-safety-program/,No
Yatesville Dam,Yatesville Lake,,KY03065,,KY03065,USACE - Huntington District,Federal,Federal,0,No,CELRH,No,Flood Risk Reduction,Flood Risk Reduction;Other;Fish and Wildlife Pond;Recreation,US Army Corps of Engineers,KY03065,38.1258640310001,-82.697331053,Kentucky,Lawrence,Yatesville,4,Blaine Creek,"Kentucky, Congressional District 05",,No,No,,No,No,No,Yes,US Army Corps of Engineers,US Army Corps of Engineers,US Army Corps of Engineers,US Army Corps of Engineers,US Army Corps of Engineers,US Army Corps of Engineers,US Army Corps of Engineers,US Army Corps of Engineers,,,Earth,Earth,Earth,Rock;Soil,,72,156,156,Greater than 100 feet,855,0,1988,1980-1989,,83300,83300,38100,2242,208,63000,Uncontrolled,110,0,0,0,,,,10/01/2026,09/07/2023,5,High,Not Available,,Normal Operations,11/20/2025,Yes,07/11/2020,Yes,https://www.lrh.usace.army.mil/Missions/Civil-Works/Dam-Safety-Program/,No
Senecaville Dam,Senecaville Lake,,OH00013,,OH00013,USACE - Huntington District,Federal,Federal,0,No,CELRH,No,Flood Risk Reduction,Flood Risk Reduction;Fish and Wildlife Pond;Recreation,US Army Corps of Engineers,OH00013,39.925246574,-81.435223788,Ohio,Guernsey,Senecaville,2,Seneca Fork of Wills Creek,"Ohio, Congressional District 12",,No,No,,No,No,No,Yes,US Army Corps of Engineers,US Army Corps of Engineers,US Army Corps of Engineers,US Army Corps of Engineers,US Army Corps of Engineers,US Army Corps of Engineers,US Army Corps of Engineers,US Army Corps of Engineers,,,Earth,Earth,Earth,Rock;Soil,,28,45,45,25-50 feet,2350,380853,1937,1930-1939,,88500,88500,43500,3550,118,11400,Uncontrolled,73,0,0,0,,,Slide (sluice gate)2;Tainter (radial)2,09/30/2026,08/26/2021,5,High,Not Available,,Normal Operations,11/20/2025,Yes,,Yes,https://www.lrh.usace.army.mil/Missions/Civil-Works/Dam-Safety-Program/,No
Alamo Dam,Alamo Lake,,AZ82203,,AZ82203,USACE - Los Angeles District,Federal,Federal,0,No,CESPL,No,Flood Risk Reduction,Flood Risk Reduction;Fish and Wildlife Pond;Recreation,US Army Corps of Engineers,AZ82203,34.232796622,-113.6012666839999,Arizona,Mohave,Parker,,Bill Williams River,"Arizona, Congressional District 09",,No,No,,No,No,No,Yes,US Army Corps of Engineers,US Army Corps of Engineers,US Army Corps of Engineers,US Army Corps of Engineers,US Army Corps of Engineers,US Army Corps of Engineers,US Army Corps of Engineers,US Army Corps of Engineers,,,Earth,Earth,,,283,278,,283,Greater than 100 feet,975,0,1968,1960-1969,,1409000,1409000,0,41500,4770,41500,Uncontrolled,110,0,0,0,,,,10/02/2026,02/19/2025,5,High,Not Available,,"Under Investigation, Planning, Permitting, or Design for Remediation",11/20/2025,Yes,04/22/2025,Yes,https://www.spl.usace.army.mil/Missions/Asset-Management/Alamo-Dam/,No
Hammond Dam,Hammond Lake,,PA01133,,PA01133,USACE - Baltimore District,Federal,Federal,0,No,CENAB,No,Flood Risk Reduction,Flood Risk Reduction;Other;Recreation,US Army Corps of Engineers,PA01133,41.899394629,-77.146945818,Pennsylvania,Tioga,Tioga,,Crooked Creek,"Pennsylvania, Congressional District 15",,No,No,,No,No,No,Yes,US Army Corps of Engineers,US Army Corps of Engineers,US Army Corps of Engineers,US Army Corps of Engineers,US Army Corps of Engineers,US Army Corps of Engineers,US Army Corps of Engineers,US Army Corps of Engineers,,,Rockfill,Rockfill;Earth,Earth,Rock and Soil,122,116,122,122,Greater than 100 feet,6450,,1978,1970-1979,,136936,136936,8625,685,122,218100,Uncontrolled,312,0,0,0,,,,08/21/2026,05/05/2026,5,High,Not Available,,Normal Operations,11/20/2025,Yes,01/25/2022,Yes,https://www.usace.army.mil/Missions/Civil-Works/Dam-Safety-Program/Article/2870967/dam-safety-program/,No
Wappapello Dam - Saddle Dike 2,,Wappapello Dam - Saddle Dam 2,MO30204,S002,MO30204S002,USACE - St. Louis District,Federal,Federal,0,Yes,,No,Flood Risk Reduction,Flood Risk Reduction;Recreation,US Army Corps of Engineers,MO30204S002,36.940799,-90.274684,Missouri,Wayne,Wappapello,1,St. Francis,"Missouri, Congressional District 08",,No,No,,No,No,No,Yes,US Army Corps of Engineers,US Army Corps of Engineers,US Army Corps of Engineers,US Army Corps of Engineers,US Army Corps of Engineers,US Army Corps of Engineers,US Army Corps of Engineers,US Army Corps of Engineers,,,Earth,Earth,,,13,103,114,114,Greater than 100 feet,465,2710000,1941,1940-1949,,1134600,1134600,613200,23200,1310,0,None,,,,,,,,01/29/2026,03/02/2017,5,Significant,Not Available,,Normal Operations,11/20/2025,Yes,02/19/2025,N/A,https://www.usace.army.mil/Missions/Civil-Works/Dam-Safety-Program/Article/2870967/dam-safety-program/,No
Hiram M. Chittenden Locks and Dam,Lake Washington,,WA00301,,WA00301,USACE - Seattle District,Federal,Federal,0,No,CE,No,Navigation,Navigation;Fish and Wildlife Pond;Recreation,US Army Corps of Engineers,WA00301,47.6652943030001,-122.39724697,Washington,King,Seattle,0,"Cedar River, Sammamish River","Washington, Congressional District 07",,No,No,,No,No,No,Yes,US Army Corps of Engineers,US Army Corps of Engineers,US Army Corps of Engineers,US Army Corps of Engineers,US Army Corps of Engineers,US Army Corps of Engineers,US Army Corps of Engineers,US Army Corps of Engineers,,,Gravity,Gravity,,,,25,63,63,51-100 feet,240,0,1916,1910-1919,,458000,458000,458000,25000,607,16000,Controlled,192,2,825,80,,,,07/13/2026,03/10/2022,5,High,Not Available,,"Under Investigation, Planning, Permitting, or Design for Remediation",11/20/2025,Yes,11/22/2024,Yes,https://www.nws.usace.army.mil/Missions/Civil-Works/Locks-and-Dams/Chittenden-Locks/,No
Garrison Dam - Snake Creek Embankment,Lake Audubon,,ND00145,S002,ND00145S002,USACE - Omaha District,Federal,Federal,0,Yes,USACE,No,Other,Other;Irrigation;Fish and Wildlife Pond;Recreation;Water Supply,US Army Corps of Engineers,ND00145S002,47.6004830000001,-101.26336,North Dakota,McLean,Riverdale,,Missouri,"North Dakota, Congressional District 00",,No,No,,No,No,Yes,Yes,US Army Corps of Engineers,US Army Corps of Engineers,US Army Corps of Engineers,US Army Corps of Engineers,US Army Corps of Engineers,US Army Corps of Engineers,US Army Corps of Engineers,US Army Corps of Engineers,No,N/A,Earth,Earth,Earth,Soil,85,67,95,95,51-100 feet,12900,0,1952,1950-1959,,396000,396000,346419,19095,250,2440,None,7,0,0,0,,,Vertical Lift0,12/04/2025,06/30/2023,5,Significant,Not Available,,Normal Operations,11/20/2025,Yes,02/09/2010,Yes,https://www.nwo.usace.army.mil/Missions/Dam-and-Lake-Projects/Missouri-River-Dams/Garrison/,No
Moose Creek Dam,Chena  Lake,,AK00085,,AK00085,USACE - Alaska District,Federal,Federal,1,No,,No,Flood Risk Reduction,Flood Risk Reduction;Recreation,US Army Corps of Engineers,AK00085,64.792499256,-147.179969459,Alaska,Fairbanks North Star Borough,Fairbanks,17,Chena River,"Alaska, Congressional District 00",,No,No,,No,No,No,Yes,US Army Corps of Engineers,US Army Corps of Engineers,US Army Corps of Engineers,US Army Corps of Engineers,US Army Corps of Engineers,US Army Corps of Engineers,US Army Corps of Engineers,,,,Concrete,Concrete;Earth,Earth,,40,43,60,60,51-100 feet,40200,0,1979,1970-1979,,224000,224000,0,1,1496,160000,Uncontrolled,2000,0,0,0,,,Vertical Lift0,08/26/2026,08/21/2026,5,High,Not Available,,Under Remediation,11/20/2025,Yes,05/06/2026,Yes,https://www.usace.army.mil/Missions/Civil-Works/Dam-Safety-Program/Article/2870967/dam-safety-program/,No
Wappapello Dam - Saddle Dike 1,,Wappapello Dam - Saddle Dam 1,MO30204,S001,MO30204S001,USACE - St. Louis District,Federal,Federal,0,Yes,,No,Flood Risk Reduction,Flood Risk Reduction;Recreation,US Army Corps of Engineers,MO30204S001,36.9397740000001,-90.277463,Missouri,Wayne,Wappapello,1,St. Francis,"Missouri, Congressional District 08",,No,No,,No,No,No,Yes,US Army Corps of Engineers,US Army Corps of Engineers,US Army Corps of Engineers,US Army Corps of Engineers,US Army Corps of Engineers,US Army Corps of Engineers,US Army Corps of Engineers,US Army Corps of Engineers,,,Earth,Earth,,,13,103,114,114,Greater than 100 feet,380,2710000,1941,1940-1949,,1134600,1134600,613200,23200,1310,0,None,,,,,,,,02/04/2026,03/02/2017,5,Significant,Not Available,,"Under Investigation, Planning, Permitting, or Design for Remediation",11/20/2025,Yes,01/21/2020,Yes,https://www.usace.army.mil/Missions/Civil-Works/Dam-Safety-Program/Article/2870967/dam-safety-program/,No
Lindy Claiborne Boggs Lock and Dam,Lindy Claiborne Boggs Lock and Dam;Lock No 1;Red River Lock and Dam #1,,LA00584,,LA00584,USACE - Vicksburg District,Federal,Federal,0,No,CEMVK,No,Navigation,Navigation;Recreation;Water Supply,US Army Corps of Engineers,LA00584,31.253621406,-91.957808778,Louisiana,Catahoula,Coushatta,45,Red River,"Louisiana, Congressional District 05",,No,No,,No,No,No,Yes,US Army Corps of Engineers,US Army Corps of Engineers,US Army Corps of Engineers,US Army Corps of Engineers,US Army Corps of Engineers,US Army Corps of Engineers,US Army Corps of Engineers,US Army Corps of Engineers,,,Gravity,Gravity,Earth,Soil,,54,110,110,Greater than 100 feet,691,83740,1985,1980-1989,,100000,100000,100000,10800,60650,205000,Controlled,300,1,685,84,,,,05/21/2026,06/12/2024,5,Significant,Not Available,,Normal Operations,11/20/2025,Yes,05/28/2025,N/A,https://www.usace.army.mil/Missions/Civil-Works/Dam-Safety-Program/Article/2870967/dam-safety-program/,No
Wappapello Dam - Saddle Dike 3,,Wappapello Dam - Saddle Dam 3,MO30204,S003,MO30204S003,USACE - St. Louis District,Federal,Federal,0,Yes,,No,Flood Risk Reduction,Flood Risk Reduction;Recreation,US Army Corps of Engineers,MO30204S003,36.943427,-90.27251,Missouri,Wayne,Wappapello,1,St. Francis,"Missouri, Congressional District 08",,No,No,,No,No,No,Yes,US Army Corps of Engineers,US Army Corps of Engineers,US Army Corps of Engineers,US Army Corps of Engineers,US Army Corps of Engineers,US Army Corps of Engineers,US Army Corps of Engineers,US Army Corps of Engineers,,,Earth,Earth,,,14,103,114,114,Greater than 100 feet,815,2710000,1941,1940-1949,,1134600,1134600,613200,23200,1310,0,None,,,,,,,,01/29/2026,03/02/2017,5,Significant,Not Available,,"Under Investigation, Planning, Permitting, or Design for Remediation",11/20/2025,Yes,01/21/2020,N/A,https://www.usace.army.mil/Missions/Civil-Works/Dam-Safety-Program/Article/2870967/dam-safety-program/,No
Cagles Mill Dam,Cagles Mill Lake,,IN03002,,IN03002,USACE - Louisville District,Federal,Federal,0,No,CELRL,No,Flood Risk Reduction,Flood Risk Reduction;Recreation,US Army Corps of Engineers,IN03002,39.4864498640001,-86.917449787,Indiana,Putnam,Bowling Green,12,Mill Creek,"Indiana, Congressional District 04",,No,No,,No,No,No,Yes,US Army Corps of Engineers,US Army Corps of Engineers,US Army Corps of Engineers,US Army Corps of Engineers,US Army Corps of Engineers,US Army Corps of Engineers,US Army Corps of Engineers,US Army Corps of Engineers,,,Rockfill,Rockfill;Earth,,,,150,150,150,Greater than 100 feet,950,2170000,1953,1950-1959,,228120,228120,27112,1400,295,75700,Uncontrolled,285,0,0,0,,,Uncontrolled0;Vertical Lift2,09/14/2026,05/14/2026,5,High,Not Available,,Normal Operations,11/20/2025,Yes,05/12/2022,Yes,https://www.usace.army.mil/Missions/Civil-Works/Dam-Safety-Program/Article/2870967/dam-safety-program/,No
Foster Joseph Sayers Dam,Blanchard Reservoir,Blanchard Dam,PA00005,,PA00005,USACE - Baltimore District,Federal,Federal,1,No,CENAB,No,Flood Risk Reduction,Flood Risk Reduction;Other;Recreation,US Army Corps of Engineers,PA00005,41.048456215,-77.609335959,Pennsylvania,Centre,Howard,,Bald Eagle Creek,"Pennsylvania, Congressional District 15",,No,No,,No,No,No,Yes,US Army Corps of Engineers,US Army Corps of Engineers,US Army Corps of Engineers,US Army Corps of Engineers,US Army Corps of Engineers,US Army Corps of Engineers,US Army Corps of Engineers,US Army Corps of Engineers,,,Earth,Earth,Earth,Soil,100,95,100,100,51-100 feet,6835,3042100,1969,1960-1969,,186000,186000,28800,1730,339,208900,Uncontrolled,600,0,0,0,,,,09/30/2026,06/08/2022,5,High,Not Available,,Normal Operations,11/20/2025,Yes,03/02/2026,Yes,https://www.usace.army.mil/Missions/Civil-Works/Dam-Safety-Program/Article/2870967/dam-safety-program/,No
Paintsville Dam,Paintsville Lake,,KY03066,,KY03066,USACE - Huntington District,Federal,Federal,0,No,CELRH,No,Flood Risk Reduction,Flood Risk Reduction;Other;Fish and Wildlife Pond;Recreation,US Army Corps of Engineers,KY03066,37.839523679,-82.8719808019999,Kentucky,Johnson,Paintsville,4,Paint Creek,"Kentucky, Congressional District 05",,No,No,,No,No,No,Yes,US Army Corps of Engineers,US Army Corps of Engineers,US Army Corps of Engineers,US Army Corps of Engineers,US Army Corps of Engineers,US Army Corps of Engineers,US Army Corps of Engineers,US Army Corps of Engineers,,,Earth,Earth,Earth,Rock;Soil,,134,160,160,Greater than 100 feet,1600,0,1980,1980-1989,,73500,73500,40700,1139,93,48000,Uncontrolled,180,0,0,0,,,Slide (sluice gate)3,10/01/2026,02/19/2026,5,High,Not Available,,Normal Operations,11/20/2025,Yes,07/05/2020,Yes,https://www.lrh.usace.army.mil/Missions/Civil-Works/Dam-Safety-Program/,No
Tioga Dam,Tioga Lake,,PA01132,,PA01132,USACE - Baltimore District,Federal,Federal,1,No,CENAB,No,Flood Risk Reduction,Flood Risk Reduction;Other;Recreation,US Army Corps of Engineers,PA01132,41.8980334680001,-77.135246216,Pennsylvania,Tioga,Tioga,,Tioga River,"Pennsylvania, Congressional District 15",,No,No,,No,No,No,Yes,US Army Corps of Engineers,US Army Corps of Engineers,US Army Corps of Engineers,US Army Corps of Engineers,US Army Corps of Engineers,US Army Corps of Engineers,US Army Corps of Engineers,US Army Corps of Engineers,,,Rockfill,Rockfill;Earth,Earth,Rock and Soil,141,136,140,141,Greater than 100 feet,2710,,1978,1970-1979,,143383,143383,9945,498,280,218100,Uncontrolled,312,0,0,0,,,,08/21/2026,05/05/2026,5,High,Not Available,,Normal Operations,11/20/2025,Yes,10/20/2022,Yes,https://www.usace.army.mil/Missions/Civil-Works/Dam-Safety-Program/Article/2870967/dam-safety-program/,No
Herbert Hoover Dike - Ciz B,Hhd Ciz B,L-D1;L-D2;L-D3,FL36001,,FL36001B,USACE - Jacksonville District,Federal,Federal,,No,CESAJ,No,Flood Risk Reduction,Flood Risk Reduction;Irrigation;Navigation;Fish and Wildlife Pond;Recreation;Water Supply,US Army Corps of Engineers,FL36001B,26.8086658595334,-80.9815572553632,Florida,Glades,Clewiston,7,Kissimmee River Basin,"Florida, Congressional District 18",,Yes,Yes,Fdep,Yes,Yes,Yes,Yes,US Army Corps of Engineers,US Army Corps of Engineers,US Army Corps of Engineers,US Army Corps of Engineers,US Army Corps of Engineers,US Army Corps of Engineers,US Army Corps of Engineers,US Army Corps of Engineers,,,Earth,Earth,Earth,Soil,35,17,29,35,25-50 feet,196130,14510000,1965,1960-1969,2023,8519000,8519000,4596000,467200,5600,,None,,2,,,,,Slide (sluice gate);Vertical Lift,07/31/2026,04/25/2024,,High,,,Normal Operations,11/20/2025,Yes,10/27/2025,No,,No
Patoka Lake Dam,Patoka Lake,,IN03018,,IN03018,USACE - Louisville District,Federal,Federal,0,No,CELRL,No,Flood Risk Reduction,Flood Risk Reduction;Other;Recreation;Water Supply,US Army Corps of Engineers,IN03018,38.4343385460001,-86.7075898369999,Indiana,Dubois,Jasper,13,Patoka River,"Indiana, Congressional District 08",,No,No,,No,No,No,Yes,US Army Corps of Engineers,US Army Corps of Engineers,US Army Corps of Engineers,US Army Corps of Engineers,US Army Corps of Engineers,US Army Corps of Engineers,US Army Corps of Engineers,US Army Corps of Engineers,,,Rockfill,Rockfill;Earth,,,,85,145,145,Greater than 100 feet,1500,1440875,1978,1970-1979,,301640,301640,167290,8880,168,40000,Uncontrolled,370,0,0,0,,,Uncontrolled0;Vertical Lift2,09/14/2026,04/21/2022,5,High,Not Available,,Normal Operations,11/20/2025,Yes,07/01/2024,Yes,https://www.usace.army.mil/Missions/Civil-Works/Dam-Safety-Program/Article/2870967/dam-safety-program/,No
Hannibal Locks and Dam,Hannibal Pool,,WV10301,,WV10301,USACE - Pittsburgh District,Federal,Federal,0,No,CELRP,No,Navigation,Navigation;Hydroelectric,US Army Corps of Engineers,WV10301,39.667113,-80.863456,West Virginia,Wetzel,New Martinsville,1,Ohio River,"West Virginia, Congressional District 02",,No,No,,No,No,No,Yes,US Army Corps of Engineers,US Army Corps of Engineers,US Army Corps of Engineers,US Army Corps of Engineers,US Army Corps of Engineers,US Army Corps of Engineers,US Army Corps of Engineers,US Army Corps of Engineers,,,Gravity,Gravity,Concrete,Rock,,51,42,51,51-100 feet,1403,0,1974,1970-1979,,130000,130000,130000,6650,25967,335000,Controlled,959,2,1200,110,,,Tainter (radial)8,09/24/2026,06/26/2026,5,Significant,Not Available,,Normal Operations,11/20/2025,Yes,09/08/2021,N/A,https://www.usace.army.mil/Missions/Civil-Works/Dam-Safety-Program/Article/2870967/dam-safety-program/,No
Leesville Dam,Leesville Lake,,OH00014,,OH00014,USACE - Huntington District,Federal,Federal,0,No,CELRH,No,Flood Risk Reduction,Flood Risk Reduction;Fish and Wildlife Pond;Recreation,US Army Corps of Engineers,OH00014,40.4691427160001,-81.194672839,Ohio,Carroll,Sherrodville,4,Mcguire Creek,"Ohio, Congressional District 06",,No,No,,No,No,No,Yes,US Army Corps of Engineers,US Army Corps of Engineers,US Army Corps of Engineers,US Army Corps of Engineers,US Army Corps of Engineers,US Army Corps of Engineers,US Army Corps of Engineers,US Army Corps of Engineers,,,Earth,Earth,Earth,Soil,,63,74,74,51-100 feet,1695,681000,1937,1930-1939,,37400,37400,19500,1000,48,19700,Uncontrolled,150,0,0,0,,,Slide (sluice gate)3,09/30/2026,04/27/2023,5,High,Not Available,,Normal Operations,11/20/2025,Yes,06/30/2020,Yes,https://www.lrh.usace.army.mil/Missions/Civil-Works/Dam-Safety-Program/,No
West Fork of Mill Creek Dam,West Fork of Mill Creek Lake,,OH00029,,OH00029,USACE - Louisville District,Federal,Federal,0,No,CELRL,No,Flood Risk Reduction,Flood Risk Reduction;Recreation,US Army Corps of Engineers,OH00029,39.260311394,-84.4956781019999,Ohio,Hamilton,Woodland,2,West Fork of Mill Creek,"Ohio, Congressional District 08",,No,No,,No,No,No,Yes,US Army Corps of Engineers,US Army Corps of Engineers,US Army Corps of Engineers,US Army Corps of Engineers,US Army Corps of Engineers,US Army Corps of Engineers,US Army Corps of Engineers,US Army Corps of Engineers,,,Earth,Earth,,,,92,106,106,Greater than 100 feet,3966,566300,1952,1950-1959,,11380,11380,1530,183,29,19500,Uncontrolled,44,0,0,0,,,Uncontrolled0;Vertical Lift3,09/11/2026,05/15/2025,5,High,Not Available,,Normal Operations,11/20/2025,Yes,03/13/2026,Yes,https://www.usace.army.mil/Missions/Civil-Works/Dam-Safety-Program/Article/2870967/dam-safety-program/,No
Mississippi River Locks and Dam 27,Mississippi River,,MO10302,,MO10302,USACE - St. Louis District,Federal,Federal,0,No,,No,Navigation,Navigation,US Army Corps of Engineers,MO10302,38.702925162,-90.180959866,Missouri,Madison,Granite City,1,Mississippi River,"Illinois, Congressional District 13",,No,No,,No,No,No,Yes,US Army Corps of Engineers,US Army Corps of Engineers,US Army Corps of Engineers,US Army Corps of Engineers,US Army Corps of Engineers,US Army Corps of Engineers,US Army Corps of Engineers,US Army Corps of Engineers,,,Rockfill,Rockfill,,,25,25,25,25,25-50 feet,3240,540000,1962,1960-1969,,50,0,50,0,0,1300000,Uncontrolled,676,2,0,0,,,,09/29/2026,05/14/2024,5,Significant,Not Available,,Normal Operations,11/20/2025,Yes,07/06/2015,N/A,https://www.usace.army.mil/Missions/Civil-Works/Dam-Safety-Program/Article/2870967/dam-safety-program/,No
Clendening Dam,Clendening Lake,,OH00012,,OH00012,USACE - Huntington District,Federal,Federal,0,No,CELRH,No,Flood Risk Reduction,Flood Risk Reduction;Fish and Wildlife Pond;Recreation,US Army Corps of Engineers,OH00012,40.2690785350001,-81.276567118,Ohio,Harrison,Tippecanoe,1,Brushy Fk of Stillwater Ck,"Ohio, Congressional District 06",,No,No,,No,No,No,Yes,US Army Corps of Engineers,US Army Corps of Engineers,US Army Corps of Engineers,US Army Corps of Engineers,US Army Corps of Engineers,US Army Corps of Engineers,US Army Corps of Engineers,US Army Corps of Engineers,,,Earth,Earth,Earth,Soil,,57,64,64,51-100 feet,950,224500,1936,1930-1939,,54000,54000,26500,1800,69,13200,Uncontrolled,128,0,0,0,,,Slide (sluice gate)3,10/01/2026,04/22/2024,5,High,Not Available,,"Under Investigation, Planning, Permitting, or Design for Remediation",11/20/2025,Yes,10/19/2020,Yes,https://www.lrh.usace.army.mil/Missions/Civil-Works/Dam-Safety-Program/,No
Dashields Locks and Dam,Dashields Pool,,PA00127,,PA00127,USACE - Pittsburgh District,Federal,Federal,0,No,CELRP,No,Navigation,Navigation,US Army Corps of Engineers,PA00127,40.5497637840001,-80.2050888159999,Pennsylvania,Allegheny,Glenwillard,,Ohio River,"Pennsylvania, Congressional District 17",,No,No,,No,No,No,Yes,US Army Corps of Engineers,US Army Corps of Engineers,US Army Corps of Engineers,US Army Corps of Engineers,US Army Corps of Engineers,US Army Corps of Engineers,US Army Corps of Engineers,US Army Corps of Engineers,,,Gravity,Gravity,Concrete,Rock,,44,39,44,25-50 feet,1799,0,1929,1920-1929,,17000,17000,17000,1210,19522,235000,Uncontrolled,1585,2,600,110,,,None0;Uncontrolled0,09/16/2026,11/03/2021,5,Significant,Not Available,,Normal Operations,11/20/2025,Yes,09/08/2021,N/A,https://www.usace.army.mil/Missions/Civil-Works/Dam-Safety-Program/Article/2870967/dam-safety-program/,No
Mcnary Lock and Dam,Lake Wallula,,OR00616,,OR00616,USACE - Walla Walla District,Federal,Federal,3,No,,No,Navigation,Navigation;Irrigation;Fish and Wildlife Pond;Recreation;Hydroelectric,US Army Corps of Engineers,OR00616,45.93603705,-119.29776808,Oregon,Benton,Umatilla,,Columbia River,"Washington, Congressional District 04",,Yes,Yes,Owrd,Yes,Yes,Yes,Yes,US Army Corps of Engineers,US Army Corps of Engineers,US Army Corps of Engineers,US Army Corps of Engineers,US Army Corps of Engineers,US Army Corps of Engineers,US Army Corps of Engineers,US Army Corps of Engineers,,,Concrete,Concrete;Earth;Gravity,,,,75,220,220,Greater than 100 feet,7365,4798000,1954,1950-1959,,1350000,0,1350000,38800,214000,2200000,Controlled,1100,1,683,86,,,Vertical Lift0,05/27/2026,11/13/2024,5,High,Not Available,,Normal Operations,11/20/2025,Yes,07/07/2022,Yes,https://www.nww.usace.army.mil/Locations/District-Locks-and-Dams/McNary-Lock-and-Dam/,No
Hodges Village Dam,Dry Reservoir,Hodges Village Dam Dike 1,MA00967,,MA00967,USACE - New England District,Federal,Federal,2,No,CENAE,No,Flood Risk Reduction,Flood Risk Reduction,US Army Corps of Engineers,MA00967,42.1197521980001,-71.879880532,Massachusetts,Worcester,Webster,,French River,"Massachusetts, Congressional District 01",,No,No,,No,No,No,Yes,US Army Corps of Engineers,US Army Corps of Engineers,US Army Corps of Engineers,US Army Corps of Engineers,US Army Corps of Engineers,US Army Corps of Engineers,US Army Corps of Engineers,US Army Corps of Engineers,,,Rockfill,Rockfill;Earth;Gravity,Earth,Soil,54,49,54,54,51-100 feet,200,285400,1959,1950-1959,,26000,26000,0,1,31,25800,Uncontrolled,125,0,0,0,,,,01/08/2026,11/04/2024,5,High,Not Available,,Normal Operations,11/20/2025,Yes,09/30/2019,Yes,https://www.nae.usace.army.mil/Missions/Civil-Works/Flood-Risk-Management/Massachusetts/Hodges-Village/,No
Bolivar Dam,(None) Dry Reservoir,,OH00004,,OH00004,USACE - Huntington District,Federal,Federal,2,No,CELRH,No,Flood Risk Reduction,Flood Risk Reduction,US Army Corps of Engineers,OH00004,40.656627771,-81.4292785929999,Ohio,Stark,Bolivar,,Sandy Creek,"Ohio, Congressional District 06",,No,No,,No,No,No,Yes,US Army Corps of Engineers,US Army Corps of Engineers,US Army Corps of Engineers,US Army Corps of Engineers,US Army Corps of Engineers,US Army Corps of Engineers,US Army Corps of Engineers,US Army Corps of Engineers,,,Earth,Earth,Earth,Soil,,67,87,87,51-100 feet,6300,2316800,1938,1930-1939,,149600,149600,0,0,504,61700,Uncontrolled,540,0,0,0,,,Slide (sluice gate)6,09/29/2026,07/02/2026,5,High,Not Available,,Normal Operations,11/22/2025,Yes,08/12/2020,Yes,https://www.lrh.usace.army.mil/Missions/Civil-Works/Dam-Safety-Program/,No
Braddock Locks and Dam,Monongahela River Pool 02,Monongahela Locks and Dam 02,PA00120,,PA00120,USACE - Pittsburgh District,Federal,Federal,0,No,CELRP,No,Navigation,Navigation,US Army Corps of Engineers,PA00120,40.3905323060001,-79.8580009149999,Pennsylvania,Allegheny,Braddock,1,Monongahela River,"Pennsylvania, Congressional District 12",,No,No,,No,No,No,Yes,US Army Corps of Engineers,US Army Corps of Engineers,US Army Corps of Engineers,US Army Corps of Engineers,US Army Corps of Engineers,US Army Corps of Engineers,US Army Corps of Engineers,US Army Corps of Engineers,,,Gravity,Gravity,Concrete,Rock,,33,33,33,25-50 feet,960,0,1905,1900-1909,,13700,13700,13700,1190,7342,110000,Uncontrolled,748,2,720,110,,,Tainter (radial)4,09/16/2026,05/12/2023,5,Significant,Not Available,,Normal Operations,11/20/2025,Yes,10/31/2023,N/A,https://www.usace.army.mil/Missions/Civil-Works/Dam-Safety-Program/Article/2870967/dam-safety-program/,No
Wills Creek Dam,Wills Creek Lake,,OH00002,,OH00002,USACE - Huntington District,Federal,Federal,0,No,CELRH,No,Flood Risk Reduction,Flood Risk Reduction;Fish and Wildlife Pond;Recreation,US Army Corps of Engineers,OH00002,40.15639349,-81.847064258,Ohio,Coshocton,Wills Creek,2,Wills Creek,"Ohio, Congressional District 12",,No,No,,No,No,No,Yes,US Army Corps of Engineers,US Army Corps of Engineers,US Army Corps of Engineers,US Army Corps of Engineers,US Army Corps of Engineers,US Army Corps of Engineers,US Army Corps of Engineers,US Army Corps of Engineers,,,Earth,Earth,Earth,Rock;Soil,,65,87,87,51-100 feet,1950,559900,1936,1930-1939,,196000,196000,6000,900,842,45800,Uncontrolled,205,0,0,0,,,Slide (sluice gate)6,09/30/2026,08/05/2026,5,High,Not Available,,Normal Operations,11/20/2025,Yes,07/11/2020,Yes,https://www.lrh.usace.army.mil/Missions/Civil-Works/Dam-Safety-Program/,No
Carlyle Dam - Saddle Dam 2,Carlyle Lake,,IL00113,S002,IL00113S002,USACE - St. Louis District,Federal,Federal,0,Yes,,No,Flood Risk Reduction,Flood Risk Reduction,US Army Corps of Engineers,IL00113S002,38.6152440000001,-89.322494,Illinois,Clinton,Carlyle,1,Kaskaskia River,"Illinois, Congressional District 12",,Yes,Yes,Idnr,Yes,Yes,Yes,Yes,US Army Corps of Engineers,US Army Corps of Engineers,US Army Corps of Engineers,US Army Corps of Engineers,US Army Corps of Engineers,US Army Corps of Engineers,US Army Corps of Engineers,US Army Corps of Engineers,,,Earth,Earth,,,22,,,22,Less than 25 feet,8160,2500000,1966,1960-1969,,233000,233000,233000,24580,2717,0,Controlled,0,0,0,0,,,None0;Tainter (radial)0,01/29/2026,08/12/2021,5,Significant,Not Available,,Normal Operations,11/20/2025,Yes,02/10/2025,N/A,https://www.usace.army.mil/Missions/Civil-Works/Dam-Safety-Program/Article/2870967/dam-safety-program/,No
Carlyle Dam - Saddle Dam 3,Carlyle Lake,,IL00113,S003,IL00113S003,USACE - St. Louis District,Federal,Federal,0,Yes,,No,Flood Risk Reduction,Flood Risk Reduction,US Army Corps of Engineers,IL00113S003,38.625098,-89.242474,Illinois,Clinton,Carlyle,1,Kaskaskia River,"Illinois, Congressional District 12",,Yes,Yes,Idnr,Yes,Yes,Yes,Yes,US Army Corps of Engineers,US Army Corps of Engineers,US Army Corps of Engineers,US Army Corps of Engineers,US Army Corps of Engineers,US Army Corps of Engineers,US Army Corps of Engineers,US Army Corps of Engineers,,,Earth,Earth,,,15,,,15,Less than 25 feet,23000,2500000,1966,1960-1969,,1273734,1273734,280170,24580,2717,0,None,152,0,0,0,,,None0;Tainter (radial)0,01/29/2026,08/12/2021,5,Significant,Not Available,,Normal Operations,11/20/2025,Yes,02/10/2025,N/A,https://www.usace.army.mil/Missions/Civil-Works/Dam-Safety-Program/Article/2870967/dam-safety-program/,No
Allegheny River Lock and Dam 9,Allegheny River Pool 09,,PA00119,,PA00119,USACE - Pittsburgh District,Federal,Federal,0,No,CELRP,No,Navigation,Navigation;Hydroelectric,US Army Corps of Engineers,PA00119,40.9562738920001,-79.548755964,Pennsylvania,Armstrong,Rimer,2,Allegheny River,"Pennsylvania, Congressional District 15",,No,No,,No,No,No,Yes,US Army Corps of Engineers,US Army Corps of Engineers,US Army Corps of Engineers,US Army Corps of Engineers,US Army Corps of Engineers,US Army Corps of Engineers,US Army Corps of Engineers,US Army Corps of Engineers,,,Gravity,Gravity,Concrete,Rock,,30,55,55,51-100 feet,1040,0,1938,1930-1939,,13500,13500,13500,1040,8401,125000,Uncontrolled,918,1,360,56,,,None0;Uncontrolled0,09/16/2026,09/20/2024,5,Low,Not Available,,Normal Operations,11/20/2025,Yes,03/28/2016,N/A,https://www.usace.army.mil/Missions/Civil-Works/Dam-Safety-Program/Article/2870967/dam-safety-program/,No
Wappapello Dam,Wappapello Lake,,MO30204,,MO30204,USACE - St. Louis District,Federal,Federal,3,No,CEMVS,No,Flood Risk Reduction,Flood Risk Reduction;Other;Fish and Wildlife Pond;Recreation,US Army Corps of Engineers,MO30204,36.931267679,-90.280527756,Missouri,Wayne,Wappapello,1,St. Francis River,"Missouri, Congressional District 08",,No,No,,No,No,No,Yes,US Army Corps of Engineers,US Army Corps of Engineers,US Army Corps of Engineers,US Army Corps of Engineers,US Army Corps of Engineers,US Army Corps of Engineers,US Army Corps of Engineers,US Army Corps of Engineers,,,Earth,Earth;Concrete;Gravity,Earth,Rock,109,103,114,114,Greater than 100 feet,2700,2710000,1941,1940-1949,,1134600,1134600,613200,23200,1310,200000,Uncontrolled,740,0,0,0,,,Vertical Lift3,08/26/2026,04/28/2022,5,High,Not Available,,"Under Investigation, Planning, Permitting, or Design for Remediation",11/20/2025,Yes,02/19/2025,Yes,https://www.usace.army.mil/Missions/Civil-Works/Dam-Safety-Program/Article/2870967/dam-safety-program/,No
Jennings Randolph Dam,Jennings Randolph Lake,Bloomington Dam,MD00069,,MD00069,USACE - Baltimore District,Federal,Federal,0,No,CENAB,No,Flood Risk Reduction,Flood Risk Reduction;Other;Recreation;Water Supply,US Army Corps of Engineers,MD00069,39.43224146,-79.12241495,Maryland,Mineral,Barnum,,North Branch Potomac River,"West Virginia, Congressional District 02",,No,No,,No,No,No,Yes,US Army Corps of Engineers,US Army Corps of Engineers,US Army Corps of Engineers,US Army Corps of Engineers,US Army Corps of Engineers,US Army Corps of Engineers,US Army Corps of Engineers,US Army Corps of Engineers,,,Rockfill,Rockfill;Earth,Earth,Rock,296,291,296,296,Greater than 100 feet,2130,10000000,1981,1980-1989,,130900,130900,94700,965,263,193000,Controlled,242,0,0,0,,,Slide (sluice gate)0;Tainter (radial)0;Valve0,09/15/2026,06/03/2024,5,High,Not Available,,"Under Investigation, Planning, Permitting, or Design for Remediation",08/30/2026,Yes,03/02/2026,Yes,https://www.usace.army.mil/Missions/Civil-Works/Dam-Safety-Program/Article/2870967/dam-safety-program/,No
Blue Springs Dam,Blue Springs Lake,,MO12099,,MO12099,USACE - Kansas City District,Federal,Federal,0,No,CENWK,No,Flood Risk Reduction,Flood Risk Reduction;Other;Fish and Wildlife Pond;Recreation,US Army Corps of Engineers,MO12099,39.0165963920001,-94.339557465,Missouri,Jackson,Lees Summit,4,East Fork Little Blue River,"Missouri, Congressional District 05",,No,No,,No,No,No,Yes,US Army Corps of Engineers,US Army Corps of Engineers,US Army Corps of Engineers,US Army Corps of Engineers,US Army Corps of Engineers,US Army Corps of Engineers,US Army Corps of Engineers,US Army Corps of Engineers,,,Rockfill,Rockfill;Earth,Earth,Soil,70,68,70,70,51-100 feet,2500,2200000,1988,1980-1989,,26950,26950,10842,722,32.8,24639,Uncontrolled,300,0,0,0,,,Uncontrolled0,05/13/2026,04/26/2023,5,High,Not Available,,Normal Operations,11/20/2025,Yes,09/30/2020,Yes,https://www.nwk.usace.army.mil/Missions/Civil-Works/Dam-Safety-Program/,No
Raystown Dam,Raystown Lake,,PA00004,,PA00004,USACE - Baltimore District,Federal,Federal,1,No,CENAB,No,Flood Risk Reduction,Flood Risk Reduction;Other;Recreation,US Army Corps of Engineers,PA00004,40.433897804,-78.006931008,Pennsylvania,Huntingdon,Huntingdon,,Raystown Branch Juniata River,"Pennsylvania, Congressional District 13",,No,No,,No,No,No,Yes,US Army Corps of Engineers,US Army Corps of Engineers,US Army Corps of Engineers,US Army Corps of Engineers,US Army Corps of Engineers,US Army Corps of Engineers,US Army Corps of Engineers,US Army Corps of Engineers,,,Rockfill,Rockfill;Earth,Earth,Rock,225,221,225,225,Greater than 100 feet,1700,5900000,1973,1970-1979,,871000,871000,514000,8300,960,301000,Uncontrolled,1630,0,0,0,,,,04/30/2026,08/10/2023,5,High,Not Available,,"Under Investigation, Planning, Permitting, or Design for Remediation",11/20/2025,Yes,03/02/2026,Yes,https://www.usace.army.mil/Missions/Civil-Works/Dam-Safety-Program/Article/2870967/dam-safety-program/,No
St. Stephen Powerhouse Dam,Lake Moultrie,,SC82201,,SC82201,USACE - Charleston District,Federal,Federal,0,No,CENWO,No,Navigation,Navigation;Fish and Wildlife Pond;Recreation;Hydroelectric;Flood Risk Reduction,US Army Corps of Engineers,SC82201,33.426760066,-79.931118211,South Carolina,Berkeley,St.Stephen,2,Cooper/Santee,"South Carolina, Congressional District 01",,No,No,,No,No,No,Yes,US Army Corps of Engineers,US Army Corps of Engineers,US Army Corps of Engineers,US Army Corps of Engineers,US Army Corps of Engineers,US Army Corps of Engineers,US Army Corps of Engineers,US Army Corps of Engineers,,,Concrete,Concrete;Earth;Gravity,Concrete,Rock,128,75,128,128,Greater than 100 feet,965,700000,1985,1980-1989,,1405570,1405570,1055150,0,15000,24500,None,0,0,0,0,,,Vertical Lift0,05/18/2026,02/22/2023,5,High,Not Available,,Normal Operations,11/20/2025,Yes,03/14/2025,Yes,https://www.usace.army.mil/Missions/Civil-Works/Dam-Safety-Program/Article/2870967/dam-safety-program/,No
Carlyle Dam - Keyesport Levee,Carlyle Lake,,IL00113,S001,IL00113S001,USACE - St. Louis District,Federal,Federal,0,Yes,,No,Flood Risk Reduction,Flood Risk Reduction;Other;Navigation;Fish and Wildlife Pond;Recreation;Water Supply,US Army Corps of Engineers,IL00113S001,38.7402129760001,-89.27386437,Illinois,Clinton,Keyesport,1,Kaskaskia River,"Illinois, Congressional District 12",,Yes,Yes,Idnr,Yes,Yes,Yes,Yes,US Army Corps of Engineers,US Army Corps of Engineers,US Army Corps of Engineers,US Army Corps of Engineers,US Army Corps of Engineers,US Army Corps of Engineers,US Army Corps of Engineers,US Army Corps of Engineers,,,Earth,Earth,,,23,,,23,Less than 25 feet,9945,2500000,1966,1960-1969,,1286900,1286900,233000,24580,0.9,0,None,0,0,0,0,,,Tainter (radial)0,01/29/2026,08/12/2021,5,High,Not Available,,Normal Operations,11/20/2025,Yes,09/28/2020,No,https://www.usace.army.mil/Missions/Civil-Works/Dam-Safety-Program/Article/2870967/dam-safety-program/,No
Brandon Road Lock and Dam,Brandon Road Pool,,IL00001,,IL00001,USACE - Rock Island District,Federal,Federal,0,No,,No,Navigation,Navigation,US Army Corps of Engineers,IL00001,41.5032010000001,-88.102898,Illinois,Will,Joliet,,Des Plaines,"Illinois, Congressional District 14",,Yes,Yes,,Yes,Yes,Yes,Yes,US Army Corps of Engineers,US Army Corps of Engineers,US Army Corps of Engineers,US Army Corps of Engineers,US Army Corps of Engineers,US Army Corps of Engineers,US Army Corps of Engineers,US Army Corps of Engineers,,,Concrete,Concrete;Earth;Gravity,Concrete,Rock,,34,45,45,25-50 feet,14250,370000,1933,1930-1939,,4500,4500,0,0,1506,36000,None,1569,1,600,110,,,Slide (sluice gate)6;Tainter (radial)21;Uncontrolled0;Vertical Lift16,06/17/2026,05/19/2026,5,High,Not Available,,Normal Operations,11/20/2025,Yes,04/01/2016,Yes,https://www.usace.army.mil/Missions/Civil-Works/Dam-Safety-Program/Article/2870967/dam-safety-program/,No
Clarence Cannon Dam,Mark Twain Lake,Joanna Reservoir,MO82201,,MO82201,USACE - St. Louis District,Federal,Federal,1,No,CEMVS,No,Flood Risk Reduction,Flood Risk Reduction;Navigation;Fish and Wildlife Pond;Recreation;Hydroelectric;Water Supply,US Army Corps of Engineers,MO82201,39.52441307,-91.643850146,Missouri,Ralls,New London,20,Salt River,"Missouri, Congressional District 06",,No,No,,No,No,No,Yes,US Army Corps of Engineers,US Army Corps of Engineers,US Army Corps of Engineers,US Army Corps of Engineers,US Army Corps of Engineers,US Army Corps of Engineers,US Army Corps of Engineers,US Army Corps of Engineers,,,Concrete,Concrete;Earth;Gravity,Earth,Rock;Soil,138,133,188,188,Greater than 100 feet,1940,3450000,1983,1980-1989,,1862000,1862000,520661,5900,2318,276500,Controlled,230,0,0,0,,,Tainter (radial)4,09/15/2026,06/23/2025,5,High,Not Available,,Normal Operations,11/20/2025,Yes,09/08/2021,Yes,https://www.usace.army.mil/Missions/Civil-Works/Dam-Safety-Program/Article/2870967/dam-safety-program/,No
New Cumberland Locks and Dam,New Cumberland Pool,,WV02901,,WV02901,USACE - Pittsburgh District,Federal,Federal,0,No,CELRP,No,Navigation,Navigation,US Army Corps of Engineers,WV02901,40.52810081,-80.62619954,West Virginia,Jefferson,New Cumberland,,Ohio River,"Ohio, Congressional District 06",,No,No,,No,No,No,Yes,US Army Corps of Engineers,US Army Corps of Engineers,US Army Corps of Engineers,US Army Corps of Engineers,US Army Corps of Engineers,US Army Corps of Engineers,US Army Corps of Engineers,US Army Corps of Engineers,,,Gravity,Gravity,Concrete,Rock,,38,64,64,51-100 feet,1599,0,1963,1960-1969,,74000,74000,74000,3840,23873,209000,Controlled,1210,2,1200,110,,,Tainter (radial)11,09/16/2026,07/18/2023,5,Significant,Not Available,,Normal Operations,11/20/2025,Yes,09/08/2021,N/A,https://www.usace.army.mil/Missions/Civil-Works/Dam-Safety-Program/Article/2870967/dam-safety-program/,No
Green River Dam,Green River Lake,,KY03007,,KY03007,USACE - Louisville District,Federal,Federal,0,No,CELRL,No,Flood Risk Reduction,Flood Risk Reduction;Other;Recreation;Water Supply,US Army Corps of Engineers,KY03007,37.245714553,-85.339819876,Kentucky,Taylor,Greensburg,26,Green River,"Kentucky, Congressional District 01",,No,No,,No,No,No,Yes,US Army Corps of Engineers,US Army Corps of Engineers,US Army Corps of Engineers,US Army Corps of Engineers,US Army Corps of Engineers,US Army Corps of Engineers,US Army Corps of Engineers,US Army Corps of Engineers,,,Rockfill,Rockfill;Earth,,,,123,144,144,Greater than 100 feet,2350,4741000,1969,1960-1969,,723200,723200,244100,8210,682,74200,Uncontrolled,450,0,0,0,,,Uncontrolled0;Vertical Lift0,10/02/2026,07/07/2026,5,High,Not Available,,Normal Operations,11/20/2025,Yes,03/04/2026,Yes,https://www.usace.army.mil/Missions/Civil-Works/Dam-Safety-Program/Article/2870967/dam-safety-program/,No
Wallisville Lock and Dam,,,TX07102,,TX07102,USACE - Galveston District,Federal,Federal,0,No,CESWG,No,Other,Other;Fish and Wildlife Pond;Recreation;Water Supply,US Army Corps of Engineers,TX07102,29.811890308,-94.7314596319999,Texas,Chambers,Wallisville,0,Trinity River,"Texas, Congressional District 36",,Yes,Yes,Tceq,Yes,Yes,Yes,Yes,US Army Corps of Engineers,US Army Corps of Engineers,US Army Corps of Engineers,US Army Corps of Engineers,US Army Corps of Engineers,US Army Corps of Engineers,US Army Corps of Engineers,US Army Corps of Engineers,,,Earth,Earth,Earth,Soil,16,16,16,16,Less than 25 feet,30000,0,2000,Since 2000,,45600,45600,0,0,17969,0,Controlled,184,1,600,84,,,Tainter (radial)0,09/18/2026,05/27/2022,1,Significant,Not Available,,Normal Operations,11/20/2025,Yes,09/18/2026,N/A,https://www.usace.army.mil/Missions/Civil-Works/Dam-Safety-Program/Article/2870967/dam-safety-program/,No
Taylorsville Dam,Taylorsville Lake,,KY03051,,KY03051,USACE - Louisville District,Federal,Federal,0,No,CELRL,No,Flood Risk Reduction,Flood Risk Reduction;Other;Recreation,US Army Corps of Engineers,KY03051,38.0040980680001,-85.307501626,Kentucky,Spencer,Taylorsville,4,Salt River,"Kentucky, Congressional District 04",,No,No,,No,No,No,Yes,US Army Corps of Engineers,US Army Corps of Engineers,US Army Corps of Engineers,US Army Corps of Engineers,US Army Corps of Engineers,US Army Corps of Engineers,US Army Corps of Engineers,US Army Corps of Engineers,,,Rockfill,Rockfill;Earth,,,,143,162,162,Greater than 100 feet,1280,2113000,1983,1980-1989,,291670,291670,86440,3050,353,123360,Uncontrolled,290,0,0,0,,,Uncontrolled0;Vertical Lift2,07/16/2026,07/11/2024,5,High,Not Available,,Normal Operations,11/20/2025,Yes,02/01/2025,Yes,https://www.usace.army.mil/Missions/Civil-Works/Dam-Safety-Program/Article/2870967/dam-safety-program/,No
Youghiogheny Dam,Youghiogheny River Lake,,PA00109,,PA00109,USACE - Pittsburgh District,Federal,Federal,0,No,CELRP,No,Flood Risk Reduction,Flood Risk Reduction;Other;Fish and Wildlife Pond;Recreation;Hydroelectric;Water Supply,US Army Corps of Engineers,PA00109,39.798510741,-79.369029737,Pennsylvania,Fayette,Confluence,,Youghiogheny River,"Pennsylvania, Congressional District 14",,No,No,,No,No,No,Yes,US Army Corps of Engineers,US Army Corps of Engineers,US Army Corps of Engineers,US Army Corps of Engineers,US Army Corps of Engineers,US Army Corps of Engineers,US Army Corps of Engineers,US Army Corps of Engineers,,,Earth,Earth,Earth,Rock,,177,184,184,Greater than 100 feet,1610,3171600,1944,1940-1949,,300000,300000,149300,2840,434,130500,Uncontrolled,344,0,0,0,,,Other Controlled1;Vertical Lift4,09/16/2026,05/05/2025,5,High,Not Available,,Normal Operations,07/21/2020,Yes,05/05/2017,Yes,https://www.usace.army.mil/Missions/Civil-Works/Dam-Safety-Program/Article/2870967/dam-safety-program/,No
Big Creek Diversion Dam,Big Creek Lake,,IA00014,,IA00014,USACE - Rock Island District,Federal,Federal,0,No,CEMVR,No,Flood Risk Reduction,Flood Risk Reduction,US Army Corps of Engineers,IA00014,41.793072593,-93.7301833,Iowa,Polk,Polk City,,Big Creek,"Iowa, Congressional District 03",,No,No,,No,No,No,Yes,US Army Corps of Engineers,US Army Corps of Engineers,US Army Corps of Engineers,US Army Corps of Engineers,US Army Corps of Engineers,US Army Corps of Engineers,US Army Corps of Engineers,US Army Corps of Engineers,,,Gravity,Gravity;Earth,Earth,Soil,80,75,80,80,51-100 feet,1750,920000,1970,1970-1979,,27500,27500,7600,885,76,355,Uncontrolled,100,0,0,0,,,Slide (sluice gate)1,08/07/2026,12/06/2022,1,High,Not Available,,Normal Operations,11/20/2025,Yes,10/20/2022,Yes,https://www.usace.army.mil/Missions/Civil-Works/Dam-Safety-Program/Article/2870967/dam-safety-program/,No
Aylesworth Creek Dam,Aylesworth Creek Lake,,PA00001,,PA00001,USACE - Baltimore District,Federal,Federal,1,No,"CENAB, CENAB",No,Flood Risk Reduction,Flood Risk Reduction;Recreation,US Army Corps of Engineers,PA00001,41.5221753800001,-75.530743297,Pennsylvania,Lackawanna,East Jermyn,,Aylesworth Creek,"Pennsylvania, Congressional District 08",,No,No,,No,No,No,Yes,US Army Corps of Engineers,US Army Corps of Engineers,US Army Corps of Engineers,US Army Corps of Engineers,US Army Corps of Engineers,US Army Corps of Engineers,US Army Corps of Engineers,US Army Corps of Engineers,,,Rockfill,Rockfill;Earth,Earth,Rock and Soil,90,85,90,90,51-100 feet,1270,419000,1970,1970-1979,,3178,3178,62,7,6,10000,Uncontrolled,80,0,0,0,,,Valve0,04/30/2026,08/09/2023,5,High,Not Available,,Normal Operations,11/22/2025,Yes,03/02/2026,Yes,https://www.usace.army.mil/Missions/Civil-Works/Dam-Safety-Program/Article/2870967/dam-safety-program/,No
Carlyle Dam,Carlyle Lake,,IL00113,,IL00113,USACE - St. Louis District,Federal,Federal,3,No,CEMVS,No,Flood Risk Reduction,Flood Risk Reduction;Other;Navigation;Fish and Wildlife Pond;Recreation;Water Supply,US Army Corps of Engineers,IL00113,38.6188250000001,-89.352293,Illinois,Clinton,Carlyle,1,Kaskaskia River,"Illinois, Congressional District 12",,Yes,Yes,,Yes,Yes,Yes,Yes,US Army Corps of Engineers,US Army Corps of Engineers,US Army Corps of Engineers,US Army Corps of Engineers,US Army Corps of Engineers,US Army Corps of Engineers,US Army Corps of Engineers,US Army Corps of Engineers,,,Concrete,Concrete;Earth;Gravity,Earth,Rock,68,63,68,68,51-100 feet,6570,2500000,1966,1960-1969,,1286900,1286900,233000,24580,2717,160000,Controlled,152,0,0,0,,,Tainter (radial)0,09/29/2026,03/24/2026,5,High,Not Available,,Normal Operations,11/20/2025,Yes,09/29/2026,Yes,https://www.usace.army.mil/Missions/Civil-Works/Dam-Safety-Program/Article/2870967/dam-safety-program/,No
Charles Mill Dam,Charles Mill Lake,,OH00020,,OH00020,USACE - Huntington District,Federal,Federal,3,No,CELRH,No,Flood Risk Reduction,Flood Risk Reduction;Fish and Wildlife Pond;Recreation,US Army Corps of Engineers,OH00020,40.7400627600001,-82.360333582,Ohio,Ashland,Mifflin,8,Black Fork of Mohican River,"Ohio, Congressional District 04",,No,No,,No,No,No,Yes,US Army Corps of Engineers,US Army Corps of Engineers,US Army Corps of Engineers,US Army Corps of Engineers,US Army Corps of Engineers,US Army Corps of Engineers,US Army Corps of Engineers,US Army Corps of Engineers,,,Earth,Earth,Earth,Soil,,38,52,52,51-100 feet,1390,397779,1936,1930-1939,,88000,88000,7400,1350,215,23500,Uncontrolled,155,0,0,0,,,Slide (sluice gate)5,09/30/2026,07/29/2022,5,High,Not Available,,Normal Operations,11/22/2025,Yes,11/24/2025,Yes,https://www.lrh.usace.army.mil/Missions/Civil-Works/Dam-Safety-Program/,No
Conchas Dam,Conchas Lake,,NM00006,,NM00006,USACE - Albuquerque District,Federal,Federal,0,No,CESPA,No,Flood Risk Reduction,Flood Risk Reduction;Recreation,US Army Corps of Engineers,NM00006,35.4026994490001,-104.190495977,New Mexico,San Miguel,Logan,0,Canadian River/Conchas River,"New Mexico, Congressional District 03",,No,No,,No,No,No,Yes,US Army Corps of Engineers,US Army Corps of Engineers,US Army Corps of Engineers,US Army Corps of Engineers,US Army Corps of Engineers,US Army Corps of Engineers,US Army Corps of Engineers,US Army Corps of Engineers,,,Gravity,Gravity;Earth,Concrete,Rock,200,195,235,235,Greater than 100 feet,19500,755000,1940,1940-1949,,709119,709119,61532,2694,7409,632000,Uncontrolled,3300,0,0,0,,,Vertical Lift0,09/09/2026,05/30/2025,5,High,Not Available,,Normal Operations,11/20/2025,Yes,06/04/2025,Yes,https://www.spa.usace.army.mil/Missions/Civil-Works/Recreation/Conchas-Lake/,No
Clarence J. Brown Dam,Clarence J Brown Reservoir,,OH00028,,OH00028,USACE - Louisville District,Federal,Federal,0,No,CELRL,No,Flood Risk Reduction,Flood Risk Reduction;Other;Recreation,US Army Corps of Engineers,OH00028,39.950001,-83.746674,Ohio,Clark,Springfield,2,Buck Creek,"Ohio, Congressional District 15",,No,No,,No,No,No,Yes,US Army Corps of Engineers,US Army Corps of Engineers,US Army Corps of Engineers,US Army Corps of Engineers,US Army Corps of Engineers,US Army Corps of Engineers,US Army Corps of Engineers,US Army Corps of Engineers,,,Earth,Earth,,,,70,98,98,51-100 feet,6620,2122802,1973,1970-1979,,63700,63700,36900,2120,82,50000,Uncontrolled,310,0,0,0,,,Uncontrolled0;Vertical Lift1,09/11/2026,06/04/2024,5,High,Not Available,,"Under Investigation, Planning, Permitting, or Design for Remediation",10/28/2015,Yes,04/01/2026,Yes,https://www.usace.army.mil/Missions/Civil-Works/Dam-Safety-Program/Article/2870967/dam-safety-program/,No
Caesar Creek Dam,Caesar Creek Lake,,OH00927,,OH00927,USACE - Louisville District,Federal,Federal,2,No,,No,Flood Risk Reduction,Flood Risk Reduction;Other;Recreation;Water Supply,US Army Corps of Engineers,OH00927,39.484949993,-84.061298557,Ohio,Warren,Oregonia,13,Caesar Creek,"Ohio, Congressional District 01",,No,No,,No,No,No,Yes,US Army Corps of Engineers,US Army Corps of Engineers,US Army Corps of Engineers,US Army Corps of Engineers,US Army Corps of Engineers,US Army Corps of Engineers,US Army Corps of Engineers,US Army Corps of Engineers,,,Rockfill,Rockfill;Earth,,,,168,180,180,Greater than 100 feet,2650,2343762,1976,1970-1979,,242200,242200,102000,2830,237,91400,Uncontrolled,450,0,0,0,,,Uncontrolled0;Vertical Lift2,09/11/2026,08/08/2024,5,High,Not Available,,Normal Operations,11/20/2025,Yes,04/01/2026,Yes,https://www.usace.army.mil/Missions/Civil-Works/Dam-Safety-Program/Article/2870967/dam-safety-program/,No
Barren River Dam,Barren River Lake,,KY03009,,KY03009,USACE - Louisville District,Federal,Federal,0,No,CELRL,No,Flood Risk Reduction,Flood Risk Reduction;Recreation;Water Supply,US Army Corps of Engineers,KY03009,36.8934109890001,-86.125681471,Kentucky,Allen,Bowling Green,39,Barren River,"Kentucky, Congressional District 01",,No,No,,No,No,No,Yes,US Army Corps of Engineers,US Army Corps of Engineers,US Army Corps of Engineers,US Army Corps of Engineers,US Army Corps of Engineers,US Army Corps of Engineers,US Army Corps of Engineers,US Army Corps of Engineers,,,Earth,Earth,,,,118,146,146,Greater than 100 feet,3970,4703200,1964,1960-1969,,815150,815150,190320,10000,940,102100,Uncontrolled,300,0,0,0,,,Uncontrolled0;Vertical Lift3,09/15/2026,06/09/2025,5,High,Not Available,,Normal Operations,11/20/2025,Yes,03/04/2026,Yes,https://www.usace.army.mil/Missions/Civil-Works/Dam-Safety-Program/Article/2870967/dam-safety-program/,No
Allegheny River Lock and Dam 7,Allegheny River Pool 07,,PA00117,,PA00117,USACE - Pittsburgh District,Federal,Federal,0,No,CELRP,No,Navigation,Navigation,US Army Corps of Engineers,PA00117,40.8191114260001,-79.529376855,Pennsylvania,Armstrong,Kittanning,1,Allegheny River,"Pennsylvania, Congressional District 15",,No,No,,No,No,No,Yes,US Army Corps of Engineers,US Army Corps of Engineers,US Army Corps of Engineers,US Army Corps of Engineers,US Army Corps of Engineers,US Army Corps of Engineers,US Army Corps of Engineers,US Army Corps of Engineers,,,Gravity,Gravity,Concrete,Soil,,32,19,32,25-50 feet,996,0,1931,1930-1939,,8400,8400,8400,640,8982,110000,Uncontrolled,916,1,360,56,,,None0;Uncontrolled0,09/16/2026,07/21/2021,5,Low,Not Available,,Normal Operations,11/20/2025,Yes,03/28/2016,N/A,https://www.usace.army.mil/Missions/Civil-Works/Dam-Safety-Program/Article/2870967/dam-safety-program/,No
Rend Dam,Rend Lake,,IL00117,,IL00117,USACE - St. Louis District,Federal,Federal,0,No,CEMVS,No,Flood Risk Reduction,Flood Risk Reduction;Other;Fish and Wildlife Pond;Recreation;Water Supply,US Army Corps of Engineers,IL00117,38.0373276070001,-88.961678532,Illinois,Franklin,Benton,1,Big Muddy River,"Illinois, Congressional District 12",,Yes,Yes,,Yes,Yes,Yes,Yes,US Army Corps of Engineers,US Army Corps of Engineers,US Army Corps of Engineers,US Army Corps of Engineers,US Army Corps of Engineers,US Army Corps of Engineers,US Army Corps of Engineers,US Army Corps of Engineers,,,Concrete,Concrete;Earth;Gravity,Earth,Rock;Soil,54,49,54,54,51-100 feet,10228,2278700,1971,1970-1979,,607910,607910,184675,18900,488,87250,Uncontrolled,1235,0,0,0,,,None0,09/17/2026,03/12/2026,5,High,Not Available,,Normal Operations,11/20/2025,Yes,08/08/2013,Yes,https://www.usace.army.mil/Missions/Civil-Works/Dam-Safety-Program/Article/2870967/dam-safety-program/,No
Union Village Dam,Dry Reservoir,,VT00005,,VT00005,USACE - New England District,Federal,Federal,0,No,CENAE,No,Flood Risk Reduction,Flood Risk Reduction,US Army Corps of Engineers,VT00005,43.79358941,-72.257969052,Vermont,Orange,Union Village,,Ompompanoosuc River,"Vermont, Congressional District 00",,No,No,,No,No,No,Yes,US Army Corps of Engineers,US Army Corps of Engineers,US Army Corps of Engineers,US Army Corps of Engineers,US Army Corps of Engineers,US Army Corps of Engineers,US Army Corps of Engineers,US Army Corps of Engineers,,,Gravity,Gravity;Earth,Earth,Rock;Soil,164,159,164,164,Greater than 100 feet,1100,1737000,1950,1950-1959,,49640,49640,0,1,126,84900,Uncontrolled,388,0,0,0,,,,04/21/2026,06/04/2024,5,High,Not Available,,Normal Operations,11/20/2025,Yes,11/01/2020,Yes,https://www.nae.usace.army.mil/Missions/Civil-Works/Flood-Risk-Management/Vermont/Union-Village/,No
Mississippi River Lock and Dam 24,Mississippi River,,MO10300,,MO10300,USACE - St. Louis District,Federal,Federal,0,No,CEMVS,No,Navigation,Navigation,US Army Corps of Engineers,MO10300,39.3790470000001,-90.901085,Missouri,Calhoun,Clarksville,1,Mississippi River,"Illinois, Congressional District 15",,No,No,,No,No,No,Yes,US Army Corps of Engineers,US Army Corps of Engineers,US Army Corps of Engineers,US Army Corps of Engineers,US Army Corps of Engineers,US Army Corps of Engineers,US Army Corps of Engineers,US Army Corps of Engineers,,,Concrete,Concrete;Other;Gravity,Metal,Rock;Soil,55,32,76,76,51-100 feet,4584,0,1940,1940-1949,,125363,125363,125363,13000,140900,364000,Controlled,1200,1,600,110,,,,08/26/2026,03/15/2022,5,Significant,Not Available,,Normal Operations,11/20/2025,Yes,07/06/2015,N/A,https://www.usace.army.mil/Missions/Civil-Works/Dam-Safety-Program/Article/2870967/dam-safety-program/,No
Birch Hill Dam,,,MA00963,,MA00963,USACE - New England District,Federal,Federal,1,No,USACE,No,Flood Risk Reduction,Flood Risk Reduction,US Army Corps of Engineers,MA00963,42.6309542160001,-72.123272146,Massachusetts,Worcester,Athol,,Millers River,"Massachusetts, Congressional District 02",,No,No,,No,No,No,Yes,US Army Corps of Engineers,US Army Corps of Engineers,US Army Corps of Engineers,US Army Corps of Engineers,US Army Corps of Engineers,US Army Corps of Engineers,US Army Corps of Engineers,US Army Corps of Engineers,,,Earth,Earth,Earth,Soil,49,44,49,49,25-50 feet,1400,376300,1942,1940-1949,,76500,76500,0,0,175,56600,Uncontrolled,1100,0,0,0,,,,04/20/2026,10/19/2021,5,High,Not Available,,Normal Operations,11/20/2025,Yes,09/15/2022,Yes,https://www.nae.usace.army.mil/Missions/Civil-Works/Flood-Risk-Management/Massachusetts/Birch-Hill/,No
Martis Creek Dam,Martis Creek Lake,,CA10108,,CA10108,USACE - Sacramento District,Federal,Federal,0,No,,No,Flood Risk Reduction,Flood Risk Reduction;Recreation;Hydroelectric,US Army Corps of Engineers,CA10108,39.3272337080001,-120.114789396,California,Nevada,Reno,32,Martis Creek,"California, Congressional District 03",,No,No,,No,No,No,Yes,US Army Corps of Engineers,US Army Corps of Engineers,US Army Corps of Engineers,US Army Corps of Engineers,US Army Corps of Engineers,US Army Corps of Engineers,US Army Corps of Engineers,US Army Corps of Engineers,,,Earth,Earth,Earth,Soil,93,108,113,113,Greater than 100 feet,2673,0,1972,1970-1979,,34600,34600,22000,768,39,4060,Uncontrolled,25,0,0,0,,,,09/29/2026,08/18/2021,5,High,Not Available,,"Under Investigation, Planning, Permitting, or Design for Remediation",11/20/2025,Yes,09/29/2026,Yes,https://www.spk.usace.army.mil/Missions/Civil-Works/Martis-Creek-Dam/,No
John Hollis Bankhead Lock and Dam,Lake Bankhead,,AL01427,,AL01427,USACE - Mobile District,Federal,Federal,0,No,Alabama Power Co.;CESAM,No,Navigation,Navigation;Recreation;Hydroelectric,US Army Corps of Engineers,AL01427,33.458401414,-87.356357563,Alabama,Tuscaloosa,Howse Camp,6,Black Warrior River,"Alabama, Congressional District 04",,No,No,,No,No,No,Yes,US Army Corps of Engineers,US Army Corps of Engineers,US Army Corps of Engineers,US Army Corps of Engineers,US Army Corps of Engineers;Federal Energy Regulatory Commission,US Army Corps of Engineers;Federal Energy Regulatory Commission,US Army Corps of Engineers,Federal Energy Regulatory Commission,,,Gravity,Gravity,,,,103,111,111,Greater than 100 feet,1310,316000,1975,1970-1979,1969S;1975O,296000,296000,269215,9245,3981,666000,Controlled,1023,1,600,110,,,Vertical Lift22,09/15/2026,05/14/2026,5,High,Not Available,,"Under Investigation, Planning, Permitting, or Design for Remediation",11/20/2025,Yes,08/25/2020,Yes,https://www.sam.usace.army.mil/Missions/Civil-Works/Recreation/Black-Warrior-Tombigbee-BWT-Lakes/,No
Belton Dam,,,TX00002,,TX00002,USACE - Fort Worth District,Federal,Federal,0,No,CESWF,No,Flood Risk Reduction,Flood Risk Reduction;Fish and Wildlife Pond;Recreation;Water Supply,US Army Corps of Engineers,TX00002,31.1085164290001,-97.472676852,Texas,Bell,Belton,,Leon River,"Texas, Congressional District 31",,No,No,,No,No,No,Yes,US Army Corps of Engineers,US Army Corps of Engineers,US Army Corps of Engineers,US Army Corps of Engineers,US Army Corps of Engineers,US Army Corps of Engineers,US Army Corps of Engineers,US Army Corps of Engineers,,,Earth,Earth,Earth,Rock;Soil,192,187,192,192,Greater than 100 feet,5524,6060000,1954,1950-1959,,1876700,1876700,457600,12300,3560,472500,Uncontrolled,1300,0,0,0,,,Uncontrolled0,09/28/2026,04/05/2024,5,High,Not Available,,Normal Operations,11/20/2025,Yes,08/15/2025,Yes,https://www.swf-wc.usace.army.mil/belton/,No
Fort Gibson Dam,Fort Gibson Lake,,OK10314,,OK10314,USACE - Tulsa District,Federal,Federal,9,No,CESWT,No,Flood Risk Reduction,Flood Risk Reduction;Hydroelectric,US Army Corps of Engineers,OK10314,35.86965013,-95.230827145,Oklahoma,Wagoner,Fort Gibson,,Grand River,"Oklahoma, Congressional District 02",Cherokee OTSA,No,No,,No,No,No,Yes,US Army Corps of Engineers,US Army Corps of Engineers,US Army Corps of Engineers,US Army Corps of Engineers,US Army Corps of Engineers,US Army Corps of Engineers,US Army Corps of Engineers,US Army Corps of Engineers,,,Gravity,Gravity;Earth,Earth,Rock,110,99,110,110,Greater than 100 feet,2990,804600,1949,1940-1949,,1284400,1284400,365200,19900,12494,986000,Controlled,1490,0,0,0,,,Slide (sluice gate)0;Tainter (radial)0,09/29/2026,09/10/2024,5,High,Not Available,,Normal Operations,11/20/2025,Yes,05/07/2024,Yes,https://www.swt.usace.army.mil/Locations/Tulsa-District-Lakes/Oklahoma/Fort-Gibson-Lake/,No
Brown's Lake Dam,,Waterways Experiment Station Dam,MS01492,,MS01492,USACE - Engineer Research and Development Center,Federal,Federal,0,No,,No,Water Supply,Water Supply,US Army Corps of Engineers,MS01492,32.29839375,-90.86909385,Mississippi,Warren,VIcksburg,2,Durden Creek,"Mississippi, Congressional District 02",,Yes,Yes,Ms Department of Environmental Quality,Yes,Yes,Yes,Yes,US Army Corps of Engineers,US Army Corps of Engineers,US Army Corps of Engineers,US Army Corps of Engineers,US Army Corps of Engineers,US Army Corps of Engineers,US Army Corps of Engineers,US Army Corps of Engineers,,,Earth,Earth,Earth,Soil,27,20,20,27,25-50 feet,560,49840,1930,1930-1939,,200,200,100,0,5.5,9000,Uncontrolled,99,0,,,,,Uncontrolled,12/04/2025,08/19/2019,5,High,Not Available,,Normal Operations,11/20/2025,Yes,01/01/2015,Yes,https://www.usace.army.mil/Missions/Civil-Works/Dam-Safety-Program/Article/2870967/dam-safety-program/,No
Pike Island Locks and Dam,Pike Island Pool,,WV06908,,WV06908,USACE - Pittsburgh District,Federal,Federal,0,No,CELRP,No,Navigation,Navigation,US Army Corps of Engineers,WV06908,40.150199565,-80.7026442279999,West Virginia,Ohio,Wheeling,,Ohio River,"West Virginia, Congressional District 02",,No,No,,No,No,No,Yes,US Army Corps of Engineers,US Army Corps of Engineers,US Army Corps of Engineers,US Army Corps of Engineers,US Army Corps of Engineers,US Army Corps of Engineers,US Army Corps of Engineers,US Army Corps of Engineers,,,Gravity,Gravity,Concrete,Rock,,36,64,64,51-100 feet,1600,0,1965,1960-1969,,89300,89300,89300,5140,24639,197500,Controlled,1186,2,1200,110,,,Tainter (radial)9,09/16/2026,09/05/2023,5,Significant,Not Available,,Normal Operations,09/18/2019,Yes,09/08/2021,N/A,https://www.usace.army.mil/Missions/Civil-Works/Dam-Safety-Program/Article/2870967/dam-safety-program/,No
Point Marion Lock and Dam,Point Marion Pool,,PA00125,,PA00125,USACE - Pittsburgh District,Federal,Federal,0,No,CELRP,No,Navigation,Navigation,US Army Corps of Engineers,PA00125,39.7275539940001,-79.911796168,Pennsylvania,Greene,Point Marion,1,Monongahela River,"Pennsylvania, Congressional District 14",,No,No,,No,No,No,Yes,US Army Corps of Engineers,US Army Corps of Engineers,US Army Corps of Engineers,US Army Corps of Engineers,US Army Corps of Engineers,US Army Corps of Engineers,US Army Corps of Engineers,US Army Corps of Engineers,,,Gravity,Gravity,Concrete,Rock,,35,52,52,51-100 feet,638,0,1959,1950-1959,,11500,11500,11500,710,2715,55000,Controlled,420,1,360,56,,,Tainter (radial)6,09/17/2026,05/30/2019,5,Significant,Not Available,,Normal Operations,11/20/2025,Yes,03/28/2016,N/A,https://www.usace.army.mil/Missions/Civil-Works/Dam-Safety-Program/Article/2870967/dam-safety-program/,No
Newburgh Locks and Dam,,,KY03059,,KY03059,USACE - Louisville District,Federal,Federal,0,No,CELRL,No,Navigation,Navigation;Recreation;Water Supply,US Army Corps of Engineers,KY03059,37.9299050540001,-87.372945145,Kentucky,Henderson,Newburgh,1,Ohio River,"Kentucky, Congressional District 01",,No,No,,No,No,No,Yes,US Army Corps of Engineers,US Army Corps of Engineers,US Army Corps of Engineers,US Army Corps of Engineers,US Army Corps of Engineers,US Army Corps of Engineers,US Army Corps of Engineers,US Army Corps of Engineers,,,Concrete,Concrete;Gravity,,,,48,57,57,51-100 feet,2660,0,1975,1970-1979,,581600,581600,455800,16390,97690,127000,None,0,2,1200,110,600,110,Tainter (radial)9,09/30/2026,06/16/2022,5,Significant,Not Available,,Normal Operations,11/20/2025,Yes,03/09/2026,N/A,https://www.usace.army.mil/Missions/Civil-Works/Dam-Safety-Program/Article/2870967/dam-safety-program/,No
Big Creek Terminal Dam,Big Creek Lake,,IA00015,,IA00015,USACE - Rock Island District,Federal,Federal,0,No,CEMVR,No,Flood Risk Reduction,Flood Risk Reduction,US Army Corps of Engineers,IA00015,41.781786771,-93.7411832779999,Iowa,Polk,None,,Big Creek Diversion Channel,"Iowa, Congressional District 03",,No,No,,No,No,No,Yes,US Army Corps of Engineers,US Army Corps of Engineers,US Army Corps of Engineers,US Army Corps of Engineers,US Army Corps of Engineers,US Army Corps of Engineers,US Army Corps of Engineers,US Army Corps of Engineers,,,Gravity,Gravity;Earth,Earth,Soil,70,95,95,95,51-100 feet,480,1050000,1972,1970-1979,,27500,27500,15600,885,76,33000,Uncontrolled,100,0,0,0,,,Uncontrolled0,07/13/2026,12/06/2022,1,Low,Not Available,,Normal Operations,11/20/2025,Yes,10/20/2022,Yes,https://www.usace.army.mil/Missions/Civil-Works/Dam-Safety-Program/Article/2870967/dam-safety-program/,No
Allegheny River Lock and Dam 6,Allegheny River Pool 06,,PA00116,,PA00116,USACE - Pittsburgh District,Federal,Federal,0,No,CELRP,No,Navigation,Navigation;Hydroelectric,US Army Corps of Engineers,PA00116,40.7159423030001,-79.5797448129999,Pennsylvania,Armstrong,Freeport,7,Allegheny River,"Pennsylvania, Congressional District 15",,No,No,,No,No,No,Yes,US Army Corps of Engineers,US Army Corps of Engineers,US Army Corps of Engineers,US Army Corps of Engineers,US Army Corps of Engineers,US Army Corps of Engineers,US Army Corps of Engineers,US Army Corps of Engineers,,,Gravity,Gravity,Concrete,Rock,,21,21,21,Less than 25 feet,1212,0,1928,1920-1929,,14000,14000,14000,1260,9332,120000,Uncontrolled,1140,1,360,56,,,None0;Uncontrolled0,09/16/2026,05/02/2023,5,Low,Not Available,,Normal Operations,11/20/2025,Yes,03/28/2016,N/A,https://www.usace.army.mil/Missions/Civil-Works/Dam-Safety-Program/Article/2870967/dam-safety-program/,No
Center Hill Dam,Center Hill Lake,,TN04102,,TN04102,USACE - Nashville District,Federal,Federal,0,No,CELRN,No,Flood Risk Reduction,Flood Risk Reduction;Other;Recreation;Hydroelectric;Water Supply,US Army Corps of Engineers,TN04102,36.0979037540001,-85.82636891,Tennessee,DeKalb,Lancaster,5,Caney Fork River,"Tennessee, Congressional District 06",,No,No,,No,No,No,Yes,US Army Corps of Engineers,US Army Corps of Engineers,US Army Corps of Engineers,US Army Corps of Engineers,US Army Corps of Engineers,US Army Corps of Engineers,US Army Corps of Engineers,US Army Corps of Engineers,,,Other,Other,Earth,Rock,,125,125,125,Greater than 100 feet,2160,3578000,1951,1950-1959,,2092000,2092000,1330000,18220,2174,454000,Controlled,775,0,0,0,,,None0,09/01/2026,04/13/2026,5,High,Not Available,,Under Remediation,11/20/2025,Yes,08/11/2026,Yes,https://www.usace.army.mil/Missions/Civil-Works/Dam-Safety-Program/Article/2870967/dam-safety-program/,No
North Fork of Pound Dam,North Fork of Pound Lake,,VA195001,,VA195001,USACE - Huntington District,Federal,Federal,0,No,CELRH,No,Flood Risk Reduction,Flood Risk Reduction;Fish and Wildlife Pond;Recreation;Water Supply,US Army Corps of Engineers,VA195001,37.1251153060001,-82.630554251,Virginia,Wise,Pound,1,North Fork of Pound River,"Virginia, Congressional District 09",,No,No,,No,No,No,Yes,US Army Corps of Engineers,US Army Corps of Engineers,US Army Corps of Engineers,US Army Corps of Engineers,US Army Corps of Engineers,US Army Corps of Engineers,US Army Corps of Engineers,US Army Corps of Engineers,,,Earth,Earth,Earth,Rock;Soil,,95,122,122,Greater than 100 feet,600,559500,1966,1960-1969,,11293,11293,3184,154,17,43000,Uncontrolled,130,0,0,0,,,Slide (sluice gate)3;Valve2,10/01/2026,07/15/2026,5,High,Not Available,,Normal Operations,11/20/2025,Yes,07/05/2020,Yes,https://www.lrh.usace.army.mil/Missions/Civil-Works/Dam-Safety-Program/,No
Lagrange Lock and Dam,Lagrange Pool,,IL01015,,IL01015,USACE - Rock Island District,Federal,Federal,0,No,CEMVR,No,Navigation,Navigation,US Army Corps of Engineers,IL01015,39.9403990000001,-90.534302,Illinois,Brown,Meredosia,,Illinois River,"Illinois, Congressional District 15",,Yes,Yes,,Yes,Yes,Yes,Yes,US Army Corps of Engineers,US Army Corps of Engineers,US Army Corps of Engineers,US Army Corps of Engineers,US Army Corps of Engineers,US Army Corps of Engineers,US Army Corps of Engineers,US Army Corps of Engineers,,,Concrete,Concrete;Other,,Soil,,10,21,21,Less than 25 feet,676,18000,1939,1930-1939,,55000,55000,0,0,25648,156000,None,0,1,600,110,,,Needle109;Tainter (radial)1,06/17/2026,07/07/2022,5,Significant,Not Available,,"Under Investigation, Planning, Permitting, or Design for Remediation",11/20/2025,Yes,10/07/2022,N/A,https://www.usace.army.mil/Missions/Civil-Works/Dam-Safety-Program/Article/2870967/dam-safety-program/,No
C.W. Bill Young Lock and Dam,,Allegheny River Lock and Dam 3,PA00113,,PA00113,USACE - Pittsburgh District,Federal,Federal,0,No,CELRP,No,Navigation,Navigation,US Army Corps of Engineers,PA00113,40.5382032860001,-79.815366303,Pennsylvania,Allegheny,Oakmont,1,Allegheny River,"Pennsylvania, Congressional District 17",,No,No,,No,No,No,Yes,US Army Corps of Engineers,US Army Corps of Engineers,US Army Corps of Engineers,US Army Corps of Engineers,US Army Corps of Engineers,US Army Corps of Engineers,US Army Corps of Engineers,US Army Corps of Engineers,,,Gravity,Gravity,Concrete,Rock,,36,36,36,25-50 feet,1550,0,1934,1930-1939,,16800,16800,16800,1220,11537,200000,Uncontrolled,1436,1,360,56,,,None0;Uncontrolled0,09/16/2026,10/03/2018,5,Significant,Not Available,,Normal Operations,03/30/2020,Yes,03/28/2016,N/A,https://www.usace.army.mil/Missions/Civil-Works/Dam-Safety-Program/Article/2870967/dam-safety-program/,No
New Savannah Bluff Lock and Dam,,,GA01703,,GA01703,USACE - Savannah District,Federal,Federal,0,No,CESAS,No,Water Supply,Water Supply;Recreation,US Army Corps of Engineers,GA01703,33.37245385,-81.94097879,Georgia,Aiken,Augusta,13,Savannah River,"South Carolina, Congressional District 02",,No,No,,No,No,No,Yes,US Army Corps of Engineers,US Army Corps of Engineers,US Army Corps of Engineers,US Army Corps of Engineers,US Army Corps of Engineers,US Army Corps of Engineers,US Army Corps of Engineers,US Army Corps of Engineers,,,Concrete,Concrete;Gravity,Concrete,Soil,16,25,70,70,51-100 feet,360,75000,1937,1930-1939,,11610,11610,9600,1000,7508,30000,None,300,1,360,56,,,Vertical Lift0,09/09/2026,08/13/2024,5,Significant,Not Available,,Normal Operations,11/20/2025,Yes,07/14/2022,N/A,https://www.sas.usace.army.mil/Missions/Civil-Works/Savannah-Harbor-Expansion/SHEP-Fish-Passage/,No
Cave Run Dam,Cave Run Lake,,KY03055,,KY03055,USACE - Louisville District,Federal,Federal,0,No,CELRL,No,Flood Risk Reduction,Flood Risk Reduction;Other;Recreation,US Army Corps of Engineers,KY03055,38.1176087440001,-83.5326755199999,Kentucky,Bath,Farmers,4,Licking River,"Kentucky, Congressional District 05",,No,No,,No,No,No,Yes,US Army Corps of Engineers,US Army Corps of Engineers,US Army Corps of Engineers,US Army Corps of Engineers,US Army Corps of Engineers,US Army Corps of Engineers,US Army Corps of Engineers,US Army Corps of Engineers;Forest Service,,,Rockfill,Rockfill;Earth,,,,139,148,148,Greater than 100 feet,2700,3432500,1965,1960-1969,,614100,614100,222581,8270,826,158000,Uncontrolled,650,0,0,0,,,Uncontrolled0;Vertical Lift2,09/22/2026,06/26/2026,5,High,Not Available,,Normal Operations,11/20/2025,Yes,02/10/2025,Yes,https://www.usace.army.mil/Missions/Civil-Works/Dam-Safety-Program/Article/2870967/dam-safety-program/,No
Mississippi River Lock and Dam 19,Lake Keokuk,,IL01238,,IL01238,USACE - Rock Island District,Federal,Federal,0,No,CE/UNION ELEC,No,Navigation,Navigation;Hydroelectric,US Army Corps of Engineers,IL01238,40.395,-91.374702,Illinois,Lee,Keokuk,,Mississippi River,"Iowa, Congressional District 01",,Yes,Yes,,Yes,Yes,Yes,Yes,US Army Corps of Engineers,US Army Corps of Engineers,US Army Corps of Engineers,US Army Corps of Engineers,US Army Corps of Engineers,US Army Corps of Engineers,US Army Corps of Engineers,US Army Corps of Engineers,,,Concrete,Concrete;Gravity,Concrete,Rock,,38,63,63,51-100 feet,7460,650000,1913,1910-1919,,292000,292000,0,30845,119000,428000,Controlled,4410,1,1200,110,,,,01/08/2026,03/28/2023,5,Significant,Not Available,,Normal Operations,11/20/2025,Yes,01/21/2025,Yes,https://www.usace.army.mil/Missions/Civil-Works/Dam-Safety-Program/Article/2870967/dam-safety-program/,No
Howard A. Hanson Dam,,Eagle Gorge Dam,WA00298,,WA00298,USACE - Seattle District,Federal,Federal,0,No,CE,No,Flood Risk Reduction,Flood Risk Reduction;Fish and Wildlife Pond;Water Supply,US Army Corps of Engineers,WA00298,47.278206165,-121.786547915,Washington,King,Auburn,26,Green,"Washington, Congressional District 08",,No,No,,No,No,No,Yes,US Army Corps of Engineers,US Army Corps of Engineers,US Army Corps of Engineers,US Army Corps of Engineers,US Army Corps of Engineers,US Army Corps of Engineers,US Army Corps of Engineers,US Army Corps of Engineers,,,Rockfill,Rockfill;Earth,,,,220,235,235,Greater than 100 feet,500,1502000,1962,1960-1969,,136700,136700,26000,20000,221,129000,Controlled,90,0,0,0,,,,07/13/2026,11/19/2025,5,High,Not Available,,"Under Investigation, Planning, Permitting, or Design for Remediation",11/20/2025,Yes,11/22/2024,Yes,https://www.nws.usace.army.mil/Missions/Civil-Works/Locks-and-Dams/Howard-Hanson-Dam/,No
Mount Morris Dam,Mount Morris Lake,,NY00468,,NY00468,USACE - Buffalo District,Federal,Federal,0,No,CELRB,No,Flood Risk Reduction,Flood Risk Reduction,US Army Corps of Engineers,NY00468,42.73329398,-77.907231808,New York,Livingston,Mount Morris,1,Genesee River,"New York, Congressional District 24",,Yes,Yes,,Yes,Yes,Yes,Yes,US Army Corps of Engineers,US Army Corps of Engineers,US Army Corps of Engineers,US Army Corps of Engineers,US Army Corps of Engineers,US Army Corps of Engineers,US Army Corps of Engineers,US Army Corps of Engineers,,,Concrete,Concrete,Concrete,Rock,215,249,245,249,Greater than 100 feet,1028,740000,1952,1950-1959,,408000,408000,4660,450,1080,442000,Uncontrolled,550,0,0,0,,,Slide (sluice gate)9,09/15/2026,05/14/2025,5,High,Not Available,,Normal Operations,11/20/2025,Yes,03/03/2021,Yes,https://www.usace.army.mil/Missions/Civil-Works/Dam-Safety-Program/Article/2870967/dam-safety-program/,No
John T. Myers Locks and Dam,,Uniontown Locks and Dam,KY03060,,KY03060,USACE - Louisville District,Federal,Federal,0,No,CELRL,No,Navigation,Navigation;Fish and Wildlife Pond;Recreation;Water Supply,US Army Corps of Engineers,KY03060,37.792419099,-87.991689697,Kentucky,Union,Cave In Rock,22,Ohio River,"Kentucky, Congressional District 01",,No,No,,No,No,No,Yes,US Army Corps of Engineers,US Army Corps of Engineers,US Army Corps of Engineers,US Army Corps of Engineers,US Army Corps of Engineers,US Army Corps of Engineers,US Army Corps of Engineers,US Army Corps of Engineers,,,Concrete,Concrete;Gravity,,Rock,,39,54,54,51-100 feet,3725,0,1975,1970-1979,,740200,740200,543862,19350,108000,133000,None,0,2,1200,110,600,110,Tainter (radial)10,09/30/2026,05/27/2022,5,Significant,Not Available,,Normal Operations,11/20/2025,Yes,03/09/2026,N/A,https://www.usace.army.mil/Missions/Civil-Works/Dam-Safety-Program/Article/2870967/dam-safety-program/,No
Pipestem Dam,Pipestem Lake,,ND00146,,ND00146,USACE - Omaha District,Federal,Federal,0,No,CENWO,No,Flood Risk Reduction,Flood Risk Reduction;Recreation,US Army Corps of Engineers,ND00146,46.9617481380001,-98.752500427,North Dakota,Stutsman,Jamestown,3,Pipestem Creek,"North Dakota, Congressional District 00",,Yes,Yes,,Yes,Yes,Yes,Yes,US Army Corps of Engineers,US Army Corps of Engineers,US Army Corps of Engineers,US Army Corps of Engineers,US Army Corps of Engineers,US Army Corps of Engineers,US Army Corps of Engineers,US Army Corps of Engineers,,,Earth,Earth,Earth,Soil,,99,110,110,Greater than 100 feet,4000,1815300,1974,1970-1979,,181650,181650,9870,855,594,48600,Uncontrolled,1500,0,0,0,,,Uncontrolled0,08/03/2026,09/18/2021,5,High,Not Available,,Under Remediation,11/20/2025,Yes,04/01/2020,Yes,https://www.nwo.usace.army.mil/Missions/Dam-and-Lake-Projects/Pipestem-Dam-Lake-North-Dakota/,No
Ice Harbor Lock and Dam,Lake Sacajawea,,WA00347,,WA00347,USACE - Walla Walla District,Federal,Federal,0,No,,No,Navigation,Navigation;Fish and Wildlife Pond;Recreation;Hydroelectric,US Army Corps of Engineers,WA00347,46.2487600000001,-118.8795,Washington,Walla Walla,Pasco,,Snake River,"Washington, Congressional District 05",,No,No,,No,No,No,Yes,US Army Corps of Engineers,US Army Corps of Engineers,US Army Corps of Engineers,US Army Corps of Engineers,US Army Corps of Engineers,US Army Corps of Engineers,US Army Corps of Engineers,US Army Corps of Engineers,,,Concrete,Concrete;Earth;Gravity,Earth,,,100,208,208,Greater than 100 feet,2790,2140000,1962,1960-1969,,406500,0,406500,8375,103200,850000,Controlled,500,1,675,86,,,Tainter (radial)10,05/27/2026,05/08/2024,5,High,Not Available,,Normal Operations,11/20/2025,Yes,07/07/2022,Yes,https://www.nww.usace.army.mil/Locations/District-Locks-and-Dams/Ice-Harbor-Lock-and-Dam/,No
Olmsted Locks and Dam,,,IL50745,,IL50745,USACE - Louisville District,Federal,Federal,0,No,CELRL,No,Navigation,Navigation,US Army Corps of Engineers,IL50745,37.18342116,-89.0634482,Illinois,Ballard,Olmsted,1,Ohio River,"Kentucky, Congressional District 01",,Yes,Yes,,Yes,Yes,Yes,Yes,US Army Corps of Engineers,US Army Corps of Engineers,US Army Corps of Engineers,US Army Corps of Engineers,US Army Corps of Engineers,US Army Corps of Engineers,US Army Corps of Engineers,US Army Corps of Engineers,,,Concrete,Concrete;Gravity,Concrete,,49,37,67,67,51-100 feet,3575,205000,2018,Since 2000,,728000,728000,425000,19000,203000,,Controlled,650,2,1200,110,1200,110,Other Controlled0;Tainter (radial)5,09/30/2026,10/09/2025,5,Significant,Not Available,,Normal Operations,11/20/2025,Yes,03/09/2026,N/A,https://www.usace.army.mil/Missions/Civil-Works/Dam-Safety-Program/Article/2870967/dam-safety-program/,No
Soo Locks,Superior,,MI00650,,MI00650,Canada;USACE - Detroit District,Federal,Federal,0,No,CELRE,No,Navigation,Navigation;Fish and Wildlife Pond;Recreation;Hydroelectric;Water Supply,US Army Corps of Engineers,MI00650,46.5042223580001,-84.34961423,Michigan,Chippewa,Sault Ste Marie,1,St Mary S,"Michigan, Congressional District 01",,No,No,,No,No,No,Yes,US Army Corps of Engineers,US Army Corps of Engineers,US Army Corps of Engineers,US Army Corps of Engineers,US Army Corps of Engineers,US Army Corps of Engineers,US Army Corps of Engineers,US Army Corps of Engineers,,,Concrete,Concrete;Gravity,Earth,Rock,,14,17,17,Less than 25 feet,968,0,1921,1920-1929,,277540000,277540000,277540000,20255000,181000,68000,Controlled,848,4,1200,110,,,Tainter (radial)16,09/10/2026,03/03/2026,5,Significant,Not Available,,Under Remediation,11/20/2025,Yes,06/13/2025,Yes,https://www.usace.army.mil/Missions/Civil-Works/Dam-Safety-Program/Article/2870967/dam-safety-program/,No
Monroe Dam,Monroe Lake,,IN03001,,IN03001,USACE - Louisville District,Federal,Federal,0,No,CELRL,No,Flood Risk Reduction,Flood Risk Reduction;Recreation;Water Supply,US Army Corps of Engineers,IN03001,39.0082067050001,-86.511331054,Indiana,Monroe,Guthrie,3,Salt Creek,"Indiana, Congressional District 09",,No,No,,No,No,No,Yes,US Army Corps of Engineers,US Army Corps of Engineers,US Army Corps of Engineers,US Army Corps of Engineers,US Army Corps of Engineers,US Army Corps of Engineers,US Army Corps of Engineers,US Army Corps of Engineers,,,Rockfill,Rockfill;Earth,,,,89,93,93,51-100 feet,1350,1072000,1965,1960-1969,,441000,441000,182250,10750,441,74600,Uncontrolled,600,0,0,0,,,Uncontrolled0;Vertical Lift3,09/14/2026,07/06/2022,5,High,Not Available,,Normal Operations,11/22/2025,Yes,09/05/2019,Yes,https://www.usace.army.mil/Missions/Civil-Works/Dam-Safety-Program/Article/2870967/dam-safety-program/,No
Santa Rosa Dam,Santa Rosa Lake,Los Esteros Dam,NM00158,,NM00158,USACE - Albuquerque District,Federal,Federal,0,No,CESPA,No,Flood Risk Reduction,Flood Risk Reduction;Other;Irrigation;Recreation,US Army Corps of Engineers,NM00158,35.028332,-104.6883,New Mexico,Guadalupe,Santa Rosa,8,Pecos River,"New Mexico, Congressional District 01",,No,No,,No,No,No,Yes,US Army Corps of Engineers,US Army Corps of Engineers,US Army Corps of Engineers,US Army Corps of Engineers,US Army Corps of Engineers,US Army Corps of Engineers,US Army Corps of Engineers,US Army Corps of Engineers,,,Rockfill,Rockfill;Earth,Earth,Rock,214,208,214,214,Greater than 100 feet,1900,0,1979,1970-1979,,717000,717000,200000,16670,2434,353000,Uncontrolled,1050,0,0,0,,,Vertical Lift0,09/17/2026,04/07/2022,5,High,Not Available,,Normal Operations,11/20/2025,Yes,04/04/2016,Yes,https://www.spa.usace.army.mil/Missions/Civil-Works/Recreation/Santa-Rosa-Lake/,No
Paint Creek Dam,Paint Creek Lake,,OH00017,,OH00017,USACE - Huntington District,Federal,Federal,3,No,CELRH,No,Flood Risk Reduction,Flood Risk Reduction;Fish and Wildlife Pond;Recreation;Water Supply,US Army Corps of Engineers,OH00017,39.2505610690001,-83.354573095,Ohio,Highland,Bainbridge,6,Paint Creek,"Ohio, Congressional District 02",,No,No,,No,No,No,Yes,US Army Corps of Engineers,US Army Corps of Engineers,US Army Corps of Engineers,US Army Corps of Engineers,US Army Corps of Engineers,US Army Corps of Engineers,US Army Corps of Engineers,US Army Corps of Engineers,,,Earth,Earth,Earth,Rock;Soil,,99,118,118,Greater than 100 feet,700,778000,1973,1970-1979,,145000,145000,20310,1190,576,204000,Controlled,171,0,0,0,,,Slide (sluice gate)3;Tainter (radial)3,10/01/2026,07/31/2025,5,High,Not Available,,Normal Operations,11/20/2025,Yes,07/05/2020,Yes,https://www.lrh.usace.army.mil/Missions/Civil-Works/Dam-Safety-Program/,No
Peoria Lock and Dam,Peoria Lake,,IL01014,,IL01014,USACE - Rock Island District,Federal,Federal,0,No,CEMVR,No,Navigation,Navigation,US Army Corps of Engineers,IL01014,40.631699,-89.624496,Illinois,Tazewell,North Pekin,,Illinois River,"Illinois, Congressional District 16",,Yes,Yes,,Yes,Yes,Yes,Yes,US Army Corps of Engineers,US Army Corps of Engineers,US Army Corps of Engineers,US Army Corps of Engineers,US Army Corps of Engineers,US Army Corps of Engineers,US Army Corps of Engineers,US Army Corps of Engineers,,,Concrete,Concrete;Other,,Soil,,11,23,23,Less than 25 feet,536,9000,1939,1930-1939,,225000,225000,0,0,14544,111000,None,0,1,600,110,,,Needle108;Tainter (radial)1,06/17/2026,10/22/2020,5,Significant,Not Available,,"Under Investigation, Planning, Permitting, or Design for Remediation",11/20/2025,Yes,10/06/2022,N/A,https://www.usace.army.mil/Missions/Civil-Works/Dam-Safety-Program/Article/2870967/dam-safety-program/,No
W. Kerr Scott Dam,W. Kerr Scott Reservoir,,NC00300,,NC00300,USACE - Wilmington District,Federal,Federal,0,No,COE,No,Flood Risk Reduction,Flood Risk Reduction;Fish and Wildlife Pond;Recreation;Water Supply,US Army Corps of Engineers,NC00300,36.134415238,-81.225964078,North Carolina,Wilkes,Wilkesboro,6,Yadkin River,"North Carolina, Congressional District 05",,No,No,,No,No,No,Yes,US Army Corps of Engineers,US Army Corps of Engineers,US Army Corps of Engineers,US Army Corps of Engineers,US Army Corps of Engineers,US Army Corps of Engineers,US Army Corps of Engineers,US Army Corps of Engineers,,,Earth,Earth,Earth,,,143,148,148,Greater than 100 feet,1740,2240000,1963,1960-1969,,306000,306000,41000,1475,348,176500,Uncontrolled,400,0,0,0,,,Roller0,05/06/2026,05/03/2024,5,High,Not Available,,"Under Investigation, Planning, Permitting, or Design for Remediation",11/20/2025,Yes,12/20/2024,Yes,https://www.saw.usace.army.mil/Locations/District-Lakes-and-Dams/W-Kerr-Scott/,No
Allegheny River Lock and Dam 4,Allegheny River Pool 04,,PA00114,,PA00114,USACE - Pittsburgh District,Federal,Federal,0,No,CELRP,No,Navigation,Navigation,US Army Corps of Engineers,PA00114,40.613589839,-79.718029048,Pennsylvania,Allegheny,Brackenridge,1,Allegheny River,"Pennsylvania, Congressional District 17",,No,No,,No,No,No,Yes,US Army Corps of Engineers,US Army Corps of Engineers,US Army Corps of Engineers,US Army Corps of Engineers,US Army Corps of Engineers,US Army Corps of Engineers,US Army Corps of Engineers,US Army Corps of Engineers,,,Gravity,Gravity,Concrete,Rock,,29,29,29,25-50 feet,954,0,1927,1920-1929,,9000,9000,9000,710,11419,140000,Uncontrolled,876,1,360,56,,,None0;Uncontrolled0,09/16/2026,11/07/2018,5,Significant,Not Available,,Normal Operations,09/01/2020,Yes,10/31/2023,N/A,https://www.usace.army.mil/Missions/Civil-Works/Dam-Safety-Program/Article/2870967/dam-safety-program/,No
Tionesta Dam,Tionesta Lake,,PA00110,,PA00110,USACE - Pittsburgh District,Federal,Federal,0,No,CELRP,No,Flood Risk Reduction,Flood Risk Reduction;Fish and Wildlife Pond;Recreation,US Army Corps of Engineers,PA00110,41.4754349090001,-79.4453828709999,Pennsylvania,Forest,Tionesta,,Tionesta Creek,"Pennsylvania, Congressional District 15",,No,No,,No,No,No,Yes,US Army Corps of Engineers,US Army Corps of Engineers,US Army Corps of Engineers,US Army Corps of Engineers,US Army Corps of Engineers,US Army Corps of Engineers,US Army Corps of Engineers,US Army Corps of Engineers,,,Earth,Earth,Earth,Rock;Soil,,142,154,154,Greater than 100 feet,1050,1821600,1940,1940-1949,,180000,180000,7800,480,478,103000,Uncontrolled,381,0,0,0,,,Valve2;Vertical Lift3,09/30/2026,11/01/2022,5,High,Not Available,,Normal Operations,11/20/2025,Yes,05/05/2017,Yes,https://www.usace.army.mil/Missions/Civil-Works/Dam-Safety-Program/Article/2870967/dam-safety-program/,No
Smithland Locks and Dam,,,IL50499,,IL50499,USACE - Louisville District,Federal,Federal,0,No,CELRL,No,Navigation,Navigation;Fish and Wildlife Pond;Recreation;Water Supply,US Army Corps of Engineers,IL50499,37.16622664,-88.42921894,Illinois,Livingston,Smithland,1,Ohio River,"Kentucky, Congressional District 01",,No,No,,No,No,No,Yes,US Army Corps of Engineers,US Army Corps of Engineers,US Army Corps of Engineers,US Army Corps of Engineers,US Army Corps of Engineers,US Army Corps of Engineers,US Army Corps of Engineers,US Army Corps of Engineers,,,Concrete,Concrete;Gravity,,,,53,56,56,51-100 feet,130,885400,1980,1980-1989,,738700,738700,406000,23600,144000,190000,None,0,2,1200,110,1200,110,Tainter (radial)11,09/30/2026,07/14/2022,5,Significant,Not Available,,Normal Operations,11/20/2025,Yes,03/09/2026,N/A,https://www.usace.army.mil/Missions/Civil-Works/Dam-Safety-Program/Article/2870967/dam-safety-program/,No
Paint Creek Dam - Greenfield Levee,,,OH00017,S001,OH00017S001,USACE - Huntington District,Federal,Federal,0,Yes,,No,Flood Risk Reduction,Flood Risk Reduction,US Army Corps of Engineers,OH00017S001,39.3418600000001,-83.3757899999999,Ohio,Ross,Greenfield,,Paint Creek,"Ohio, Congressional District 02",,No,No,,No,No,No,Yes,US Army Corps of Engineers,US Army Corps of Engineers,US Army Corps of Engineers,US Army Corps of Engineers,US Army Corps of Engineers,US Army Corps of Engineers,US Army Corps of Engineers,US Army Corps of Engineers,,,Earth,Earth,,,43,,,43,25-50 feet,1500,,1973,1970-1979,,0,0,0,0,,,,,,,,,,,07/31/2026,07/31/2020,5,High,Not Available,,Normal Operations,11/20/2025,Yes,07/05/2020,No,https://www.lrh.usace.army.mil/Missions/Civil-Works/Dam-Safety-Program/,No
Wolf Creek Dam,Lake Cumberland,,KY03010,,KY03010,USACE - Nashville District,Federal,Federal,0,No,,No,Hydroelectric,Hydroelectric;Other;Recreation;Water Supply;Flood Risk Reduction,US Army Corps of Engineers,KY03010,36.86977861,-85.143797582,Kentucky,Russell,Burkesville,,Cumberland,"Kentucky, Congressional District 01",,No,No,,No,No,No,Yes,US Army Corps of Engineers,US Army Corps of Engineers,US Army Corps of Engineers,US Army Corps of Engineers,US Army Corps of Engineers,US Army Corps of Engineers,US Army Corps of Engineers,US Army Corps of Engineers,,,Gravity,Gravity;Earth,Earth,Rock,,233,258,258,Greater than 100 feet,5736,11396500,1951,1950-1959,,6089000,6089000,2142000,50250,5789,553000,Controlled,500,0,0,0,,,,01/08/2026,05/13/2025,5,High,Not Available,,Under Remediation,11/20/2025,Yes,01/13/2023,Yes,https://www.usace.army.mil/Missions/Civil-Works/Dam-Safety-Program/Article/2870967/dam-safety-program/,No
West Thompson Dam - Reardon Road Dike,West Thompson Lake,,CT00502,S001,CT00502S001,USACE - New England District,Federal,Federal,0,Yes,CENAE,No,Flood Risk Reduction,Flood Risk Reduction;Recreation,US Army Corps of Engineers,CT00502S001,41.956134461,-71.894844939,Connecticut,Windham,Putnam,,Quinebaug River,"Connecticut, Congressional District 02",,No,No,,No,No,No,Yes,US Army Corps of Engineers,US Army Corps of Engineers,US Army Corps of Engineers,US Army Corps of Engineers,US Army Corps of Engineers,US Army Corps of Engineers,US Army Corps of Engineers,US Army Corps of Engineers,,,Gravity,Gravity;Earth,Earth,Rock;Soil,19,16,19,19,Less than 25 feet,1650,1184900,1965,1960-1969,,47800,47800,1200,200,174,63000,Uncontrolled,320,0,0,0,,,,08/03/2026,05/05/2021,5,High,Not Available,,Normal Operations,11/20/2025,Yes,04/16/2020,Yes,https://www.nae.usace.army.mil/Missions/Civil-Works/Flood-Risk-Management/Connecticut/West-Thompson/,No
Burnsville Dam,Burnsville Lake,,WV00707,,WV00707,USACE - Huntington District,Federal,Federal,0,No,CELRH,No,Flood Risk Reduction,Flood Risk Reduction;Other;Fish and Wildlife Pond;Recreation,US Army Corps of Engineers,WV00707,38.8426752170001,-80.620668155,West Virginia,Braxton,Burnsville,3,Little Kanawha River,"West Virginia, Congressional District 01",,No,No,,No,No,No,Yes,US Army Corps of Engineers,US Army Corps of Engineers,US Army Corps of Engineers,US Army Corps of Engineers,US Army Corps of Engineers,US Army Corps of Engineers,US Army Corps of Engineers,US Army Corps of Engineers,,,Gravity,Gravity;Earth,Earth,Rock;Soil,,68,89,89,51-100 feet,1400,888600,1976,1970-1979,,65900,65900,14400,968,165,123500,Controlled,126,0,0,0,,,Slide (sluice gate)5;Tainter (radial)3;Valve3,10/01/2026,09/15/2022,5,High,Not Available,,"Under Investigation, Planning, Permitting, or Design for Remediation",11/20/2025,Yes,10/21/2020,Yes,https://www.lrh.usace.army.mil/Missions/Civil-Works/Dam-Safety-Program/,No
Farmdale Dam,Farmdale Reservoir,,IL00005,,IL00005,USACE - Rock Island District,Federal,Federal,0,No,CEMVR,No,Flood Risk Reduction,Flood Risk Reduction,US Army Corps of Engineers,IL00005,40.671299,-89.500504,Illinois,Tazewell,East Peoria,,Farm Creek,"Illinois, Congressional District 16",,Yes,Yes,,Yes,Yes,Yes,Yes,US Army Corps of Engineers,US Army Corps of Engineers,US Army Corps of Engineers,US Army Corps of Engineers,US Army Corps of Engineers,US Army Corps of Engineers,US Army Corps of Engineers,US Army Corps of Engineers,,,Gravity,Gravity;Earth,Earth,Soil,90,50,80,90,51-100 feet,1275,740000,1951,1950-1959,,15500,15500,0,0,26,69950,Uncontrolled,528,0,0,0,,,Uncontrolled0,07/20/2026,04/08/2025,1,High,Not Available,,Normal Operations,11/20/2025,Yes,01/16/2026,Yes,https://www.usace.army.mil/Missions/Civil-Works/Dam-Safety-Program/Article/2870967/dam-safety-program/,No
Markland Locks and Dam,,,KY03033,,KY03033,USACE - Louisville District,Federal,Federal,0,No,CELRL,No,Navigation,Navigation;Fish and Wildlife Pond;Recreation;Hydroelectric;Water Supply,US Army Corps of Engineers,KY03033,38.776175531,-84.9645627099999,Kentucky,Gallatin,Vevay In,4,Ohio River,"Kentucky, Congressional District 04",,No,No,,No,No,No,Yes,US Army Corps of Engineers,US Army Corps of Engineers,US Army Corps of Engineers,US Army Corps of Engineers,US Army Corps of Engineers;Federal Energy Regulatory Commission,US Army Corps of Engineers;Federal Energy Regulatory Commission,US Army Corps of Engineers,US Army Corps of Engineers,,,Concrete,Concrete;Gravity,,,,53,118,118,Greater than 100 feet,1991,0,1964,1960-1969,,640700,640700,460000,19000,83176,116000,None,0,2,1200,110,600,110,Tainter (radial)12,09/30/2026,07/21/2023,5,Significant,Not Available,,Normal Operations,11/20/2025,Yes,03/09/2026,N/A,https://www.usace.army.mil/Missions/Civil-Works/Dam-Safety-Program/Article/2870967/dam-safety-program/,No
Harry S. Truman Dam,Harry S. Truman Reservoir,Kaysinger Bluff Dam,MO20725,,MO20725,USACE - Kansas City District,Federal,Federal,2,No,CENWK,No,Flood Risk Reduction,Flood Risk Reduction;Fish and Wildlife Pond;Recreation;Hydroelectric,US Army Corps of Engineers,MO20725,38.263754631,-93.4035699249999,Missouri,Benton,Warsaw,,Osage River,"Missouri, Congressional District 04",,No,No,,No,No,No,Yes,US Army Corps of Engineers,US Army Corps of Engineers,US Army Corps of Engineers,US Army Corps of Engineers,US Army Corps of Engineers,US Army Corps of Engineers,US Army Corps of Engineers,US Army Corps of Engineers,,,Rockfill,Rockfill;Earth;Gravity,Earth,Rock,98,98,98,98,51-100 feet,5000,7411000,1979,1970-1979,,5202000,5202000,1203404,55600,11500,284000,Controlled,190,0,0,0,,,Other Controlled0;Tainter (radial)4,05/13/2026,06/29/2023,5,High,Not Available,,Normal Operations,11/20/2025,Yes,09/30/2018,Yes,https://www.nwk.usace.army.mil/Missions/Civil-Works/Dam-Safety-Program/,No
Big Creek Barrier Dam,Big Creek Ponding Area,,IA00018,,IA00018,USACE - Rock Island District,Federal,Federal,0,No,CEMVR,No,Flood Risk Reduction,Flood Risk Reduction,US Army Corps of Engineers,IA00018,41.7554436230001,-93.698926,Iowa,Polk,Polk City,,Big Creek; Saylorville Lake,"Iowa, Congressional District 03",,No,No,,No,No,No,Yes,US Army Corps of Engineers,US Army Corps of Engineers,US Army Corps of Engineers,US Army Corps of Engineers,US Army Corps of Engineers,US Army Corps of Engineers,US Army Corps of Engineers,US Army Corps of Engineers,,,Gravity,Gravity;Earth,Earth,Soil,84,80,83,84,51-100 feet,4550,1500000,1974,1970-1979,,4200,4200,100,85,16,125,Uncontrolled,0,0,0,0,,,Flap1;Slide (sluice gate)2,08/07/2026,12/06/2022,1,High,Not Available,,Normal Operations,11/20/2025,Yes,10/20/2022,Yes,https://www.usace.army.mil/Missions/Civil-Works/Dam-Safety-Program/Article/2870967/dam-safety-program/,No
William H. Harsha Dam,William H. Harsha Lake,,OH00929,,OH00929,USACE - Louisville District,Federal,Federal,0,No,CELRL,No,Flood Risk Reduction,Flood Risk Reduction;Other;Recreation;Water Supply,US Army Corps of Engineers,OH00929,39.0227750290001,-84.150561755,Ohio,Clermont,Batavia,5,East Fork of Little Miami,"Ohio, Congressional District 02",,No,No,,No,No,No,Yes,US Army Corps of Engineers,US Army Corps of Engineers,US Army Corps of Engineers,US Army Corps of Engineers,US Army Corps of Engineers,US Army Corps of Engineers,US Army Corps of Engineers,US Army Corps of Engineers,,,Rockfill,Rockfill;Earth,Earth,Soil,,196,205,205,Greater than 100 feet,1450,5300000,1973,1970-1979,,294800,294800,92600,2160,342,211000,Uncontrolled,985,0,0,0,,,Uncontrolled0;Vertical Lift2,09/16/2026,07/17/2025,5,High,Not Available,,Normal Operations,11/20/2025,Yes,04/01/2026,Yes,https://www.usace.army.mil/Missions/Civil-Works/Dam-Safety-Program/Article/2870967/dam-safety-program/,No
Buckhorn Dam,Buckhorn Lake,,KY03027,,KY03027,USACE - Louisville District,Federal,Federal,0,No,CELRL,No,Flood Risk Reduction,Flood Risk Reduction;Recreation,US Army Corps of Engineers,KY03027,37.3406369840001,-83.470546119,Kentucky,Perry,Buckhorn,1,Middlefork Kentucky River,"Kentucky, Congressional District 05",,No,No,,No,No,No,Yes,US Army Corps of Engineers,US Army Corps of Engineers,US Army Corps of Engineers,US Army Corps of Engineers,US Army Corps of Engineers,US Army Corps of Engineers,US Army Corps of Engineers,US Army Corps of Engineers,,,Rockfill,Rockfill;Earth,,,,123,160,160,Greater than 100 feet,1020,1500000,1960,1960-1969,,167900,167900,32100,1230,408,138000,Controlled,140,0,0,0,,,Uncontrolled0;Vertical Lift3,09/22/2026,05/25/2023,5,High,Not Available,,Normal Operations,11/20/2025,Yes,05/09/2024,Yes,https://www.usace.army.mil/Missions/Civil-Works/Dam-Safety-Program/Article/2870967/dam-safety-program/,No
Cannelton Locks and Dam,,,KY03058,,KY03058,USACE - Louisville District,Federal,Federal,0,No,CELRL,No,Navigation,Navigation;Recreation;Water Supply,US Army Corps of Engineers,KY03058,37.8970624930001,-86.703170825,Kentucky,Hancock,Cannelton Ind,3,Ohio River,"Kentucky, Congressional District 02",,No,No,,No,No,No,Yes,US Army Corps of Engineers,US Army Corps of Engineers,US Army Corps of Engineers,US Army Corps of Engineers,US Army Corps of Engineers,US Army Corps of Engineers,US Army Corps of Engineers,US Army Corps of Engineers,,,Concrete,Concrete;Gravity,,,,50,62,62,51-100 feet,2280,0,1974,1970-1979,,954400,954400,633000,22760,97000,127000,None,0,2,1200,110,600,110,Tainter (radial)12,09/30/2026,06/26/2025,5,Significant,Not Available,,Normal Operations,11/20/2025,Yes,03/09/2026,N/A,https://www.usace.army.mil/Missions/Civil-Works/Dam-Safety-Program/Article/2870967/dam-safety-program/,No
North Branch Dam,Stoughton Pond,,VT00286,,VT00286,USACE - New England District,Federal,Federal,0,No,CE,No,Recreation,Recreation;Flood Risk Reduction,US Army Corps of Engineers,VT00286,43.375753,-72.49952,Vermont,Windsor,Weathersfield,,North Branch Black River,"Vermont, Congressional District 00",,No,No,,No,No,No,Yes,US Army Corps of Engineers,US Army Corps of Engineers,US Army Corps of Engineers,US Army Corps of Engineers,US Army Corps of Engineers,US Army Corps of Engineers,US Army Corps of Engineers,,,,Earth,Earth,Earth,Soil,75,75,75,75,51-100 feet,900,,1960,1960-1969,,7200,7200,600,65,29,2440,Uncontrolled,200,,,,,,None0,08/03/2026,05/02/2022,5,High,Not Available,,"Under Investigation, Planning, Permitting, or Design for Remediation",11/20/2025,Yes,01/30/2020,Yes,https://www.usace.army.mil/Missions/Civil-Works/Dam-Safety-Program/Article/2870967/dam-safety-program/,No
Fondulac Dam,Fondulac Reservoir,,IL00006,,IL00006,USACE - Rock Island District,Federal,Federal,0,No,CEMVR,No,Flood Risk Reduction,Flood Risk Reduction,US Army Corps of Engineers,IL00006,40.6834302730001,-89.525211881,Illinois,Tazewell,East Peoria,,Fondulac Creek,"Illinois, Congressional District 16",,Yes,Yes,,Yes,Yes,Yes,Yes,US Army Corps of Engineers,US Army Corps of Engineers,US Army Corps of Engineers,US Army Corps of Engineers,US Army Corps of Engineers,US Army Corps of Engineers,US Army Corps of Engineers,US Army Corps of Engineers,,,Gravity,Gravity;Earth,Earth,Soil,74,47,67,74,51-100 feet,1000,556000,1949,1940-1949,,3780,3780,0,0,5,18100,Uncontrolled,100,0,0,0,,,Uncontrolled0,07/20/2026,04/08/2025,1,High,Not Available,,Normal Operations,11/20/2025,Yes,01/16/2026,Yes,https://www.usace.army.mil/Missions/Civil-Works/Dam-Safety-Program/Article/2870967/dam-safety-program/,No
Rapide Croche Lock and Dam,Fox River,,WI00853,,WI00853,USACE - Chicago District;Wisconsin DNR,Federal;State,Federal,0,No,CELRE,No,Flood Risk Reduction,Flood Risk Reduction;Navigation;Fish and Wildlife Pond;Recreation;Hydroelectric;Water Supply,US Army Corps of Engineers,WI00853,44.316222478,-88.19802261,Wisconsin,Outagamie,Wrightstown,,Fox,"Wisconsin, Congressional District 08",,No,No,,No,No,No,Yes,US Army Corps of Engineers,US Army Corps of Engineers,US Army Corps of Engineers,US Army Corps of Engineers,US Army Corps of Engineers;Federal Energy Regulatory Commission,US Army Corps of Engineers;Federal Energy Regulatory Commission,US Army Corps of Engineers,US Army Corps of Engineers,,,Concrete,Concrete;Gravity,Concrete,Rock,,10,20,20,Less than 25 feet,600,0,1930,1930-1939,,5100,5100,3400,373,6150,24000,Controlled,421,1,146,36,,,,09/24/2026,05/10/2023,5,Significant,Not Available,,Normal Operations,11/20/2025,Yes,08/17/2021,N/A,https://www.usace.army.mil/Missions/Civil-Works/Dam-Safety-Program/Article/2870967/dam-safety-program/,No
Cecil M. Harden Dam,Cecil M. Harden Lake,,IN03003,,IN03003,USACE - Louisville District,Federal,Federal,0,No,CELRL,No,Flood Risk Reduction,Flood Risk Reduction;Recreation,US Army Corps of Engineers,IN03003,39.717015314,-87.070485931,Indiana,Parke,Mansfield,4,Raccoon Creek,"Indiana, Congressional District 08",,No,No,,No,No,No,Yes,US Army Corps of Engineers,US Army Corps of Engineers,US Army Corps of Engineers,US Army Corps of Engineers,US Army Corps of Engineers,US Army Corps of Engineers,US Army Corps of Engineers,US Army Corps of Engineers,,,Earth,Earth,,,,115,119,119,Greater than 100 feet,1860,1710300,1960,1960-1969,,132800,132800,49262,2060,216,134100,Uncontrolled,200,0,0,0,,,Uncontrolled0;Vertical Lift3,09/14/2026,08/13/2026,5,High,Not Available,,Normal Operations,11/20/2025,Yes,05/12/2022,Yes,https://www.usace.army.mil/Missions/Civil-Works/Dam-Safety-Program/Article/2870967/dam-safety-program/,No
Lower Granite Lock and Dam - East Levee,,,WA00349,S003,WA00349S003,USACE - Walla Walla District,Federal,Federal,,Yes,,No,Navigation,Navigation,US Army Corps of Engineers,WA00349S003,46.42384395,-116.9850459,Washington,Nez Perce,Lewiston/Clarkston,0,Snake River,"Idaho, Congressional District 01",,No,No,,No,No,No,Yes,US Army Corps of Engineers,US Army Corps of Engineers,US Army Corps of Engineers,US Army Corps of Engineers,US Army Corps of Engineers,US Army Corps of Engineers,US Army Corps of Engineers,US Army Corps of Engineers,,,Earth,Earth,Earth,Rock and Soil,8,17,27,27,25-50 feet,11088,,1974,1970-1979,,0,,,,,,,,,,,,,,08/31/2026,11/09/2021,5,High,Not Available,,Normal Operations,11/20/2025,Yes,07/06/2022,Yes,https://www.nww.usace.army.mil/Locations/District-Locks-and-Dams/Lower-Granite-Lock-and-Dam/,No
Menasha Lock and Dam,Lake Winnebago 6124,,WI00814,,WI00814,USACE - Chicago District;Wisconsin DNR,Federal;State,Federal,0,No,CELRE,No,Flood Risk Reduction,Flood Risk Reduction;Navigation;Fish and Wildlife Pond;Recreation;Water Supply,US Army Corps of Engineers,WI00814,44.1995346480001,-88.446801579,Wisconsin,Winnebago,Menasha,,Fox,"Wisconsin, Congressional District 06",,No,No,,No,No,No,Yes,US Army Corps of Engineers,US Army Corps of Engineers,US Army Corps of Engineers,US Army Corps of Engineers,US Army Corps of Engineers,US Army Corps of Engineers,US Army Corps of Engineers,US Army Corps of Engineers,,,Concrete,Concrete;Gravity,Concrete,Soil,,9,16,16,Less than 25 feet,401,0,1937,1930-1939,,2430000,2430000,1230000,173000,6030,24800,Controlled,367,1,144,35,,,,07/22/2026,08/07/2023,5,High,Not Available,,Normal Operations,11/20/2025,Yes,04/02/2018,Yes,https://www.usace.army.mil/Missions/Civil-Works/Dam-Safety-Program/Article/2870967/dam-safety-program/,No
Orwell Dam,Orwell Lake,,MN00574,,MN00574,USACE - St. Paul District,Federal,Federal,0,No,CEMVP,No,Flood Risk Reduction,Flood Risk Reduction;Other;Fish and Wildlife Pond;Recreation,US Army Corps of Engineers,MN00574,46.2171414250001,-96.179235559,Minnesota,Otter Tail,Breckenridge,30,Otter Tail River,"Minnesota, Congressional District 07",,No,No,,No,No,No,Yes,US Army Corps of Engineers,US Army Corps of Engineers,US Army Corps of Engineers,US Army Corps of Engineers,US Army Corps of Engineers,US Army Corps of Engineers,US Army Corps of Engineers,US Army Corps of Engineers,,,Earth,Earth,Earth,Soil,10,35,60,60,51-100 feet,1355,168000,1953,1950-1959,,20600,20600,8050,805,1820,20400,Controlled,33,0,0,0,,,Slide (sluice gate)2;Tainter (radial)1,09/15/2026,06/18/2026,5,High,Not Available,,Normal Operations,11/20/2025,Yes,02/01/1992,Yes,https://www.usace.army.mil/Missions/Civil-Works/Dam-Safety-Program/Article/2870967/dam-safety-program/,No
Pleasant Hill Dam,Pleasant Hill Lake,,OH00001,,OH00001,USACE - Huntington District,Federal,Federal,1,No,CELRH,No,Flood Risk Reduction,Flood Risk Reduction;Fish and Wildlife Pond;Recreation,US Army Corps of Engineers,OH00001,40.6229402750001,-82.3245162219999,Ohio,Ashland,Brinkhaven,20,Clear Fork of Mohican River,"Ohio, Congressional District 04",,No,No,,No,No,No,Yes,US Army Corps of Engineers,US Army Corps of Engineers,US Army Corps of Engineers,US Army Corps of Engineers,US Army Corps of Engineers,US Army Corps of Engineers,US Army Corps of Engineers,US Army Corps of Engineers,,,Earth,Earth,Earth,Rock;Soil,,97,113,113,Greater than 100 feet,775,632200,1937,1930-1939,,87700,87700,13500,2600,197,19000,Uncontrolled,19,0,0,0,,,Slide (sluice gate)2,10/01/2026,09/11/2025,5,High,Not Available,,"Under Investigation, Planning, Permitting, or Design for Remediation",11/20/2025,Yes,07/22/2025,Yes,https://www.lrh.usace.army.mil/Missions/Civil-Works/Dam-Safety-Program/,No
Colebrook River Dam - Saddle Dike,Colebrook River Lake,,CT00506,S001,CT00506S001,USACE - New England District,Federal,Federal,0,Yes,,No,Flood Risk Reduction,Flood Risk Reduction;Recreation;Water Supply,US Army Corps of Engineers,CT00506S001,41.9986948870001,-73.04522274,Connecticut,Litchfield,Colebrook,,West Branch Farmington River,"Connecticut, Congressional District 01",,No,No,,No,No,No,Yes,US Army Corps of Engineers,US Army Corps of Engineers,US Army Corps of Engineers,US Army Corps of Engineers,US Army Corps of Engineers,US Army Corps of Engineers,US Army Corps of Engineers,US Army Corps of Engineers,No,N/A,Rockfill,Rockfill;Earth;Gravity,Earth,,54,49,54,54,51-100 feet,1300,765847,1969,1960-1969,,134000,134000,47500,750,118,92000,Uncontrolled,205,0,0,0,,,,01/08/2026,05/07/2019,5,High,Not Available,,"Under Investigation, Planning, Permitting, or Design for Remediation",11/20/2025,Yes,01/29/2021,Yes,https://www.nae.usace.army.mil/Missions/Civil-Works/Flood-Risk-Management/Connecticut/Colebrook/,No
Melvin Price Locks and Dam,Mississippi River,Locks & Dam 26 Replacement,IL50077,,IL50077,USACE - St. Louis District,Federal,Federal,0,No,CEMVS,No,Navigation,Navigation,US Army Corps of Engineers,IL50077,38.866913,-90.154877,Illinois,St. Charles,Alton,1,Mississippi River,"Missouri, Congressional District 03",,No,No,,No,No,No,Yes,US Army Corps of Engineers,US Army Corps of Engineers,US Army Corps of Engineers,US Army Corps of Engineers,US Army Corps of Engineers,US Army Corps of Engineers,US Army Corps of Engineers,US Army Corps of Engineers,,,Concrete,Concrete;Other,Earth,Soil,72,49,77,77,51-100 feet,1700,340000,1990,1990-1999,,238000,238000,238000,30000,171470,650000,Controlled,1160,2,1200,110,,,,08/26/2026,12/12/2018,5,Significant,Not Available,,Normal Operations,11/20/2025,Yes,02/22/2020,N/A,https://www.usace.army.mil/Missions/Civil-Works/Dam-Safety-Program/Article/2870967/dam-safety-program/,No
Lower Granite Lock and Dam,Lower Granite Lake,,WA00349,,WA00349,USACE - Walla Walla District,Federal,Federal,3,No,,No,Navigation,Navigation;Fish and Wildlife Pond;Recreation;Hydroelectric,US Army Corps of Engineers,WA00349,46.6605300000001,-117.4283,Washington,Whitman,Lewiston/Clarkston,,Snake River,"Washington, Congressional District 05",,No,No,,No,No,No,Yes,US Army Corps of Engineers,US Army Corps of Engineers,US Army Corps of Engineers,US Army Corps of Engineers,US Army Corps of Engineers,US Army Corps of Engineers,US Army Corps of Engineers,US Army Corps of Engineers,,,Concrete,Concrete;Earth;Gravity,,,,100,228,228,Greater than 100 feet,3200,0,1975,1970-1979,,485000,0,485000,8900,103200,850000,Controlled,400,1,674,86,,,,04/10/2026,11/04/2025,5,High,Not Available,,"Under Investigation, Planning, Permitting, or Design for Remediation",11/20/2025,Yes,07/06/2022,Yes,https://www.nww.usace.army.mil/Locations/District-Locks-and-Dams/Lower-Granite-Lock-and-Dam/,No
Carr Creek Dam,Carr Creek Lake,Carr Fork Lake Dam,KY03056,,KY03056,USACE - Louisville District,Federal,Federal,3,No,,No,Flood Risk Reduction,Flood Risk Reduction;Other;Recreation,US Army Corps of Engineers,KY03056,37.2300255500001,-83.03348987,Kentucky,Knott,Vicco,,Carr Creek,"Kentucky, Congressional District 05",,No,No,,No,No,No,Yes,US Army Corps of Engineers,US Army Corps of Engineers,US Army Corps of Engineers,US Army Corps of Engineers,US Army Corps of Engineers,US Army Corps of Engineers,US Army Corps of Engineers,US Army Corps of Engineers,,,Rockfill,Rockfill;Earth,,,,104,132,132,Greater than 100 feet,720,929000,1975,1970-1979,,47700,47700,22620,710,58,87800,Uncontrolled,285,0,0,0,,,Uncontrolled0;Vertical Lift2,07/16/2026,07/27/2023,5,High,Not Available,,Normal Operations,11/20/2025,Yes,02/01/2025,Yes,https://www.usace.army.mil/Missions/Civil-Works/Dam-Safety-Program/Article/2870967/dam-safety-program/,No
Mojave River Dam,Mojave Reservoir,,CA10021,,CA10021,USACE - Los Angeles District,Federal,Federal,1,No,CESPL,No,Flood Risk Reduction,Flood Risk Reduction;Recreation,US Army Corps of Engineers,CA10021,34.343629423,-117.234683543,California,San Bernardino,Victorville,,West Fork Mojave River,"California, Congressional District 23",,No,No,,No,No,No,Yes,US Army Corps of Engineers,US Army Corps of Engineers,US Army Corps of Engineers,US Army Corps of Engineers,US Army Corps of Engineers,US Army Corps of Engineers,US Army Corps of Engineers,US Army Corps of Engineers,,,Earth,Earth,,,200,193,,200,Greater than 100 feet,2200,0,1971,1970-1979,,179400,179400,0,1,215,105400,Uncontrolled,200,0,0,0,,,None0,10/02/2026,04/25/2023,5,High,Not Available,,"Under Investigation, Planning, Permitting, or Design for Remediation",12/22/2022,Yes,04/22/2025,Yes,https://www.spl.usace.army.mil/Missions/Operations-Division/Mojave-River-Dam/,No
Lower Granite Lock and Dam - West Levee,Lewiston Levees,,WA00349,S002,WA00349S002,USACE - Walla Walla District,Federal,Federal,,Yes,,No,Navigation,Navigation;Hydroelectric;Flood Risk Reduction,US Army Corps of Engineers,WA00349S002,46.4224989,-117.03420046,Washington,Nez Perce,Lewiston/Clarkston,0,Snake River,"Idaho, Congressional District 01",,No,No,,No,No,No,Yes,US Army Corps of Engineers,US Army Corps of Engineers,US Army Corps of Engineers,US Army Corps of Engineers,US Army Corps of Engineers,US Army Corps of Engineers,US Army Corps of Engineers,US Army Corps of Engineers,,,Earth,Earth,Earth,Rock and Soil,15,25,27,27,25-50 feet,19272,,1974,1970-1979,,0,,,,,,,,,,,,,,08/31/2026,11/09/2021,5,High,Not Available,,Normal Operations,11/20/2025,Yes,07/06/2022,Yes,https://www.nww.usace.army.mil/Locations/District-Locks-and-Dams/Lower-Granite-Lock-and-Dam/,No
Terminus Dam,Lake Kaweah,,CA10114,,CA10114,USACE - Sacramento District,Federal,Federal,1,No,,No,Flood Risk Reduction,Flood Risk Reduction;Irrigation;Recreation;Hydroelectric,US Army Corps of Engineers,CA10114,36.4163091030001,-119.003223812,California,Tulare,Lemon Cove,,Kaweah River,"California, Congressional District 20",,No,No,,No,No,No,Yes,US Army Corps of Engineers,US Army Corps of Engineers,US Army Corps of Engineers,US Army Corps of Engineers,US Army Corps of Engineers,US Army Corps of Engineers,US Army Corps of Engineers,US Army Corps of Engineers,,,Earth,Earth,Earth,,235,245,255,255,Greater than 100 feet,2375,0,1962,1960-1969,,235205,235205,113431,1945,560,274000,Uncontrolled,307,0,0,0,,,,02/06/2026,09/06/2023,5,High,Not Available,,Normal Operations,11/20/2025,Yes,10/28/2025,Yes,https://www.spk.usace.army.mil/Missions/Civil-Works/Dam-Safety-Program/,No
Shelbyville Dam,Lake Shelbyville,,IL00118,,IL00118,USACE - St. Louis District,Federal,Federal,1,No,CEMVS,No,Flood Risk Reduction,Flood Risk Reduction;Other;Navigation;Fish and Wildlife Pond;Recreation;Water Supply,US Army Corps of Engineers,IL00118,39.4091246080001,-88.780380266,Illinois,Shelby,Shelbyville,,Kaskaskia River,"Illinois, Congressional District 15",,Yes,Yes,,Yes,Yes,Yes,Yes,US Army Corps of Engineers,US Army Corps of Engineers,US Army Corps of Engineers,US Army Corps of Engineers,US Army Corps of Engineers,US Army Corps of Engineers,US Army Corps of Engineers,US Army Corps of Engineers,,,Concrete,Concrete;Earth;Gravity,Earth,Rock;Soil,108,102,138,138,Greater than 100 feet,3025,2500000,1970,1970-1979,,1026546,1026546,207832,11100,1054,162500,Controlled,156,0,0,0,,,Slide (sluice gate)2;Tainter (radial)3,08/26/2026,04/12/2023,5,High,Not Available,,Normal Operations,11/20/2025,Yes,02/28/2018,Yes,https://www.usace.army.mil/Missions/Civil-Works/Dam-Safety-Program/Article/2870967/dam-safety-program/,No
Lower Granite Lock and Dam - North Levee,Lewiston Levees,,WA00349,S001,WA00349S001,USACE - Walla Walla District,Federal,Federal,0,Yes,,No,Navigation,Navigation;Fish and Wildlife Pond;Recreation;Hydroelectric,US Army Corps of Engineers,WA00349S001,46.420849049,-116.997542919,Washington,Nez Perce,Lewiston/Clarkston,0,Snake,"Idaho, Congressional District 01",,No,No,,No,No,No,Yes,US Army Corps of Engineers,US Army Corps of Engineers,US Army Corps of Engineers,US Army Corps of Engineers,US Army Corps of Engineers,US Army Corps of Engineers,US Army Corps of Engineers,US Army Corps of Engineers,,,Earth,Earth;Concrete;Gravity,Earth,Rock and Soil,12,10,16,16,Less than 25 feet,12725,0,1974,1970-1979,,0,0,0,0,0,0,,0,0,0,0,,,,08/31/2026,11/09/2021,5,High,Not Available,,Normal Operations,11/20/2025,Yes,07/06/2022,Yes,https://www.nww.usace.army.mil/Locations/District-Locks-and-Dams/Lower-Granite-Lock-and-Dam/,No
Alum Creek Dam,Alum Creek Lake,,OH00931,,OH00931,USACE - Huntington District,Federal,Federal,0,No,CELRH,No,Flood Risk Reduction,Flood Risk Reduction;Fish and Wildlife Pond;Recreation;Water Supply,US Army Corps of Engineers,OH00931,40.1872444570001,-82.963350789,Ohio,Delaware,Westerville,3,Alum Creek of Big Walnut Crk.,"Ohio, Congressional District 04",,No,No,,No,No,No,Yes,US Army Corps of Engineers,US Army Corps of Engineers,US Army Corps of Engineers,US Army Corps of Engineers,US Army Corps of Engineers,US Army Corps of Engineers,US Army Corps of Engineers,US Army Corps of Engineers,,,Gravity,Gravity;Earth,Earth,Rock;Soil,,81,93,93,51-100 feet,10200,5136000,1974,1970-1979,,134800,134800,81700,3387,123,61500,Controlled,102,0,0,0,,,Tainter (radial)3;Valve2,10/01/2026,06/04/2026,5,High,Not Available,,Normal Operations,05/16/2018,Yes,06/14/2020,Yes,https://www.lrh.usace.army.mil/Missions/Civil-Works/Dam-Safety-Program/,No
Little Goose Lock and Dam,Lake Bryan,,WA00331,,WA00331,USACE - Walla Walla District,Federal,Federal,0,No,,No,Navigation,Navigation;Fish and Wildlife Pond;Recreation;Hydroelectric,US Army Corps of Engineers,WA00331,46.5842400000001,-118.0269,Washington,Columbia,Starbuck,,Snake River,"Washington, Congressional District 05",,No,No,,No,No,No,Yes,US Army Corps of Engineers,US Army Corps of Engineers,US Army Corps of Engineers,US Army Corps of Engineers,US Army Corps of Engineers,US Army Corps of Engineers,US Army Corps of Engineers,US Army Corps of Engineers,,,Concrete,Concrete;Earth;Gravity,Earth,,,98,226,226,Greater than 100 feet,2655,3150000,1970,1970-1979,,565200,565200,565200,10025,103900,850000,Controlled,400,1,668,86,,,,05/28/2026,01/31/2023,5,High,Not Available,,"Under Investigation, Planning, Permitting, or Design for Remediation",11/20/2025,Yes,07/07/2022,Yes,https://www.nww.usace.army.mil/Locations/District-Locks-and-Dams/Little-Goose-Lock-and-Dam/,No
Waco Dam,,,TX00016,,TX00016,USACE - Fort Worth District,Federal,Federal,0,No,CESWF,No,Flood Risk Reduction,Flood Risk Reduction;Fish and Wildlife Pond;Recreation;Water Supply,US Army Corps of Engineers,TX00016,31.591891307,-97.211430432,Texas,McLennan,Waco,,Bosque River,"Texas, Congressional District 17",,No,No,,No,No,No,Yes,US Army Corps of Engineers,US Army Corps of Engineers,US Army Corps of Engineers,US Army Corps of Engineers,US Army Corps of Engineers,US Army Corps of Engineers,US Army Corps of Engineers,US Army Corps of Engineers,,,Earth,Earth,Earth,Rock;Soil,140,135,145,145,Greater than 100 feet,17400,16209000,1965,1960-1969,,969000,969000,152500,7270,1670,683000,Controlled,560,0,0,0,,,,09/10/2026,06/27/2023,5,High,Not Available,,"Under Investigation, Planning, Permitting, or Design for Remediation",11/20/2025,Yes,10/22/2024,Yes,https://www.swf-wc.usace.army.mil/waco/,No
John W. Flannagan Dam,John W. Flannagan Lake,,VA051001,,VA051001,USACE - Huntington District,Federal,Federal,0,No,CELRH,No,Flood Risk Reduction,Flood Risk Reduction;Other;Fish and Wildlife Pond;Recreation;Water Supply,US Army Corps of Engineers,VA051001,37.2331699480001,-82.344591456,Virginia,Dickenson,Elkhorn City,6,Pound River,"Virginia, Congressional District 09",,No,No,,No,No,No,Yes,US Army Corps of Engineers,US Army Corps of Engineers,US Army Corps of Engineers,US Army Corps of Engineers,US Army Corps of Engineers,US Army Corps of Engineers,US Army Corps of Engineers,US Army Corps of Engineers,,,Earth,Earth,Earth,Rock,,236,250,250,Greater than 100 feet,916,2385900,1963,1960-1969,,145700,145700,67100,1143,221,246700,Controlled,252,0,0,0,,,Slide (sluice gate)4;Tainter (radial)6;Valve3,10/01/2026,09/16/2026,5,High,Not Available,,"Under Investigation, Planning, Permitting, or Design for Remediation",11/20/2025,Yes,06/01/2024,Yes,https://www.lrh.usace.army.mil/Missions/Civil-Works/Dam-Safety-Program/,No
Cedars Lock and Dam,Fox River,,WI00852,,WI00852,USACE - Chicago District;Wisconsin DNR,Federal;State,Federal,0,No,CELRC,No,Flood Risk Reduction,Flood Risk Reduction;Navigation;Recreation;Hydroelectric;Water Supply,US Army Corps of Engineers,WI00852,44.2789000000001,-88.3326299999999,Wisconsin,Outagamie,Little Chute,,Fox,"Wisconsin, Congressional District 08",,No,No,,No,No,No,Yes,US Army Corps of Engineers,US Army Corps of Engineers,US Army Corps of Engineers,US Army Corps of Engineers,US Army Corps of Engineers;Federal Energy Regulatory Commission,US Army Corps of Engineers;Federal Energy Regulatory Commission,US Army Corps of Engineers,US Army Corps of Engineers,,,Concrete,Concrete;Gravity,Concrete,Rock,,10,15,15,Less than 25 feet,699,0,1934,1930-1939,,2100,2100,1800,341,6003,25000,Controlled,593,1,144,35,,,Tainter (radial)0,09/24/2026,08/04/2025,5,High,Not Available,,Normal Operations,11/20/2025,Yes,08/17/2021,Yes,https://www.usace.army.mil/Missions/Civil-Works/Dam-Safety-Program/Article/2870967/dam-safety-program/,No
Farmington Dam,Farmington Reservoir,,CA10104,,CA10104,USACE - Sacramento District,Federal,Federal,0,No,,No,Flood Risk Reduction,Flood Risk Reduction;Irrigation;Hydroelectric;Water Supply,US Army Corps of Engineers,CA10104,37.9068014100001,-120.934059256,California,San Joaquin,Farmington,4,Rock and Littlejohn Creeks,"California, Congressional District 09",,No,No,,No,No,No,Yes,US Army Corps of Engineers,US Army Corps of Engineers,US Army Corps of Engineers,US Army Corps of Engineers,US Army Corps of Engineers,US Army Corps of Engineers,US Army Corps of Engineers,US Army Corps of Engineers,,,Earth,Earth,Earth,,58,53,58,58,51-100 feet,7800,0,1951,1950-1959,,119314,119314,6623,4100,212,12600,Uncontrolled,95,0,0,0,,,,09/15/2026,05/28/2025,5,High,Not Available,,"Under Investigation, Planning, Permitting, or Design for Remediation",08/30/2026,Yes,07/01/2024,Yes,https://www.spk.usace.army.mil/Missions/Civil-Works/Dam-Safety-Program/,No
Prompton Dam,Prompton Lake,,PA00011,,PA00011,USACE - Philadelphia District,Federal,Federal,0,No,,No,Flood Risk Reduction,Flood Risk Reduction;Recreation,US Army Corps of Engineers,PA00011,41.5893352460001,-75.327581596,Pennsylvania,Wayne,Prompton,0,Lackawaxen River,"Pennsylvania, Congressional District 08",,No,No,,No,No,No,Yes,US Army Corps of Engineers,US Army Corps of Engineers,US Army Corps of Engineers,US Army Corps of Engineers,US Army Corps of Engineers,US Army Corps of Engineers,US Army Corps of Engineers,US Army Corps of Engineers,,,Earth,Earth,Earth,Rock;Soil,,127,140,140,Greater than 100 feet,1200,750000,1961,1960-1969,,72800,72800,3500,290,60,3200,Uncontrolled,50,0,0,0,,,Uncontrolled0,09/08/2026,09/20/2022,5,High,Not Available,,Normal Operations,11/20/2025,Yes,07/31/2025,Yes,https://www.nap.usace.army.mil/Missions/Civil-Works/Prompton-Jadwin-Dam/,No
East Branch Dam,East Branch-Clarion River Lake,,PA00104,,PA00104,USACE - Pittsburgh District,Federal,Federal,0,No,CELRP,No,Flood Risk Reduction,Flood Risk Reduction;Other;Fish and Wildlife Pond;Recreation,US Army Corps of Engineers,PA00104,41.5589204900001,-78.593743146,Pennsylvania,Elk,Johnsonburg,,Clarion River,"Pennsylvania, Congressional District 15",,No,No,,No,No,No,Yes,US Army Corps of Engineers,US Army Corps of Engineers,US Army Corps of Engineers,US Army Corps of Engineers,US Army Corps of Engineers,US Army Corps of Engineers,US Army Corps of Engineers,US Army Corps of Engineers,,,Earth,Earth,Concrete;Earth,Rock,,173,184,184,Greater than 100 feet,1725,2826400,1952,1950-1959,,103000,103000,65300,1160,72,67200,Uncontrolled,250,0,0,0,,,Slide (sluice gate)8,09/16/2026,04/28/2022,5,High,Not Available,,Normal Operations,11/20/2025,Yes,,Yes,https://www.usace.army.mil/Missions/Civil-Works/Dam-Safety-Program/Article/2870967/dam-safety-program/,No
Montgomery Locks and Dam,Montgomery Pool,,PA00128,,PA00128,USACE - Pittsburgh District,Federal,Federal,0,No,CELRP,No,Navigation,Navigation,US Army Corps of Engineers,PA00128,40.6494210750001,-80.385724231,Pennsylvania,Beaver,Industry,2,Ohio River,"Pennsylvania, Congressional District 17",,No,No,,No,No,No,Yes,US Army Corps of Engineers,US Army Corps of Engineers,US Army Corps of Engineers,US Army Corps of Engineers,US Army Corps of Engineers,US Army Corps of Engineers,US Army Corps of Engineers,US Army Corps of Engineers,,,Gravity,Gravity,Concrete,Rock,,35,62,62,51-100 feet,1590,0,1936,1930-1939,,57500,57500,57500,2990,22969,320000,Controlled,1220,2,600,110,,,Vertical Lift10,09/16/2026,07/12/2024,5,Significant,Not Available,,Normal Operations,11/20/2025,Yes,09/08/2021,N/A,https://www.usace.army.mil/Missions/Civil-Works/Dam-Safety-Program/Article/2870967/dam-safety-program/,No
Nolin River Dam,Nolin Lake,,KY03011,,KY03011,USACE - Louisville District,Federal,Federal,0,No,CELRL,No,Flood Risk Reduction,Flood Risk Reduction;Recreation,US Army Corps of Engineers,KY03011,37.277144326,-86.2470187009999,Kentucky,Edmonson,Kyrock,1,Nolin River,"Kentucky, Congressional District 02",,No,No,,No,No,No,Yes,US Army Corps of Engineers,US Army Corps of Engineers,US Army Corps of Engineers,US Army Corps of Engineers,US Army Corps of Engineers,US Army Corps of Engineers,US Army Corps of Engineers,US Army Corps of Engineers,,,Rockfill,Rockfill;Earth,,,,146,167,167,Greater than 100 feet,980,1536136,1963,1960-1969,,609400,609400,170140,5790,703,48000,Uncontrolled,300,0,0,0,,,Uncontrolled0;Vertical Lift3,09/22/2026,06/07/2023,5,High,Not Available,,"Under Investigation, Planning, Permitting, or Design for Remediation",11/20/2025,Yes,03/04/2026,Yes,https://www.usace.army.mil/Missions/Civil-Works/Dam-Safety-Program/Article/2870967/dam-safety-program/,No
Big Cliff Dam,Big Cliff Lake,,OR00003,,OR00003,USACE - Portland District,Federal,Federal,0,No,CENWP,No,Hydroelectric,Hydroelectric,US Army Corps of Engineers,OR00003,44.7509835060001,-122.283015809,Oregon,Marion,Mill City,,North Santiam River,"Oregon, Congressional District 05",,No,No,,No,No,No,Yes,US Army Corps of Engineers,US Army Corps of Engineers,US Army Corps of Engineers,US Army Corps of Engineers,US Army Corps of Engineers,US Army Corps of Engineers,US Army Corps of Engineers,US Army Corps of Engineers,,,Gravity,Gravity,Concrete,Rock,131,101,172,172,Greater than 100 feet,280,89000,1954,1950-1959,,5930,5930,2630,141,452,176000,Controlled,156,0,0,0,,,,10/05/2026,03/17/2026,5,High,Not Available,,Normal Operations,11/20/2025,Yes,08/27/2020,Yes,https://www.nwp.usace.army.mil/Locations/Willamette-Valley/Big-Cliff/,No
Allegheny River Lock and Dam 8,Allegheny River Pool 08,,PA00118,,PA00118,USACE - Pittsburgh District,Federal,Federal,0,No,CELRP,No,Navigation,Navigation;Hydroelectric,US Army Corps of Engineers,PA00118,40.8957013840001,-79.4779141879999,Pennsylvania,Armstrong,Kittanning,6,Allegheny River,"Pennsylvania, Congressional District 15",,No,No,,No,No,No,Yes,US Army Corps of Engineers,US Army Corps of Engineers,US Army Corps of Engineers,US Army Corps of Engineers,US Army Corps of Engineers,US Army Corps of Engineers,US Army Corps of Engineers,US Army Corps of Engineers,,,Gravity,Gravity,Concrete,Rock,,40,60,60,51-100 feet,1064,0,1931,1930-1939,,15200,15200,15200,1010,8844,70000,Uncontrolled,933,1,360,56,,,None0;Uncontrolled0,09/16/2026,09/30/2024,5,Low,Not Available,,Normal Operations,11/20/2025,Yes,10/24/2024,N/A,https://www.usace.army.mil/Missions/Civil-Works/Dam-Safety-Program/Article/2870967/dam-safety-program/,No
Ball Mountain Dam,Ball Mountain Lake,,VT00001,,VT00001,USACE - New England District,Federal,Federal,0,No,,No,Flood Risk Reduction,Flood Risk Reduction;Hydroelectric,US Army Corps of Engineers,VT00001,43.127673105,-72.773870398,Vermont,Windham,Jamaica,,West,"Vermont, Congressional District 00",,No,No,,No,No,No,Yes,US Army Corps of Engineers,US Army Corps of Engineers,US Army Corps of Engineers,US Army Corps of Engineers,US Army Corps of Engineers,US Army Corps of Engineers,US Army Corps of Engineers,US Army Corps of Engineers,,,Earth,Earth,Earth,,247,242,247,247,Greater than 100 feet,915,0,1961,1960-1969,,54700,54700,2350,800,172,150000,Uncontrolled,235,0,0,0,,,,08/03/2026,07/09/2024,5,High,Not Available,,Normal Operations,11/20/2025,Yes,03/29/2021,Yes,https://www.nae.usace.army.mil/Missions/Civil-Works/Flood-Risk-Management/Vermont/Ball-Mtn/,No
McAlpine Locks and Dam,,,KY03034,,KY03034,USACE - Louisville District,Federal,Federal,0,No,CELRL,No,Navigation,Navigation;Fish and Wildlife Pond;Recreation;Hydroelectric;Water Supply,US Army Corps of Engineers,KY03034,38.281864032,-85.782496435,Kentucky,Jefferson,Louisville,1,Ohio River,"Kentucky, Congressional District 03",,No,No,,No,No,No,Yes,US Army Corps of Engineers,US Army Corps of Engineers,US Army Corps of Engineers,US Army Corps of Engineers,US Army Corps of Engineers;Federal Energy Regulatory Commission,US Army Corps of Engineers;Federal Energy Regulatory Commission,US Army Corps of Engineers,US Army Corps of Engineers,,,Concrete,Concrete;Gravity,,,,30,50,50,51-100 feet,9100,0,1964,1960-1969,,525260,525260,407500,18840,91170,116000,None,0,2,1200,110,1200,110,,09/30/2026,06/14/2024,5,Significant,Not Available,,Normal Operations,11/20/2025,Yes,03/09/2026,N/A,https://www.usace.army.mil/Missions/Civil-Works/Dam-Safety-Program/Article/2870967/dam-safety-program/,No
Canyon Lake Dam - Dike A,,,TX08017,S001,TX00004S001,USACE - Fort Worth District,Federal,Federal,0,Yes,,No,Flood Risk Reduction,Flood Risk Reduction;Fish and Wildlife Pond;Recreation;Water Supply,US Army Corps of Engineers,TX00004S001,29.849815439,-98.207844507,Texas,Comal,New Braunfels,,Guadalupe River,"Texas, Congressional District 21",,No,No,,No,No,No,Yes,US Army Corps of Engineers,US Army Corps of Engineers,US Army Corps of Engineers,US Army Corps of Engineers,US Army Corps of Engineers,US Army Corps of Engineers,US Army Corps of Engineers,US Army Corps of Engineers,,,Earth,Earth,,,224,219,224,224,Greater than 100 feet,4410,11430050,1964,1960-1969,,1208350,1208350,378900,8308,1425,502800,Uncontrolled,1260,0,0,0,,,,09/28/2026,02/02/2023,5,High,Not Available,,Normal Operations,11/20/2025,Yes,09/09/2026,Yes,https://www.swf-wc.usace.army.mil/canyon/,No
Lower Monumental Lock and Dam,Lake Herbert G. West,,WA00270,,WA00270,USACE - Walla Walla District,Federal,Federal,0,No,CENWS,No,Navigation,Navigation;Fish and Wildlife Pond;Recreation;Hydroelectric,US Army Corps of Engineers,WA00270,46.562189109,-118.537690315,Washington,Franklin,Pasco,,Snake River,"Washington, Congressional District 05",,No,No,,No,No,No,Yes,US Army Corps of Engineers,US Army Corps of Engineers,US Army Corps of Engineers,US Army Corps of Engineers,US Army Corps of Engineers,US Army Corps of Engineers,US Army Corps of Engineers,US Army Corps of Engineers,,,Concrete,Concrete;Earth;Gravity,Earth,,,100,226,226,Greater than 100 feet,3800,4500000,1969,1960-1969,,432000,432000,377000,6590,108500,850000,Controlled,400,1,650,86,,,,08/12/2026,10/29/2025,5,High,Not Available,,Normal Operations,11/20/2025,Yes,07/06/2022,Yes,https://www.nww.usace.army.mil/Locations/District-Locks-and-Dams/Lower-Monumental-Lock-and-Dam/,No
Brookville Dam,Brookville Lake,,IN03017,,IN03017,USACE - Louisville District,Federal,Federal,1,No,CELRL,No,Flood Risk Reduction,Flood Risk Reduction;Recreation;Water Supply,US Army Corps of Engineers,IN03017,39.439305533,-85.000367962,Indiana,Franklin,Brookville,1,East Fork of Whitewater River,"Indiana, Congressional District 09",,No,No,,No,No,No,Yes,US Army Corps of Engineers,US Army Corps of Engineers,US Army Corps of Engineers,US Army Corps of Engineers,US Army Corps of Engineers,US Army Corps of Engineers,US Army Corps of Engineers,US Army Corps of Engineers,,,Earth,Earth,Earth,,,147,181,181,Greater than 100 feet,2800,6731700,1974,1970-1979,,359600,359600,184900,5260,379,47360,Uncontrolled,70,0,0,0,,,Uncontrolled0;Vertical Lift2,09/11/2026,07/15/2022,5,High,Not Available,,"Under Investigation, Planning, Permitting, or Design for Remediation",11/20/2025,Yes,03/13/2026,Yes,https://www.usace.army.mil/Missions/Civil-Works/Dam-Safety-Program/Article/2870967/dam-safety-program/,No
Stillhouse Hollow Dam - Dike,,,TX08018,S001,TX00014S001,USACE - Fort Worth District,Federal,Federal,0,Yes,,No,Flood Risk Reduction,Flood Risk Reduction;Fish and Wildlife Pond;Recreation;Water Supply,US Army Corps of Engineers,TX00014S001,31.033331,-97.533333,Texas,Bell,Cameron,,Lampasas River,"Texas, Congressional District 31",,No,No,,No,No,No,Yes,US Army Corps of Engineers,US Army Corps of Engineers,US Army Corps of Engineers,US Army Corps of Engineers,US Army Corps of Engineers,US Army Corps of Engineers,US Army Corps of Engineers,US Army Corps of Engineers,,,Earth,Earth,,,195,195,200,200,Greater than 100 feet,9720,11804000,1968,1960-1969,,1013800,1013800,235700,6430,1319,781483,Uncontrolled,1650,0,0,0,,,,09/17/2026,05/20/2026,5,High,Not Available,,Normal Operations,11/20/2025,Yes,08/09/2022,No,https://www.swf-wc.usace.army.mil/stillhouse/,No
Dewey Dam - Brandykeg Dike,Dewey Lake,,KY03029,S001,KY03029S001,USACE - Huntington District,Federal,Federal,0,Yes,,No,Flood Risk Reduction,Flood Risk Reduction;Fish and Wildlife Pond;Recreation,US Army Corps of Engineers,KY03029S001,37.687351,-82.726533,Kentucky,Floyd,Prestonsburg,,Johns Creek of Levisa Fork,"Kentucky, Congressional District 05",,No,No,,No,No,No,Yes,US Army Corps of Engineers,US Army Corps of Engineers,US Army Corps of Engineers,US Army Corps of Engineers,US Army Corps of Engineers,US Army Corps of Engineers,US Army Corps of Engineers,US Army Corps of Engineers,,,Earth,Earth,,,41,,,41,25-50 feet,315,,1950,1950-1959,,31000,31000,0,,,,Uncontrolled,,0,,0,,,,09/16/2026,07/21/2023,5,High,Not Available,,Normal Operations,11/20/2025,Yes,06/16/2020,Yes,https://www.lrh.usace.army.mil/Missions/Civil-Works/Dam-Safety-Program/,No
Jerry F. Costello Lock and Dam,Kaskaskia Lock and Dam,Kaskaskia Lock & Dam;Kaskaskia River,IL00115,,IL00115,USACE - St. Louis District,Federal,Federal,0,No,CEMVS,No,Navigation,Navigation;Fish and Wildlife Pond;Recreation,US Army Corps of Engineers,IL00115,37.984187052,-89.945965423,Illinois,Randolph,Modoc,20,Kaskaskia River,"Illinois, Congressional District 12",,No,No,,No,No,No,Yes,US Army Corps of Engineers,US Army Corps of Engineers,US Army Corps of Engineers,US Army Corps of Engineers,US Army Corps of Engineers,US Army Corps of Engineers,US Army Corps of Engineers,US Army Corps of Engineers,,,Concrete,Concrete;Gravity,Concrete,Soil,66,53,81,81,51-100 feet,603,194000,1974,1970-1979,,25246,25246,22183,2618,5790,62000,Controlled,120,1,600,84,,,,08/26/2026,03/29/2023,5,Significant,Not Available,,Normal Operations,11/20/2025,Yes,,N/A,https://www.usace.army.mil/Missions/Civil-Works/Dam-Safety-Program/Article/2870967/dam-safety-program/,No
Aquilla Dam,Aquilla Lake,,TX08004,,TX08004,USACE - Fort Worth District,Federal,Federal,0,No,CESWF,No,Flood Risk Reduction,Flood Risk Reduction;Fish and Wildlife Pond;Recreation;Water Supply,US Army Corps of Engineers,TX08004,31.89824608,-97.205195976,Texas,Hill,Waco,,Aquilla Creek,"Texas, Congressional District 06",,No,No,,No,No,No,Yes,US Army Corps of Engineers,US Army Corps of Engineers,US Army Corps of Engineers,US Army Corps of Engineers,US Army Corps of Engineers,US Army Corps of Engineers,US Army Corps of Engineers,US Army Corps of Engineers,,,Earth,Earth,Earth,Rock;Soil,104,100,104,104,Greater than 100 feet,11800,7370000,1983,1980-1989,,420840,420840,45962,3280,252,126800,Uncontrolled,1200,0,0,0,,,Uncontrolled0,09/30/2026,03/04/2026,5,High,Not Available,,Normal Operations,11/20/2025,Yes,03/09/2021,Yes,https://www.swf-wc.usace.army.mil/aquilla/,No
Keystone Dam,Keystone Lake,,OK10309,,OK10309,USACE - Tulsa District,Federal,Federal,1,No,CESWT,No,Flood Risk Reduction,Flood Risk Reduction;Other;Recreation;Hydroelectric;Water Supply,US Army Corps of Engineers,OK10309,36.1498908890001,-96.252972466,Oklahoma,Tulsa,Sand Springs,,Arkansas River,"Oklahoma, Congressional District 01",Creek OTSA,No,No,,No,No,No,Yes,US Army Corps of Engineers,US Army Corps of Engineers,US Army Corps of Engineers,US Army Corps of Engineers,US Army Corps of Engineers,US Army Corps of Engineers,US Army Corps of Engineers,US Army Corps of Engineers,,,Gravity,Gravity;Earth,Earth,Rock,121,116,121,121,Greater than 100 feet,4600,4389100,1964,1960-1969,,1672613,1672613,505381,22420,74506,939000,Controlled,720,0,0,0,,,,09/24/2026,02/09/2022,5,High,Not Available,,"Under Investigation, Planning, Permitting, or Design for Remediation",11/20/2025,Yes,01/31/2025,Yes,https://www.swt.usace.army.mil/Locations/Tulsa-District-Lakes/Oklahoma/Keystone-Lake/,No
Dexter Dam,Dexter Lake,,OR00006,,OR00006,USACE - Portland District,Federal,Federal,0,No,CENWP,No,Flood Risk Reduction,Flood Risk Reduction;Irrigation;Navigation;Recreation;Hydroelectric,US Army Corps of Engineers,OR00006,43.921192993,-122.808189184,Oregon,Lane,Eugene,,Middle Fork Willamette River,"Oregon, Congressional District 04",,No,No,,No,No,No,Yes,US Army Corps of Engineers,US Army Corps of Engineers,US Army Corps of Engineers,US Army Corps of Engineers,US Army Corps of Engineers,US Army Corps of Engineers,US Army Corps of Engineers,US Army Corps of Engineers,,,Earth,Earth,Earth,Rock;Soil,65,60,117,117,Greater than 100 feet,2765,794000,1955,1950-1959,,29900,29900,22200,1025,996,270000,Controlled,359,0,0,0,,,,09/24/2026,03/05/2024,5,High,Not Available,,"Under Investigation, Planning, Permitting, or Design for Remediation",06/15/2015,Yes,08/25/2020,Yes,https://www.nwp.usace.army.mil/Locations/Willamette-Valley/Dexter/,No
North San Gabriel Dam,Lake Georgetown,North Fork Dam,TX08006,,TX08006,USACE - Fort Worth District,Federal,Federal,0,No,CESWF,No,Flood Risk Reduction,Flood Risk Reduction;Fish and Wildlife Pond;Recreation;Water Supply,US Army Corps of Engineers,TX08006,30.6672695820001,-97.72553489,Texas,Williamson,Georgetown,,North Fork San Gabriel River,"Texas, Congressional District 31",,No,No,,No,No,No,Yes,US Army Corps of Engineers,US Army Corps of Engineers,US Army Corps of Engineers,US Army Corps of Engineers,US Army Corps of Engineers,US Army Corps of Engineers,US Army Corps of Engineers,US Army Corps of Engineers,,,Earth,Earth,Earth,Rock;Soil,162,160,162,162,Greater than 100 feet,6650,4653580,1980,1980-1989,,236500,236500,37100,1310,246,342000,Uncontrolled,1000,0,0,0,,,Uncontrolled0,09/30/2026,04/16/2025,5,High,Not Available,,"Under Investigation, Planning, Permitting, or Design for Remediation",11/20/2025,Yes,08/03/2026,Yes,https://www.usace.army.mil/Missions/Civil-Works/Dam-Safety-Program/Article/2870967/dam-safety-program/,No
West Point Dam,West Point Lake,,GA00820,,GA00820,USACE - Mobile District,Federal,Federal,0,No,CESAS,No,Hydroelectric,Hydroelectric;Recreation;Flood Risk Reduction,US Army Corps of Engineers,GA00820,32.9184543740001,-85.188072266,Georgia,Troup,West Point,1,Chattahoochee River,"Georgia, Congressional District 03",,No,No,,No,No,No,Yes,US Army Corps of Engineers,US Army Corps of Engineers,US Army Corps of Engineers,US Army Corps of Engineers,US Army Corps of Engineers,US Army Corps of Engineers,US Army Corps of Engineers,US Army Corps of Engineers,,,Gravity,Gravity;Earth,,,121,106,132,132,Greater than 100 feet,7250,1526000,1974,1970-1979,,940000,940000,605000,25864,3440,427300,Controlled,300,0,0,0,,,,08/05/2026,03/14/2023,5,High,Not Available,,"Under Investigation, Planning, Permitting, or Design for Remediation",11/20/2025,Yes,06/12/2022,Yes,https://www.sam.usace.army.mil/Missions/Civil-Works/Recreation/West-Point-Lake/,No
Catahoula Lake Control Structure,,,LA00689,,LA00689,USACE - Vicksburg District,Federal,Federal,0,No,CEMVK,No,Fish and Wildlife Pond,Fish and Wildlife Pond;Recreation,US Army Corps of Engineers,LA00689,31.4794170000001,-92.113433,Louisiana,LaSalle,Jonesville,15,Little,"Louisiana, Congressional District 05",,No,No,,No,No,No,Yes,US Army Corps of Engineers,US Army Corps of Engineers,US Army Corps of Engineers,US Army Corps of Engineers,US Army Corps of Engineers;Fish and Wildlife Service,US Army Corps of Engineers,US Army Corps of Engineers;Fish and Wildlife Service,US Army Corps of Engineers,,,Earth,Earth,Earth,Soil,38,38,61,61,51-100 feet,700,12000,1972,1970-1979,,294000,294000,115000,25000,,15000,Uncontrolled,780,,,,,,Tainter (radial)0,01/08/2026,06/10/2023,5,Low,Not Available,,Normal Operations,11/20/2025,No,,N/A,https://www.usace.army.mil/Missions/Civil-Works/Dam-Safety-Program/Article/2870967/dam-safety-program/,No
New Hogan Dam,New Hogan Lake,,CA10109,,CA10109,USACE - Sacramento District,Federal,Federal,0,No,,No,Flood Risk Reduction,Flood Risk Reduction;Irrigation;Recreation;Hydroelectric,US Army Corps of Engineers,CA10109,38.1510410590001,-120.813699019,California,Calaveras,Jenny Lind,4,Calaveras River,"California, Congressional District 05",,No,No,,No,No,No,Yes,US Army Corps of Engineers,US Army Corps of Engineers,US Army Corps of Engineers,US Army Corps of Engineers,US Army Corps of Engineers,US Army Corps of Engineers,US Army Corps of Engineers,US Army Corps of Engineers,,,Rockfill,Rockfill;Earth,Earth,,155,195,210,210,Greater than 100 feet,1960,0,1963,1960-1969,,348598,348598,217410,4400,363,106400,Controlled,114,0,0,0,,,,09/14/2026,04/21/2026,5,High,Not Available,,"Under Investigation, Planning, Permitting, or Design for Remediation",11/20/2025,Yes,02/22/2023,Yes,https://www.spk.usace.army.mil/Missions/Recreation/New-Hogan-Lake/,No
Mill Creek Storage Dam - Diversion Dam,,,WA01376,S001,WA00348S001,USACE - Walla Walla District,Federal,Federal,0,Yes,CENWP,No,Flood Risk Reduction,Flood Risk Reduction;Recreation,US Army Corps of Engineers,WA00348S001,46.079896042,-118.2542999999999,Washington,Walla Walla,Walla Walla,,Mill Creek,"Washington, Congressional District 05",,No,No,,No,No,No,Yes,US Army Corps of Engineers,US Army Corps of Engineers,US Army Corps of Engineers,US Army Corps of Engineers,US Army Corps of Engineers,US Army Corps of Engineers,US Army Corps of Engineers,US Army Corps of Engineers,,,Earth,Earth,Earth,,,,14,14,Less than 25 feet,0,0,1942,1940-1949,,0,0,0,0,0,0,Uncontrolled,0,0,0,0,,,Uncontrolled0,01/30/2026,04/17/2018,5,Significant,Not Available,,Normal Operations,11/20/2025,Yes,07/06/2022,N/A,https://www.usace.army.mil/Missions/Civil-Works/Dam-Safety-Program/Article/2870967/dam-safety-program/,No
Thomas J. O'Brien Lock and Controlling Works,Lake Calumet,Tj O'Brien Lock,IL01013,,IL01013,USACE - Chicago District,Federal,Federal,0,No,CELRC,No,Navigation,Navigation;Other;Flood Risk Reduction,US Army Corps of Engineers,IL01013,41.6521389640001,-87.567110788,Illinois,Cook,Chicago,,Calumet River,"Illinois, Congressional District 02",,Yes,Yes,,Yes,Yes,Yes,Yes,US Army Corps of Engineers,US Army Corps of Engineers,US Army Corps of Engineers,US Army Corps of Engineers,US Army Corps of Engineers,US Army Corps of Engineers,US Army Corps of Engineers,US Army Corps of Engineers,,,Concrete,Concrete;Other;Rockfill;Gravity,Metal,Soil,,9,37,37,25-50 feet,430,4600,1960,1960-1969,,9700,9700,0,0,250,2200,None,0,1,1000,110,,,Other Controlled1;Slide (sluice gate)4,09/24/2026,04/05/2022,5,High,Not Available,,"Under Investigation, Planning, Permitting, or Design for Remediation",11/20/2025,Yes,04/30/2020,Yes,https://www.usace.army.mil/Missions/Civil-Works/Dam-Safety-Program/Article/2870967/dam-safety-program/,No
Hop Brook Dam,Hop Brook Lake,,CT00504,,CT00504,USACE - New England District,Federal,Federal,1,No,,No,Flood Risk Reduction,Flood Risk Reduction;Recreation,US Army Corps of Engineers,CT00504,41.514234038,-73.066477691,Connecticut,New Haven,Naugatuck,,Hop Brook,"Connecticut, Congressional District 03",,No,No,,No,No,No,Yes,US Army Corps of Engineers,US Army Corps of Engineers,US Army Corps of Engineers,US Army Corps of Engineers,US Army Corps of Engineers,US Army Corps of Engineers,US Army Corps of Engineers,US Army Corps of Engineers,,,Rockfill,Rockfill;Earth,Earth,,89,84,89,89,51-100 feet,520,286100,1968,1960-1969,,23000,23000,120,21,16,23000,Uncontrolled,200,0,0,0,,,,08/03/2026,11/01/2022,5,High,Not Available,,Normal Operations,11/22/2025,Yes,02/10/2023,Yes,https://www.nae.usace.army.mil/Missions/Civil-Works/Flood-Risk-Management/Connecticut/Hop-Brook/,No
Philpott Dam,Philpott Lake,,VA089001,,VA089001,USACE - Wilmington District,Federal,Federal,0,No,COE,No,Flood Risk Reduction,Flood Risk Reduction;Other;Fish and Wildlife Pond;Recreation;Hydroelectric;Water Supply,US Army Corps of Engineers,VA089001,36.781511773,-80.027449183,Virginia,Franklin,Bassett,7,Smith River,"Virginia, Congressional District 09",,No,No,,No,No,No,Yes,US Army Corps of Engineers,US Army Corps of Engineers,US Army Corps of Engineers,US Army Corps of Engineers,US Army Corps of Engineers,US Army Corps of Engineers,US Army Corps of Engineers,US Army Corps of Engineers,,,Gravity,Gravity,Concrete,Rock,,218,220,220,Greater than 100 feet,920,324000,1953,1950-1959,,318300,318300,166190,2880,212,70000,Uncontrolled,120,0,0,0,,,Slide (sluice gate)0,06/17/2026,08/17/2023,5,High,Not Available,,Normal Operations,02/26/2013,Yes,07/31/2017,Yes,https://www.saw.usace.army.mil/Locations/District-Lakes-and-Dams/Philpott/,No
Beach City Dam - Silica Sand Levee,,,OH00005,S004,OH00005S004,USACE - Huntington District,Federal,Federal,0,Yes,,No,Flood Risk Reduction,Flood Risk Reduction,US Army Corps of Engineers,OH00005S004,40.59653,-81.61461,Ohio,Tuscarawas,Dundee,,Sugar Creek,"Ohio, Congressional District 12",,No,No,,No,No,No,Yes,US Army Corps of Engineers,US Army Corps of Engineers,US Army Corps of Engineers,US Army Corps of Engineers,US Army Corps of Engineers,US Army Corps of Engineers,US Army Corps of Engineers,US Army Corps of Engineers,,,Earth,Earth,,,21,,,21,Less than 25 feet,1580,,1937,1930-1939,,80650,80650,0,,,,,,,,,,,,09/16/2026,08/18/2023,5,High,Not Available,,Normal Operations,07/15/2020,Yes,08/24/2020,Yes,https://www.lrh.usace.army.mil/Missions/Civil-Works/Dam-Safety-Program/,No
Stonewall Jackson Dam,Stonewall Jackson Lake,,WV04114,,WV04114,USACE - Pittsburgh District,Federal,Federal,0,No,CELRP,No,Flood Risk Reduction,Flood Risk Reduction;Other;Fish and Wildlife Pond;Recreation;Water Supply,US Army Corps of Engineers,WV04114,39.003378293,-80.474241934,West Virginia,Lewis,Brownsville,2,West Fork,"West Virginia, Congressional District 02",,No,No,,No,No,No,Yes,US Army Corps of Engineers,US Army Corps of Engineers,US Army Corps of Engineers,US Army Corps of Engineers,US Army Corps of Engineers,US Army Corps of Engineers,US Army Corps of Engineers,US Army Corps of Engineers,,,Gravity,Gravity,Concrete,Rock,,91,95,95,51-100 feet,620,107000,1986,1980-1989,,145000,145000,48170,2630,102,48000,Uncontrolled,105,0,0,0,,,Slide (sluice gate)12;Valve1,09/16/2026,09/27/2022,5,High,Not Available,,Normal Operations,11/22/2025,Yes,,Yes,https://www.usace.army.mil/Missions/Civil-Works/Dam-Safety-Program/Article/2870967/dam-safety-program/,No
Joe Pool Dam,,Lakeview Dam,TX08007,,TX08007,USACE - Fort Worth District,Federal,Federal,0,No,CESWF,No,Flood Risk Reduction,Flood Risk Reduction;Fish and Wildlife Pond;Recreation;Water Supply,US Army Corps of Engineers,TX08007,32.644009969,-96.990959156,Texas,Dallas,Dallas,,Mountain Creek,"Texas, Congressional District 30",,No,No,,No,No,No,Yes,US Army Corps of Engineers,US Army Corps of Engineers,US Army Corps of Engineers,US Army Corps of Engineers,US Army Corps of Engineers,US Army Corps of Engineers,US Army Corps of Engineers,US Army Corps of Engineers,,,Earth,Earth,Earth,Rock;Soil,108,103,108,108,Greater than 100 feet,22180,12700000,1986,1980-1989,,642500,642500,176900,7470,232,11900,Uncontrolled,50,0,0,0,,,Uncontrolled0,09/30/2026,04/10/2023,5,High,Not Available,,"Under Investigation, Planning, Permitting, or Design for Remediation",11/20/2025,Yes,05/20/2022,Yes,https://www.swf-wc.usace.army.mil/joepool/,No
Starved Rock Lock and Dam,Starved Rock Pool,,IL00004,,IL00004,USACE - Rock Island District,Federal,Federal,0,No,,No,Navigation,Navigation;Hydroelectric,US Army Corps of Engineers,IL00004,41.3228052390001,-88.98526454,Illinois,LaSalle,Utica,,Illinois River,"Illinois, Congressional District 14",,Yes,Yes,,Yes,Yes,Yes,Yes,US Army Corps of Engineers,US Army Corps of Engineers,US Army Corps of Engineers,US Army Corps of Engineers,US Army Corps of Engineers;Federal Energy Regulatory Commission,US Army Corps of Engineers;Federal Energy Regulatory Commission,US Army Corps of Engineers,US Army Corps of Engineers,,,Concrete,Concrete;Gravity,Concrete,Rock,,25,35,35,25-50 feet,1429,40000,1933,1930-1939,,16000,16000,0,0,11056,164000,None,0,1,600,110,,,Tainter (radial)10;Uncontrolled0,12/04/2025,05/23/2024,5,Significant,Not Available,,Normal Operations,11/20/2025,Yes,08/01/2018,N/A,https://www.usace.army.mil/Missions/Civil-Works/Dam-Safety-Program/Article/2870967/dam-safety-program/,No
Rough River Dam,Rough River Lake,,KY03012,,KY03012,USACE - Louisville District,Federal,Federal,0,No,CELRL,No,Flood Risk Reduction,Flood Risk Reduction;Recreation;Water Supply,US Army Corps of Engineers,KY03012,37.6197509260001,-86.5009067519999,Kentucky,Grayson,Falls of Rough,,Rough River,"Kentucky, Congressional District 02",,No,No,,No,No,No,Yes,US Army Corps of Engineers,US Army Corps of Engineers,US Army Corps of Engineers,US Army Corps of Engineers,US Army Corps of Engineers,US Army Corps of Engineers,US Army Corps of Engineers,US Army Corps of Engineers,,,Earth,Earth,,,,132,132,132,Greater than 100 feet,1590,1074000,1959,1950-1959,,334400,334400,90200,5100,454,22000,Uncontrolled,65,0,0,0,,,Uncontrolled0;Vertical Lift3,09/22/2026,05/02/2023,5,High,Not Available,,Under Remediation,11/20/2025,Yes,03/04/2024,Yes,https://www.usace.army.mil/Missions/Civil-Works/Dam-Safety-Program/Article/2870967/dam-safety-program/,No
Mohawk Dam,None - Dry Dam,,OH00016,,OH00016,USACE - Huntington District,Federal,Federal,0,No,CELRH,No,Flood Risk Reduction,Flood Risk Reduction,US Army Corps of Engineers,OH00016,40.3516237320001,-82.088864297,Ohio,Coshocton,Warsaw,6,Walhonding River,"Ohio, Congressional District 12",,No,No,,No,No,No,Yes,US Army Corps of Engineers,US Army Corps of Engineers,US Army Corps of Engineers,US Army Corps of Engineers,US Army Corps of Engineers,US Army Corps of Engineers,US Army Corps of Engineers,US Army Corps of Engineers,,,Earth,Earth,Earth,Soil,,105,111,111,Greater than 100 feet,2330,2053400,1937,1930-1939,,285000,285000,0,0,1504,151000,Uncontrolled,620,0,0,0,,,Slide (sluice gate)6,10/01/2026,11/20/2025,5,High,Not Available,,Normal Operations,11/20/2025,Yes,07/22/2025,Yes,https://www.lrh.usace.army.mil/Missions/Civil-Works/Dam-Safety-Program/,No
Dewey Dam,Dewey Lake,,KY03029,,KY03029,USACE - Huntington District,Federal,Federal,1,No,CELRH,No,Flood Risk Reduction,Flood Risk Reduction;Fish and Wildlife Pond;Recreation,US Army Corps of Engineers,KY03029,37.7368230000001,-82.729211,Kentucky,Floyd,Paintsville,6,Johns Creek of Levisa Fork,"Kentucky, Congressional District 05",,No,No,,No,No,No,Yes,US Army Corps of Engineers,US Army Corps of Engineers,US Army Corps of Engineers,US Army Corps of Engineers,US Army Corps of Engineers,US Army Corps of Engineers,US Army Corps of Engineers,US Army Corps of Engineers,,,Earth,Earth,Earth,Soil,,86,118,118,Greater than 100 feet,913,760000,1949,1940-1949,,93300,93300,17200,1100,206,22800,Uncontrolled,60,0,0,0,,,Slide (sluice gate)3,09/24/2026,07/19/2023,5,High,Not Available,,Normal Operations,11/20/2025,Yes,07/09/2025,Yes,https://www.lrh.usace.army.mil/Missions/Civil-Works/Dam-Safety-Program/,No
John P. Murtha Locks and Dam,Monongahela River Pool 04,Charleroi Locks and Dam,PA00122,,PA00122,USACE - Pittsburgh District,Federal,Federal,0,No,CELRP,No,Navigation,Navigation,US Army Corps of Engineers,PA00122,40.146537639,-79.8995065569999,Pennsylvania,Westmoreland,Monessen,1,Monongahela River,"Pennsylvania, Congressional District 14",,No,No,,No,No,No,Yes,US Army Corps of Engineers,US Army Corps of Engineers,US Army Corps of Engineers,US Army Corps of Engineers,US Army Corps of Engineers,US Army Corps of Engineers,US Army Corps of Engineers,US Army Corps of Engineers,,,Gravity,Gravity,Concrete,Rock,,26,40,40,25-50 feet,701,0,1967,1960-1969,,25100,25100,25100,1660,5214,100000,Controlled,463,2,720,56,,,Tainter (radial)5,09/28/2026,10/04/2021,5,Significant,Not Available,,Under Remediation,11/20/2025,Yes,09/08/2021,N/A,https://www.usace.army.mil/Missions/Civil-Works/Dam-Safety-Program/Article/2870967/dam-safety-program/,No
Trinidad Dam,Trinidad Lake,,CO00050,,CO00050,USACE - Albuquerque District,Federal,Federal,0,No,CESPA,No,Flood Risk Reduction,Flood Risk Reduction;Other;Irrigation;Recreation,US Army Corps of Engineers,CO00050,37.1428550840001,-104.551613735,Colorado,Las Animas,Trinidad,4,Purgatoire River,"Colorado, Congressional District 03",,Yes,Yes,Dwr,Yes,Yes,Yes,Yes,US Army Corps of Engineers,US Army Corps of Engineers,US Army Corps of Engineers,US Army Corps of Engineers,US Army Corps of Engineers,US Army Corps of Engineers,US Army Corps of Engineers,US Army Corps of Engineers,,,Earth,Earth,Earth,,203,195,200,203,Greater than 100 feet,6610,8579000,1976,1970-1979,,164930,164930,71779,1442,671,458300,Uncontrolled,1710,0,0,0,,,Vertical Lift0,07/09/2026,03/31/2022,5,High,Not Available,,Normal Operations,11/20/2025,Yes,07/12/2024,Yes,https://www.spa.usace.army.mil/Missions/Civil-Works/Recreation/Trinidad-Lake/,No
Dover Dam - Zoar Diversion Dam,,,OH00003,S006,OH00003S006,USACE - Huntington District,Federal,Federal,,Yes,,No,Flood Risk Reduction,Flood Risk Reduction,US Army Corps of Engineers,OH00003S006,40.613829828,-81.417582089,Ohio,Harrison,Zoar,,Tuscarawas River,"Ohio, Congressional District 06",,No,No,,No,No,No,Yes,US Army Corps of Engineers,US Army Corps of Engineers,US Army Corps of Engineers,US Army Corps of Engineers,US Army Corps of Engineers,US Army Corps of Engineers,US Army Corps of Engineers,US Army Corps of Engineers,,,Earth,Earth,,Soil,34,34,34,34,25-50 feet,250,,1937,1930-1939,,0,,,,,225,Uncontrolled,,,,,,,Slide (sluice gate)0,09/16/2026,05/27/2021,5,High,Not Available,,Normal Operations,01/23/2014,Yes,07/29/2020,Yes,https://www.lrh.usace.army.mil/Missions/Civil-Works/Dam-Safety-Program/,No
Mill Creek Storage Dam,Bennington Lake,Mill Creek Lake,WA00348,,WA00348,USACE - Walla Walla District,Federal,Federal,1,No,,No,Flood Risk Reduction,Flood Risk Reduction;Recreation,US Army Corps of Engineers,WA00348,46.064178,-118.2638,Washington,Walla Walla,Walla Walla,,Mill Creek Offstream,"Washington, Congressional District 05",,No,No,,No,No,No,Yes,US Army Corps of Engineers,US Army Corps of Engineers,US Army Corps of Engineers,US Army Corps of Engineers,US Army Corps of Engineers,US Army Corps of Engineers,US Army Corps of Engineers,US Army Corps of Engineers,,,Earth,Earth,,,,120,145,145,Greater than 100 feet,3200,1750000,1942,1940-1949,,8300,8300,3300,25,80,17000,None,250,0,0,0,,,,01/31/2026,10/20/2022,5,High,Not Available,,Normal Operations,11/20/2025,Yes,07/07/2022,Yes,https://www.usace.army.mil/Missions/Civil-Works/Dam-Safety-Program/Article/2870967/dam-safety-program/,No
Fishtrap Dam,Fishtrap Lake,,KY03028,,KY03028,USACE - Huntington District,Federal,Federal,0,No,CELRH,No,Flood Risk Reduction,Flood Risk Reduction;Other;Fish and Wildlife Pond;Recreation,US Army Corps of Engineers,KY03028,37.4316710000001,-82.416672,Kentucky,Pike,Millard,3,Levisa Fork of Big Sandy River,"Kentucky, Congressional District 05",,No,No,,No,No,No,Yes,US Army Corps of Engineers,US Army Corps of Engineers,US Army Corps of Engineers,US Army Corps of Engineers,US Army Corps of Engineers,US Army Corps of Engineers,US Army Corps of Engineers,US Army Corps of Engineers,,,Earth,Earth;Rockfill,Earth,Soil,,152,195,195,Greater than 100 feet,1100,2560000,1969,1960-1969,,164360,164360,37720,1131,392,298200,Controlled,228,0,0,0,,,Slide (sluice gate)4;Tainter (radial)4,10/01/2026,10/27/2022,5,High,Not Available,,Normal Operations,11/20/2025,Yes,06/27/2020,Yes,https://www.lrh.usace.army.mil/Missions/Civil-Works/Dam-Safety-Program/,No
Northfield Brook Dam,Northfield Brook Lake,,CT00505,,CT00505,USACE - New England District,Federal,Federal,0,No,CENAE,No,Flood Risk Reduction,Flood Risk Reduction;Recreation,US Army Corps of Engineers,CT00505,41.681602997,-73.090461484,Connecticut,Litchfield,Thomaston,,Northfield Brook,"Connecticut, Congressional District 05",,No,No,,No,No,No,Yes,US Army Corps of Engineers,US Army Corps of Engineers,US Army Corps of Engineers,US Army Corps of Engineers,US Army Corps of Engineers,US Army Corps of Engineers,US Army Corps of Engineers,US Army Corps of Engineers,,,Gravity,Gravity;Earth,Earth,Rock;Soil,111,106,111,111,Greater than 100 feet,810,646200,1965,1960-1969,,3200,3200,80,7,6,8800,Uncontrolled,72,0,0,0,,,,01/08/2026,11/02/2020,5,High,Not Available,,Normal Operations,11/20/2025,Yes,07/01/2013,Yes,https://www.nae.usace.army.mil/Missions/Civil-Works/Flood-Risk-Management/Connecticut/Northfield-Brook/,No
Dover Dam - Zoar Levee,,,OH00003,S005,OH00003S005,USACE - Huntington District,Federal,Federal,0,Yes,,No,Flood Risk Reduction,Flood Risk Reduction,US Army Corps of Engineers,OH00003S005,40.6113681050001,-81.4248803369999,Ohio,Tuscarawas,Zoar,,Tuscarawas River,"Ohio, Congressional District 06",,No,No,,No,No,No,Yes,US Army Corps of Engineers,US Army Corps of Engineers,US Army Corps of Engineers,US Army Corps of Engineers,US Army Corps of Engineers,US Army Corps of Engineers,US Army Corps of Engineers,US Army Corps of Engineers,,,Earth,Earth,,,48,,,48,25-50 feet,3893,,1951,1950-1959,,0,0,0,,,,,,,,,,,,07/31/2026,05/27/2021,5,High,Not Available,,Normal Operations,11/20/2025,Yes,07/29/2020,Yes,https://www.lrh.usace.army.mil/Missions/Civil-Works/Dam-Safety-Program/,No
Beltzville Dam,Beltzville Lake,,PA00010,,PA00010,USACE - Philadelphia District,Federal,Federal,0,No,"ERIK FLOOR & ASSOCIATES, INC. CONSULTING ENGINEERS",No,Flood Risk Reduction,Flood Risk Reduction;Recreation;Water Supply,US Army Corps of Engineers,PA00010,40.851388942,-75.6396171119999,Pennsylvania,Carbon,Parryville,3,Pohopoco Creek,"Pennsylvania, Congressional District 07",,No,No,,No,No,No,Yes,US Army Corps of Engineers,US Army Corps of Engineers,US Army Corps of Engineers,US Army Corps of Engineers,US Army Corps of Engineers,US Army Corps of Engineers,US Army Corps of Engineers,US Army Corps of Engineers,,,Rockfill,Rockfill;Earth,Earth,Rock,,172,177,177,Greater than 100 feet,4560,4491200,1969,1960-1969,,103625,103625,41220,947,96,47000,Uncontrolled,275,0,0,0,,,,09/18/2026,09/07/2023,5,High,Not Available,,Normal Operations,11/20/2025,Yes,06/01/2021,Yes,https://www.nap.usace.army.mil/Missions/Civil-Works/Beltzville-Dam/,No
Coralville Dam,Coralville Lake,,IA00012,,IA00012,USACE - Rock Island District,Federal,Federal,1,No,CEMVR,No,Flood Risk Reduction,Flood Risk Reduction;Recreation,US Army Corps of Engineers,IA00012,41.724478155,-91.5297752069999,Iowa,Johnson,Iowa City,,Iowa River,"Iowa, Congressional District 01",,No,No,,No,No,No,Yes,US Army Corps of Engineers,US Army Corps of Engineers,US Army Corps of Engineers,US Army Corps of Engineers,US Army Corps of Engineers,US Army Corps of Engineers,US Army Corps of Engineers,US Army Corps of Engineers,,,Gravity,Gravity;Earth,Earth,Rock;Soil,100,93,132,132,Greater than 100 feet,1400,1212835,1958,1950-1959,,420960,420960,28100,4050,3115,244000,Uncontrolled,500,0,0,0,,,Uncontrolled0;Vertical Lift3,04/09/2026,12/06/2023,1,High,Not Available,,Normal Operations,11/20/2025,Yes,12/05/2025,Yes,https://www.usace.army.mil/Missions/Civil-Works/Dam-Safety-Program/Article/2870967/dam-safety-program/,No
Emsworth Locks and Dams,Emsworth Pool,,PA00126,,PA00126,USACE - Pittsburgh District,Federal,Federal,0,No,CELRP,No,Navigation,Navigation,US Army Corps of Engineers,PA00126,40.503884053,-80.089060553,Pennsylvania,Allegheny,Emsworth,,Ohio River,"Pennsylvania, Congressional District 17",,No,No,,No,No,No,Yes,US Army Corps of Engineers,US Army Corps of Engineers,US Army Corps of Engineers,US Army Corps of Engineers,US Army Corps of Engineers,US Army Corps of Engineers,US Army Corps of Engineers,US Army Corps of Engineers,,,Gravity,Gravity,Concrete,Rock,,22,25,25,25-50 feet,1928,0,1938,1930-1939,,42700,42700,42700,2870,19428,300000,Controlled,800,2,600,110,,,Vertical Lift14,09/16/2026,06/14/2022,5,Significant,Not Available,,Normal Operations,11/20/2025,Yes,09/21/2021,N/A,https://www.usace.army.mil/Missions/Civil-Works/Dam-Safety-Program/Article/2870967/dam-safety-program/,No
Baldhill Dam,Lake Ashtabula,,ND00309,,ND00309,USACE - St. Paul District,Federal,Federal,0,No,CEMVP,No,Flood Risk Reduction,Flood Risk Reduction;Recreation;Water Supply,US Army Corps of Engineers,ND00309,47.0346779220001,-98.0788554439999,North Dakota,Barnes,Valley City,11,Sheyenne River,"North Dakota, Congressional District 00",,Yes,Yes,,Yes,Yes,Yes,Yes,US Army Corps of Engineers,US Army Corps of Engineers,US Army Corps of Engineers,US Army Corps of Engineers,US Army Corps of Engineers,US Army Corps of Engineers,US Army Corps of Engineers,US Army Corps of Engineers,,,Concrete,Concrete;Earth,Earth,Rock;Soil,47,55,60,60,51-100 feet,1800,296800,1950,1950-1959,,156000,156000,69500,5470,8078,126000,Controlled,120,0,0,0,,,Slide (sluice gate)2;Tainter (radial)3;Uncontrolled0,09/30/2026,08/03/2023,5,High,Not Available,,Normal Operations,11/20/2025,Yes,01/30/2014,Yes,https://www.usace.army.mil/Missions/Civil-Works/Dam-Safety-Program/Article/2870967/dam-safety-program/,No
Loyalhanna Dam,Loyalhanna Lake,,PA00106,,PA00106,USACE - Pittsburgh District,Federal,Federal,0,No,CELRP,No,Flood Risk Reduction,Flood Risk Reduction;Other;Recreation,US Army Corps of Engineers,PA00106,40.4568437900001,-79.451479681,Pennsylvania,Westmoreland,Saltsburg,,Loyalhanna Creek,"Pennsylvania, Congressional District 14",,No,No,,No,No,No,Yes,US Army Corps of Engineers,US Army Corps of Engineers,US Army Corps of Engineers,US Army Corps of Engineers,US Army Corps of Engineers,US Army Corps of Engineers,US Army Corps of Engineers,US Army Corps of Engineers,,,Gravity,Gravity;Earth,Concrete,Rock,,114,120,120,Greater than 100 feet,960,183000,1942,1940-1949,,127556,127556,2000,210,290,106800,Controlled,150,0,0,0,,,Slide (sluice gate)9;Valve1;Vertical Lift5,09/28/2026,01/29/2026,5,High,Not Available,,Normal Operations,11/20/2025,Yes,,Yes,https://www.usace.army.mil/Missions/Civil-Works/Dam-Safety-Program/Article/2870967/dam-safety-program/,No
Navarro Mills Dam,,,TX00009,,TX00009,USACE - Fort Worth District,Federal,Federal,0,No,CESWF,No,Flood Risk Reduction,Flood Risk Reduction;Fish and Wildlife Pond;Recreation;Water Supply,US Army Corps of Engineers,TX00009,31.9539557840001,-96.6951701359999,Texas,Navarro,Richland,,Richland Creek,"Texas, Congressional District 06",,No,No,,No,No,No,Yes,US Army Corps of Engineers,US Army Corps of Engineers,US Army Corps of Engineers,US Army Corps of Engineers,US Army Corps of Engineers,US Army Corps of Engineers,US Army Corps of Engineers,US Army Corps of Engineers,,,Earth,Earth,Earth,Rock;Soil,82,77,87,87,51-100 feet,7570,2315000,1963,1960-1969,,323879,323879,63300,5070,320,217797,Controlled,240,0,0,0,,,,09/10/2026,05/25/2022,5,High,Not Available,,Normal Operations,11/22/2025,Yes,08/16/2021,Yes,https://www.swf-wc.usace.army.mil/navarro/,No
Galisteo Dam,Galisteo Reservoir,,NM00002,,NM00002,USACE - Albuquerque District,Federal,Federal,0,No,CESPA,No,Flood Risk Reduction,Flood Risk Reduction;Other,US Army Corps of Engineers,NM00002,35.4639210600001,-106.208413182,New Mexico,Santa Fe,Santo Domingo Pueblo,9,Galisteo Creek,"New Mexico, Congressional District 03",,No,No,,No,No,No,Yes,US Army Corps of Engineers,US Army Corps of Engineers,US Army Corps of Engineers,US Army Corps of Engineers,US Army Corps of Engineers,US Army Corps of Engineers,US Army Corps of Engineers,US Army Corps of Engineers,,,Earth,Earth,Earth,Soil,164,158,163,164,Greater than 100 feet,2820,0,1970,1970-1979,,152600,152600,89800,1,596,90000,Uncontrolled,575,0,0,0,,,None0,09/08/2026,06/13/2023,5,High,Not Available,,Normal Operations,11/20/2025,Yes,06/01/2018,Yes,https://www.spa.usace.army.mil/Missions/Civil-Works/Recreation/Galisteo-Dam/,No
Proctor Dam,,,TX00010,,TX00010,USACE - Fort Worth District,Federal,Federal,0,No,CESWF,No,Flood Risk Reduction,Flood Risk Reduction;Fish and Wildlife Pond;Recreation;Water Supply,US Army Corps of Engineers,TX00010,31.9691963430001,-98.4855806479999,Texas,Comanche,Gatesville,,Leon River,"Texas, Congressional District 25",,No,No,,No,No,No,Yes,US Army Corps of Engineers,US Army Corps of Engineers,US Army Corps of Engineers,US Army Corps of Engineers,US Army Corps of Engineers,US Army Corps of Engineers,US Army Corps of Engineers,US Army Corps of Engineers,,,Earth,Earth,Earth,Rock;Soil,86,81,86,86,51-100 feet,13020,3060000,1964,1960-1969,,585800,585800,59400,4610,1265,363000,Controlled,440,0,0,0,,,,09/10/2026,11/19/2024,5,High,Not Available,,"Under Investigation, Planning, Permitting, or Design for Remediation",11/20/2025,Yes,01/26/2022,Yes,https://www.swf-wc.usace.army.mil/proctor/,No
Buford Dam,Lake Sidney Lanier,,GA00824,,GA00824,USACE - Mobile District,Federal,Federal,3,No,CESAM,No,Flood Risk Reduction,Flood Risk Reduction;Recreation;Hydroelectric,US Army Corps of Engineers,GA00824,34.16032625,-84.073875278,Georgia,Gwinnett,Buford,3,Chattahoochee River,"Georgia, Congressional District 09",,No,No,,No,No,No,Yes,US Army Corps of Engineers,US Army Corps of Engineers,US Army Corps of Engineers,US Army Corps of Engineers,US Army Corps of Engineers,US Army Corps of Engineers,US Army Corps of Engineers,US Army Corps of Engineers,,,Earth,Earth,Earth,Rock,,193,231,231,Greater than 100 feet,2470,3751000,1958,1950-1959,,2554000,2554000,1917000,47182,1040,13900,Uncontrolled,100,0,0,0,,,Slide (sluice gate)2;Valve0,09/15/2026,04/23/2024,5,High,Not Available,,"Under Investigation, Planning, Permitting, or Design for Remediation",11/20/2025,Yes,09/12/2020,Yes,https://www.sam.usace.army.mil/missions/civil-works/recreation/lake-sidney-lanier/,No
Indiana Harbor and Canal Confined Disposal Facility,Ihc Cdf,,IN04071,,IN04071,USACE - Chicago District,Federal,Federal,0,No,CELRC,No,Navigation,Navigation;Tailings,US Army Corps of Engineers,IN04071,41.6520135040001,-87.484958569,Indiana,Lake,East Chicago,,Lake George Branch of Indiana Harbor Canal,"Indiana, Congressional District 01",,No,No,,No,No,No,Yes,US Army Corps of Engineers,US Army Corps of Engineers,US Army Corps of Engineers,US Army Corps of Engineers,US Army Corps of Engineers,US Army Corps of Engineers,US Army Corps of Engineers,US Army Corps of Engineers,,,Earth,Earth,Earth,Soil,35,33,35,35,25-50 feet,8833,,2011,Since 2000,2024S,3100,3100,3100,115,0,0,Uncontrolled,100,0,,,,,None0,09/24/2026,06/27/2024,5,High,Not Available,,Normal Operations,11/20/2025,Yes,12/02/2025,Yes,https://www.usace.army.mil/Missions/Civil-Works/Dam-Safety-Program/Article/2870967/dam-safety-program/,No
Chicago River and Harbor Controlling Works,Chicago Lock,,IL55094,,IL55094,USACE - Chicago District,Federal,Federal,0,No,,No,Navigation,Navigation;Other;Flood Risk Reduction,US Army Corps of Engineers,IL55094,41.888579066,-87.607581795,Illinois,Cook,Chicago,,Chicago,,,Yes,Yes,,Yes,Yes,Yes,Yes,US Army Corps of Engineers,US Army Corps of Engineers,US Army Corps of Engineers,US Army Corps of Engineers,US Army Corps of Engineers,US Army Corps of Engineers,US Army Corps of Engineers,US Army Corps of Engineers,,,Other,Other,Earth,Soil,31,9,31,31,25-50 feet,0,0,1938,1930-1939,,1000000,1000000,1000000,0,0,0,Controlled,0,1,600,80,,,Other Controlled1;Slide (sluice gate)8,09/24/2026,04/19/2022,5,High,Not Available,,"Under Investigation, Planning, Permitting, or Design for Remediation",11/20/2025,Yes,09/08/2025,Yes,https://www.usace.army.mil/Missions/Civil-Works/Dam-Safety-Program/Article/2870967/dam-safety-program/,No
Little Kaukauna Lock and Dam,Fox River,,WI00868,,WI00868,USACE - Chicago District,Federal,Federal,0,No,CELRE,No,Flood Risk Reduction,Flood Risk Reduction;Navigation;Recreation;Water Supply,US Army Corps of Engineers,WI00868,44.3767954520001,-88.123996513,Wisconsin,Brown,Depere,,Fox,"Wisconsin, Congressional District 08",,Yes,Yes,,Yes,Yes,Yes,Yes,US Army Corps of Engineers,US Army Corps of Engineers,US Army Corps of Engineers,US Army Corps of Engineers,US Army Corps of Engineers,US Army Corps of Engineers,US Army Corps of Engineers,US Army Corps of Engineers,,,Concrete,Concrete;Gravity,Concrete,Soil,,7,16,16,Less than 25 feet,588,0,1926,1920-1929,,4270,4270,3600,564,6230,1500,Controlled,522,1,146,36,,,,09/24/2026,05/05/2022,5,Significant,Not Available,,Normal Operations,11/20/2025,Yes,08/17/2017,N/A,https://www.usace.army.mil/Missions/Civil-Works/Dam-Safety-Program/Article/2870967/dam-safety-program/,No
Barre Falls Dam,Dry Reservoir,Barre Falls Dam Dike 1,MA00962,,MA00962,USACE - New England District,Federal,Federal,3,No,CENAE,No,Flood Risk Reduction,Flood Risk Reduction,US Army Corps of Engineers,MA00962,42.4280324640001,-72.025891829,Massachusetts,Worcester,Barre,,Ware River,"Massachusetts, Congressional District 02",,No,No,,No,No,No,Yes,US Army Corps of Engineers,US Army Corps of Engineers,US Army Corps of Engineers,US Army Corps of Engineers,US Army Corps of Engineers,US Army Corps of Engineers,US Army Corps of Engineers,US Army Corps of Engineers,,,Rockfill,Rockfill;Earth;Gravity,Earth,Rock,69,64,69,69,51-100 feet,885,460000,1958,1950-1959,,63000,63000,0,1,55,16300,Uncontrolled,60,0,0,0,,,,12/04/2025,05/13/2025,5,High,Not Available,,Normal Operations,11/20/2025,Yes,12/16/2020,Yes,https://www.nae.usace.army.mil/Missions/Civil-Works/Flood-Risk-Management/Massachusetts/Barre-Falls/,No
Red Rock Dam,Lake Red Rock,,IA00013,,IA00013,USACE - Rock Island District,Federal,Federal,3,No,,No,Flood Risk Reduction,Flood Risk Reduction;Recreation,US Army Corps of Engineers,IA00013,41.3696802960001,-92.980579916,Iowa,Marion,Carlisle,,Des Moines,"Iowa, Congressional District 01",,No,No,,No,No,No,Yes,US Army Corps of Engineers,US Army Corps of Engineers,US Army Corps of Engineers,US Army Corps of Engineers,US Army Corps of Engineers,US Army Corps of Engineers,US Army Corps of Engineers,US Army Corps of Engineers,,,Gravity,Gravity;Earth,,,142,104,110,142,Greater than 100 feet,6260,6155800,1969,1960-1969,,1624970,1624970,189000,15250,12323,378000,None,0,0,0,0,,,Slide (sluice gate)14;Tainter (radial)5,01/08/2026,12/02/2021,1,High,Not Available,,Normal Operations,11/20/2025,Yes,11/13/2024,Yes,https://www.usace.army.mil/Missions/Civil-Works/Dam-Safety-Program/Article/2870967/dam-safety-program/,No
Hopkinton Dam - Dike H-3,,Hopkinton Flood Control Spillway H3,NH01059,S002,NH00004S002,USACE - New England District,Federal,Federal,0,Yes,USACE - New England District,No,Flood Risk Reduction,Flood Risk Reduction;Recreation,US Army Corps of Engineers,NH00004S002,43.196,-71.710115,New Hampshire,Merrimack,Hopkinton,,Cressey's Brook,"New Hampshire, Congressional District 02",,Yes,Yes,Nh Des,Yes,Yes,Yes,Yes,US Army Corps of Engineers,US Army Corps of Engineers,US Army Corps of Engineers,US Army Corps of Engineers,US Army Corps of Engineers,US Army Corps of Engineers,US Army Corps of Engineers,US Army Corps of Engineers,,,Earth,Earth,Earth,Rock;Soil,66,60,66,66,51-100 feet,4400,909700,1962,1960-1969,,131000,131000,700,220,382,58000,Uncontrolled,300,0,0,0,,,,09/16/2026,11/01/2021,5,High,Not Available,,Normal Operations,11/20/2025,Yes,11/12/2020,Yes,https://www.nae.usace.army.mil/Missions/Civil-Works/Flood-Risk-Management/New-Hampshire/Hop-Ev/,No
Hords Creek Dam,Hords Creek Lake,,TX00006,,TX00006,USACE - Fort Worth District,Federal,Federal,0,No,CESWF,No,Water Supply,Water Supply;Fish and Wildlife Pond;Recreation;Flood Risk Reduction,US Army Corps of Engineers,TX00006,31.8345128140001,-99.5600737619999,Texas,Coleman,Coleman,,Hords Creek,"Texas, Congressional District 11",,No,No,,No,No,No,Yes,US Army Corps of Engineers,US Army Corps of Engineers,US Army Corps of Engineers,US Army Corps of Engineers,US Army Corps of Engineers,US Army Corps of Engineers,US Army Corps of Engineers,US Army Corps of Engineers,,,Earth,Earth,Earth,Rock;Soil,91,86,91,91,51-100 feet,6800,1364700,1948,1940-1949,,49290,49290,8640,510,48,60800,Uncontrolled,500,0,0,0,,,Uncontrolled0,09/10/2026,12/12/2022,5,High,Not Available,,Normal Operations,11/20/2025,Yes,12/18/2019,Yes,https://www.swf-wc.usace.army.mil/hords/,No
Tom Jenkins Dam,Burr Oak Lake,,OH00018,,OH00018,USACE - Huntington District,Federal,Federal,0,No,CELRH,No,Flood Risk Reduction,Flood Risk Reduction;Recreation;Water Supply,US Army Corps of Engineers,OH00018,39.5421476940001,-82.057901379,Ohio,Athens,Glouster,3,East Br of Sunday Ck,"Ohio, Congressional District 12",,No,No,,No,No,No,Yes,US Army Corps of Engineers,US Army Corps of Engineers,US Army Corps of Engineers,US Army Corps of Engineers,US Army Corps of Engineers,US Army Corps of Engineers,US Army Corps of Engineers,US Army Corps of Engineers,,,Earth,Earth,Earth,Soil,,60,84,84,51-100 feet,944,496100,1950,1950-1959,,26900,26900,9300,664,33,21300,Uncontrolled,80,0,0,0,,,Slide (sluice gate)6,09/29/2026,08/14/2025,5,High,Not Available,,Normal Operations,11/20/2025,Yes,06/01/2024,Yes,https://www.lrh.usace.army.mil/Missions/Civil-Works/Dam-Safety-Program/,No
Black Rock Dam,Black Rock Lake,,CT00508,,CT00508,USACE - New England District,Federal,Federal,0,No,CENAE,No,Flood Risk Reduction,Flood Risk Reduction,US Army Corps of Engineers,CT00508,41.657643181,-73.1054137,Connecticut,Litchfield,Waterbury,,Branch Brook,"Connecticut, Congressional District 05",,No,No,,No,No,No,Yes,US Army Corps of Engineers,US Army Corps of Engineers,US Army Corps of Engineers,US Army Corps of Engineers,US Army Corps of Engineers,US Army Corps of Engineers,US Army Corps of Engineers,US Army Corps of Engineers,,,Rockfill,Rockfill;Earth;Gravity,Earth,Rock;Soil,130,125,130,130,Greater than 100 feet,933,1258400,1971,1970-1979,,8450,8450,305,21,20,33500,Uncontrolled,140,0,0,0,,,,01/08/2026,10/24/2023,5,High,Not Available,,Normal Operations,11/20/2025,Yes,09/04/2020,Yes,https://www.nae.usace.army.mil/Missions/Civil-Works/Flood-Risk-Management/Connecticut/Black-Rock/,No
Dillon Dam,Dillon Lake,,OH00007,,OH00007,USACE - Huntington District,Federal,Federal,2,No,CELRH,No,Flood Risk Reduction,Flood Risk Reduction;Fish and Wildlife Pond;Recreation,US Army Corps of Engineers,OH00007,39.9922156920001,-82.0799371379999,Ohio,Muskingum,Zanesville,3,Licking River,"Ohio, Congressional District 12",,No,No,,No,No,No,Yes,US Army Corps of Engineers,US Army Corps of Engineers,US Army Corps of Engineers,US Army Corps of Engineers,US Army Corps of Engineers,US Army Corps of Engineers,US Army Corps of Engineers,US Army Corps of Engineers,,,Earth,Earth,Earth,Soil,,90,118,118,Greater than 100 feet,1400,1670900,1960,1960-1969,,274000,274000,17500,1560,742,89700,Uncontrolled,292,0,0,0,,,Slide (sluice gate)3;Valve2,10/01/2026,09/09/2024,5,High,Not Available,,Normal Operations,11/20/2025,Yes,06/16/2020,Yes,https://www.lrh.usace.army.mil/Missions/Civil-Works/Dam-Safety-Program/,No
Woodcock Creek Dam,Woodcock Creek Lake,,PA00108,,PA00108,USACE - Pittsburgh District,Federal,Federal,0,No,CELRP,No,Flood Risk Reduction,Flood Risk Reduction;Other;Fish and Wildlife Pond;Recreation,US Army Corps of Engineers,PA00108,41.6972974560001,-80.102185102,Pennsylvania,Crawford,Meadville,,Woodcock Creek,"Pennsylvania, Congressional District 16",,No,No,,No,No,No,Yes,US Army Corps of Engineers,US Army Corps of Engineers,US Army Corps of Engineers,US Army Corps of Engineers,US Army Corps of Engineers,US Army Corps of Engineers,US Army Corps of Engineers,US Army Corps of Engineers,,,Earth,Earth,Earth,Soil,,85,90,90,51-100 feet,4650,2031900,1973,1970-1979,,31540,31540,4930,325,46,24400,Uncontrolled,141,0,0,0,,,Slide (sluice gate)6,09/16/2026,05/08/2024,5,High,Not Available,,Normal Operations,11/22/2025,Yes,05/05/2017,Yes,https://www.usace.army.mil/Missions/Civil-Works/Dam-Safety-Program/Article/2870967/dam-safety-program/,No
William L. Jess Dam,Lost Creek Lake,Lost Creek,OR00612,,OR00612,USACE - Portland District,Federal,Federal,1,No,,No,Flood Risk Reduction,Flood Risk Reduction;Other;Irrigation;Recreation;Hydroelectric,US Army Corps of Engineers,OR00612,42.6704802400001,-122.6743165409999,Oregon,Jackson,Trail,,Rogue River,"Oregon, Congressional District 02",,No,No,,No,No,No,Yes,US Army Corps of Engineers,US Army Corps of Engineers,US Army Corps of Engineers,US Army Corps of Engineers,US Army Corps of Engineers,US Army Corps of Engineers,US Army Corps of Engineers,US Army Corps of Engineers,,,Rockfill,Rockfill,,,342,332,345,345,Greater than 100 feet,3600,10800000,1976,1970-1979,,500000,500000,465000,3430,674,158000,Controlled,135,0,0,0,,,,10/01/2026,05/07/2026,5,High,Not Available,,"Under Investigation, Planning, Permitting, or Design for Remediation",11/20/2025,Yes,08/25/2020,Yes,https://nwp.usace.afpims.mil/Locations/Rogue-River/Lost-Creek/,No
Cottage Grove Dam,Cottage Grove Lake,,OR00005,,OR00005,USACE - Portland District,Federal,Federal,0,No,CENWP,No,Flood Risk Reduction,Flood Risk Reduction;Other;Irrigation;Navigation;Recreation,US Army Corps of Engineers,OR00005,43.716382223,-123.053748455,Oregon,Lane,Cottage Grove,,Coast Fork Willamette River,"Oregon, Congressional District 04",,No,No,,No,No,No,Yes,US Army Corps of Engineers,US Army Corps of Engineers,US Army Corps of Engineers,US Army Corps of Engineers,US Army Corps of Engineers,US Army Corps of Engineers,US Army Corps of Engineers,US Army Corps of Engineers,,,Earth,Earth,Earth,Rock;Soil,81,76,103,103,Greater than 100 feet,2110,809000,1942,1940-1949,,50000,50000,33000,1158,104,40800,Uncontrolled,264,0,0,0,,,,10/05/2026,03/15/2022,5,High,Not Available,,Normal Operations,11/20/2025,Yes,08/25/2020,Yes,https://www.nwp.usace.army.mil/Locations/Willamette-Valley/Cottage-Grove/,No
Richard L. Schafer Dam,Success Lake,Success Dam,CA10113,,CA10113,USACE - Sacramento District,Federal,Federal,1,No,,No,Flood Risk Reduction,Flood Risk Reduction;Irrigation;Recreation;Hydroelectric,US Army Corps of Engineers,CA10113,36.0606705800001,-118.919339814,California,Tulare,Porterville,,Tule River,"California, Congressional District 20",,No,No,,No,No,No,Yes,US Army Corps of Engineers,US Army Corps of Engineers,US Army Corps of Engineers,US Army Corps of Engineers,US Army Corps of Engineers,US Army Corps of Engineers,US Army Corps of Engineers,US Army Corps of Engineers,,,Earth,Earth,Earth,Soil,98,137,145,145,Greater than 100 feet,3404,4900000,1961,1960-1969,,230000,230000,65473,2450,388,126000,Uncontrolled,200,0,0,0,,,,03/19/2026,09/07/2023,5,High,Not Available,,"Under Investigation, Planning, Permitting, or Design for Remediation",11/20/2025,Yes,10/28/2025,Yes,https://www.spk.usace.army.mil/Missions/Civil-Works/Dam-Safety-Program/,No
Two Rivers Diamond A Dam - Rocky Dam,Two Rivers Reservoir,,NM00004,S001,NM00004S001,USACE - Albuquerque District,Federal,Federal,,Yes,,No,,,US Army Corps of Engineers,NM00004S001,33.268395,-104.723817,New Mexico,Chaves,Roswell,,,"New Mexico, Congressional District 03",,No,No,,No,No,No,Yes,US Army Corps of Engineers,US Army Corps of Engineers,US Army Corps of Engineers,US Army Corps of Engineers,US Army Corps of Engineers,US Army Corps of Engineers,US Army Corps of Engineers,,,,,,,,118,,,118,Greater than 100 feet,,,,Undetermined,,26440,26440,0,,,,,,,,,,,,01/08/2026,05/14/2021,0,Low,Not Available,,"Under Investigation, Planning, Permitting, or Design for Remediation",11/20/2025,Yes,09/01/2020,Yes,https://www.spa.usace.army.mil/Missions/Civil-Works/Recreation/Two-Rivers-Dam/,No
Lower Appleton Locks and Dam,Fox River,,WI00850,,WI00850,USACE - Chicago District;Wisconsin DNR,Federal;State,Federal,0,No,CELRE,No,Flood Risk Reduction,Flood Risk Reduction;Navigation;Recreation,US Army Corps of Engineers,WI00850,44.259098475,-88.390140354,Wisconsin,Outagamie,Appleton,,Fox,"Wisconsin, Congressional District 08",,Yes,Yes,,Yes,Yes,Yes,Yes,US Army Corps of Engineers,US Army Corps of Engineers,US Army Corps of Engineers,US Army Corps of Engineers,US Army Corps of Engineers;Federal Energy Regulatory Commission,US Army Corps of Engineers;Federal Energy Regulatory Commission,US Army Corps of Engineers,US Army Corps of Engineers,,,Concrete,Concrete;Gravity,Concrete,Rock,,9,19,19,Less than 25 feet,549,0,1934,1930-1939,,300,300,200,5822,6070,17000,Controlled,485,4,144,35,,,,09/24/2026,08/06/2024,5,Significant,Not Available,,Normal Operations,11/20/2025,Yes,08/17/2021,N/A,https://www.usace.army.mil/Missions/Civil-Works/Dam-Safety-Program/Article/2870967/dam-safety-program/,No
Applegate Dam,Applegate Reservoir,,OR00624,,OR00624,USACE - Portland District,Federal,Federal,0,No,CENWP,No,Flood Risk Reduction,Flood Risk Reduction;Other;Irrigation;Fish and Wildlife Pond;Recreation,US Army Corps of Engineers,OR00624,42.0560106280001,-123.114977433,Oregon,Jackson,Applegate,,Applegate River,"Oregon, Congressional District 02",,No,No,,No,No,No,Yes,US Army Corps of Engineers,US Army Corps of Engineers,US Army Corps of Engineers,US Army Corps of Engineers,US Army Corps of Engineers,US Army Corps of Engineers,US Army Corps of Engineers,US Army Corps of Engineers,,,Rockfill,Rockfill,Earth,Rock,242,235,242,242,Greater than 100 feet,1200,2812000,1980,1980-1989,,89300,89300,82200,1041,223,93800,Controlled,100,0,0,0,,,,10/01/2026,05/14/2024,5,High,Not Available,,"Under Investigation, Planning, Permitting, or Design for Remediation",11/20/2025,Yes,08/25/2020,Yes,https://nwp.usace.afpims.mil/Locations/Rogue-River/Applegate/,No
Hopkinton Dam - Dike H-2,,Hopkinton Dike Elm Brook H2,NH00726,S001,NH00004S001,USACE - New England District,Federal,Federal,0,Yes,USACE - New England District,No,Flood Risk Reduction,Flood Risk Reduction;Recreation,US Army Corps of Engineers,NH00004S001,43.189555,-71.734399,New Hampshire,Merrimack,Hopkinton,,Elm Brook,"New Hampshire, Congressional District 02",,Yes,Yes,Nh Des,Yes,Yes,Yes,Yes,US Army Corps of Engineers,US Army Corps of Engineers,US Army Corps of Engineers,US Army Corps of Engineers,US Army Corps of Engineers,US Army Corps of Engineers,US Army Corps of Engineers,US Army Corps of Engineers,,,Earth,Earth,Earth,Soil,77,71,77,77,51-100 feet,5220,1027000,1962,1960-1969,,131000,131000,700,220,382,58000,Uncontrolled,300,0,0,0,,,,09/16/2026,11/01/2021,5,High,Not Available,,Normal Operations,11/20/2025,Yes,11/12/2020,Yes,https://www.nae.usace.army.mil/Missions/Civil-Works/Flood-Risk-Management/New-Hampshire/Hop-Ev/,No
Granger Dam,Granger Lake,Laneport Reservoir,TX08005,,TX08005,USACE - Fort Worth District,Federal,Federal,0,No,CESWF,No,Water Supply,Water Supply;Fish and Wildlife Pond;Recreation;Flood Risk Reduction,US Army Corps of Engineers,TX08005,30.701476783,-97.329838762,Texas,Williamson,Laneport,,San Gabriel River,"Texas, Congressional District 31",,No,No,,No,No,No,Yes,US Army Corps of Engineers,US Army Corps of Engineers,US Army Corps of Engineers,US Army Corps of Engineers,US Army Corps of Engineers,US Army Corps of Engineers,US Army Corps of Engineers,US Army Corps of Engineers,,,Earth,Earth,Earth,Rock;Soil,115,114,115,115,Greater than 100 feet,15240,15687500,1979,1970-1979,,650000,650000,65500,4400,475,342330,Uncontrolled,950,0,0,0,,,Uncontrolled0,09/30/2026,05/18/2022,5,High,Not Available,,Normal Operations,11/20/2025,Yes,03/12/2021,Yes,https://www.swf-wc.usace.army.mil/granger/,No
Blue Marsh Dam,Blue Marsh Lake,,PA00921,,PA00921,USACE - Philadelphia District,Federal,Federal,2,No,,No,Flood Risk Reduction,Flood Risk Reduction;Recreation;Water Supply,US Army Corps of Engineers,PA00921,40.379032748,-76.0314266949999,Pennsylvania,Berks,Reading,6,Tulpehocken Creek,"Pennsylvania, Congressional District 04",,No,No,,No,No,No,Yes,US Army Corps of Engineers,US Army Corps of Engineers,US Army Corps of Engineers,US Army Corps of Engineers,US Army Corps of Engineers,US Army Corps of Engineers,US Army Corps of Engineers,US Army Corps of Engineers,,,Rockfill,Rockfill;Earth,Earth,,,94,100,100,51-100 feet,1775,819575,1977,1970-1979,,129900,129900,22897,1147,175,70000,Uncontrolled,300,0,0,0,,,Slide (sluice gate)0,09/08/2026,05/01/2024,5,High,Not Available,,"Under Investigation, Planning, Permitting, or Design for Remediation",11/20/2025,Yes,06/01/2021,Yes,https://www.nap.usace.army.mil/missions/civil-works/blue-marsh-lake/,No
Bonneville Locks and Dam,Lake Bonneville,,OR00001,,OR00001,USACE - Portland District,Federal,Federal,0,No,CENWP,No,Navigation,Navigation;Other;Recreation;Hydroelectric,US Army Corps of Engineers,OR00001,45.6442634410001,-121.9408572309999,Oregon,Multnomah,Bonneville,,Columbia River,"Oregon, Congressional District 03",,No,No,,No,No,No,Yes,US Army Corps of Engineers,US Army Corps of Engineers,US Army Corps of Engineers,US Army Corps of Engineers,US Army Corps of Engineers,US Army Corps of Engineers,US Army Corps of Engineers,US Army Corps of Engineers,,,Gravity,Gravity,Concrete,Rock,56,50,197,197,Greater than 100 feet,2477,1168000,1938,1930-1939,,537000,537000,277000,20600,240000,940000,Controlled,1450,2,675,85,,,,10/01/2026,05/31/2023,5,High,Not Available,,"Under Investigation, Planning, Permitting, or Design for Remediation",11/20/2025,Yes,08/25/2020,Yes,https://www.nwp.usace.army.mil/bonneville/,No
Red Rock Dam - Southeast Des Moines and Southwest Pleasant Hill Remedial Works,Lake Red Rock,,IA00013,S001,IA00013S001,USACE - Rock Island District,Federal,Federal,0,Yes,,No,Flood Risk Reduction,Flood Risk Reduction,US Army Corps of Engineers,IA00013S001,41.498901,-93.478203,Iowa,Warren,Harvey,,Des Moines River,"Iowa, Congressional District 01",,No,No,,No,No,No,Yes,US Army Corps of Engineers,US Army Corps of Engineers,US Army Corps of Engineers,US Army Corps of Engineers,US Army Corps of Engineers,US Army Corps of Engineers,US Army Corps of Engineers,US Army Corps of Engineers,No,N/A,Gravity,Gravity;Earth,Earth,,18,15,18,18,Less than 25 feet,7014,0,1968,1960-1969,,0,0,0,0,0,0,None,0,0,0,0,,,,01/08/2026,12/02/2021,5,High,Not Available,,"Under Investigation, Planning, Permitting, or Design for Remediation",11/20/2025,Yes,10/11/2019,Yes,https://www.usace.army.mil/Missions/Civil-Works/Dam-Safety-Program/Article/2870967/dam-safety-program/,No
Town Bluff Dam,B.A.Steinhagen Lake,"Dam ""B""",TX00015,,TX00015,USACE - Fort Worth District,Federal,Federal,0,No,CESWF,No,Other,Other;Fish and Wildlife Pond;Recreation;Hydroelectric;Water Supply,US Army Corps of Engineers,TX00015,30.799916448,-94.173083504,Texas,Jasper,Evadale,,Neches River,"Texas, Congressional District 36",,No,No,,No,No,No,Yes,US Army Corps of Engineers,US Army Corps of Engineers,US Army Corps of Engineers,US Army Corps of Engineers,US Army Corps of Engineers;Federal Energy Regulatory Commission,US Army Corps of Engineers,US Army Corps of Engineers,US Army Corps of Engineers,,,Earth,Earth,Earth,Soil,43,43,45,45,25-50 feet,6698,352800,1951,1950-1959,,218200,218200,67000,14700,7573,80000,Uncontrolled,6100,0,0,0,,,Other Controlled0,09/22/2026,06/11/2026,5,High,Not Available,,Normal Operations,11/20/2025,Yes,07/25/2023,Yes,https://www.swf-wc.usace.army.mil/townbluff/,No
Franklin Falls Dam,Dry Reservoir,,NH00003,,NH00003,USACE - New England District,Federal,Federal,0,No,CENAE,No,Flood Risk Reduction,Flood Risk Reduction,US Army Corps of Engineers,NH00003,43.4689478220001,-71.659306638,New Hampshire,Merrimack,Franklin,,Pemigewasset River,"New Hampshire, Congressional District 02",,Yes,Yes,Nh Des,Yes,Yes,Yes,Yes,US Army Corps of Engineers,US Army Corps of Engineers,US Army Corps of Engineers,US Army Corps of Engineers,US Army Corps of Engineers,US Army Corps of Engineers,US Army Corps of Engineers,US Army Corps of Engineers,,,Rockfill,Rockfill;Earth;Gravity,Earth,Rock;Soil,116,112,116,116,Greater than 100 feet,1740,3070000,1943,1940-1949,,222000,222000,3000,440,1000,205000,Uncontrolled,546,0,0,0,,,,01/08/2026,06/17/2024,5,High,Not Available,,Normal Operations,11/20/2025,Yes,09/01/2022,Yes,https://www.nae.usace.army.mil/Missions/Civil-Works/Flood-Risk-Management/New-Hampshire/Franklin-Falls/,No
Francis E. Walter Dam,Francis E. Walter Reservoir,,PA00008,,PA00008,USACE - Philadelphia District,Federal,Federal,1,No,CENAP,No,Flood Risk Reduction,Flood Risk Reduction;Recreation,US Army Corps of Engineers,PA00008,41.1122481530001,-75.721729798,Pennsylvania,Luzerne,White Haven,5,Lehigh River,"Pennsylvania, Congressional District 08",,No,No,,No,No,No,Yes,US Army Corps of Engineers,US Army Corps of Engineers,US Army Corps of Engineers,US Army Corps of Engineers,US Army Corps of Engineers,US Army Corps of Engineers,US Army Corps of Engineers,US Army Corps of Engineers,,,Earth,Earth,Earth,Rock,,233,239,239,Greater than 100 feet,3000,4275000,1961,1960-1969,,160290,160290,1793,80,288,128000,None,450,0,0,0,,,None0,09/08/2026,06/22/2022,5,High,Not Available,,Normal Operations,11/20/2025,Yes,06/01/2021,Yes,https://www.nap.usace.army.mil/Missions/Civil-Works/Francis-E-Walter-Dam/,No
Tygart Dam,Tygart Lake,,WV09101,,WV09101,USACE - Pittsburgh District,Federal,Federal,0,No,CELRP,No,Flood Risk Reduction,Flood Risk Reduction;Other;Navigation;Fish and Wildlife Pond;Recreation;Water Supply,US Army Corps of Engineers,WV09101,39.313233419,-80.033660431,West Virginia,Taylor,Grafton,,Tygart River,"West Virginia, Congressional District 02",,No,No,,No,No,No,Yes,US Army Corps of Engineers,US Army Corps of Engineers,US Army Corps of Engineers,US Army Corps of Engineers,US Army Corps of Engineers,US Army Corps of Engineers,US Army Corps of Engineers,US Army Corps of Engineers,,,Gravity,Gravity,Concrete,Rock,,234,234,234,Greater than 100 feet,1921,1380400,1938,1930-1939,,355000,355000,99900,1740,1184,316000,Uncontrolled,489,0,0,0,,,Slide (sluice gate)18;Valve2,09/29/2026,04/26/2023,5,High,Not Available,,Normal Operations,11/20/2025,Yes,05/05/2017,Yes,https://www.usace.army.mil/Missions/Civil-Works/Dam-Safety-Program/Article/2870967/dam-safety-program/,No
Beach City Dam - Brewster Levee,,,OH00005,S003,OH00005S003,USACE - Huntington District,Federal,Federal,0,Yes,,No,Flood Risk Reduction,Flood Risk Reduction,US Army Corps of Engineers,OH00005S003,40.7022933750001,-81.595133293,Ohio,Stark,Brewster,,Sugar Creek,"Ohio, Congressional District 06",,No,No,,No,No,No,Yes,US Army Corps of Engineers,US Army Corps of Engineers,US Army Corps of Engineers,US Army Corps of Engineers,US Army Corps of Engineers,US Army Corps of Engineers,US Army Corps of Engineers,US Army Corps of Engineers,,,Earth,Earth,,,24,,,24,Less than 25 feet,10496,,1976,1970-1979,,0,,0,,,,,,,,,,,,08/26/2026,08/18/2023,5,High,Not Available,,"Under Investigation, Planning, Permitting, or Design for Remediation",03/12/2020,Yes,08/24/2020,Yes,https://www.lrh.usace.army.mil/Missions/Civil-Works/Dam-Safety-Program/,No
Surry Mountain Dam,Surry Mountain Lake,,NH00007,,NH00007,USACE - New England District,Federal,Federal,0,No,CENAE,No,Flood Risk Reduction,Flood Risk Reduction;Recreation,US Army Corps of Engineers,NH00007,42.9977804660001,-72.309261098,New Hampshire,Cheshire,Surry,,Ashuelot River,"New Hampshire, Congressional District 02",,Yes,Yes,Nh Des,Yes,Yes,Yes,Yes,US Army Corps of Engineers,US Army Corps of Engineers,US Army Corps of Engineers,US Army Corps of Engineers,US Army Corps of Engineers,US Army Corps of Engineers,US Army Corps of Engineers,US Army Corps of Engineers,,,Rockfill,Rockfill;Earth;Gravity,Earth,Rock;Soil,83,77,83,83,51-100 feet,1800,1118000,1941,1940-1949,,44000,44000,1320,260,100,50000,Uncontrolled,338,0,0,0,,,,04/21/2026,06/01/2023,5,High,Not Available,,"Under Investigation, Planning, Permitting, or Design for Remediation",11/20/2025,Yes,03/30/2021,Yes,https://www.nae.usace.army.mil/Missions/Civil-Works/Flood-Risk-Management/New-Hampshire/Surry/,No
Enid Dam,Enid Lake,,MS01495,,MS01495,USACE - Vicksburg District,Federal,Federal,0,No,CEMVK,No,Flood Risk Reduction,Flood Risk Reduction;Recreation,US Army Corps of Engineers,MS01495,34.1499540190001,-89.905811962,Mississippi,Yalobusha,Crowder,14,Yocona River,"Mississippi, Congressional District 02",,Yes,Yes,Ms Department of Environmental Quality,Yes,Yes,Yes,Yes,US Army Corps of Engineers,US Army Corps of Engineers,US Army Corps of Engineers,US Army Corps of Engineers,US Army Corps of Engineers,US Army Corps of Engineers,US Army Corps of Engineers,US Army Corps of Engineers,,,Earth,Earth,Earth,Soil,85,85,110,110,Greater than 100 feet,8400,5873000,1952,1950-1959,,1213500,1213500,57600,6100,560,49700,Uncontrolled,200,0,0,0,,,Roller0;Vertical Lift0,09/29/2026,05/30/2023,5,High,Not Available,,Normal Operations,11/20/2025,Yes,07/30/1987,Yes,https://www.usace.army.mil/Missions/Civil-Works/Dam-Safety-Program/Article/2870967/dam-safety-program/,No
Summersville Dam,Summersville Lake,,WV06702,,WV06702,USACE - Huntington District,Federal,Federal,2,No,CELRH,No,Flood Risk Reduction,Flood Risk Reduction;Other;Fish and Wildlife Pond;Recreation;Hydroelectric,US Army Corps of Engineers,WV06702,38.2223566370001,-80.890672039,West Virginia,Nicholas,Swiss,24,Gauley River,"West Virginia, Congressional District 01",,No,No,,No,No,No,Yes,US Army Corps of Engineers,US Army Corps of Engineers,US Army Corps of Engineers,US Army Corps of Engineers,US Army Corps of Engineers,US Army Corps of Engineers,US Army Corps of Engineers,US Army Corps of Engineers,,,Earth,Earth,Earth,Rock,,327,390,390,Greater than 100 feet,2280,13565000,1965,1960-1969,,413400,413400,191540,2790,803,412000,Uncontrolled,1250,0,0,0,,,Valve8,10/01/2026,08/25/2022,5,High,Not Available,,"Under Investigation, Planning, Permitting, or Design for Remediation",11/20/2025,Yes,07/06/2020,Yes,https://www.lrh.usace.army.mil/Missions/Civil-Works/Dam-Safety-Program/,No
Michael J. Kirwan Dam,Michael J Kirwan Reservoir,,OH00030,,OH00030,USACE - Pittsburgh District,Federal,Federal,0,No,CELRP,No,Flood Risk Reduction,Flood Risk Reduction;Other,US Army Corps of Engineers,OH00030,41.1565397250001,-81.079312006,Ohio,Portage,Wayland,,West Branch of The Mahoning,"Ohio, Congressional District 14",,No,No,,No,No,No,Yes,US Army Corps of Engineers,US Army Corps of Engineers,US Army Corps of Engineers,US Army Corps of Engineers,US Army Corps of Engineers,US Army Corps of Engineers,US Army Corps of Engineers,US Army Corps of Engineers,,,Earth,Earth,Earth,Soil,,77,83,83,51-100 feet,9900,3432192,1966,1960-1969,,124000,124000,56700,2650,81,38500,Uncontrolled,300,0,0,0,,,Vertical Lift6,09/16/2026,05/04/2021,5,High,Not Available,,"Under Investigation, Planning, Permitting, or Design for Remediation",11/20/2025,Yes,,Yes,https://www.usace.army.mil/Missions/Civil-Works/Dam-Safety-Program/Article/2870967/dam-safety-program/,No
Dorena Dam,Dorena Lake,,OR00008,,OR00008,USACE - Portland District,Federal,Federal,0,No,CENWP,No,Flood Risk Reduction,Flood Risk Reduction;Other;Irrigation;Navigation;Recreation;Hydroelectric,US Army Corps of Engineers,OR00008,43.7836936640001,-122.954296314,Oregon,Lane,Cottage Grove,,Row River,"Oregon, Congressional District 04",,No,No,,No,No,No,Yes,US Army Corps of Engineers,US Army Corps of Engineers,US Army Corps of Engineers,US Army Corps of Engineers,US Army Corps of Engineers,US Army Corps of Engineers,US Army Corps of Engineers,US Army Corps of Engineers,,,Earth,Earth,Earth,Rock;Soil,135,129,154,154,Greater than 100 feet,3302,3025000,1949,1940-1949,,131000,131000,77500,1884,265,97500,Uncontrolled,200,0,0,0,,,,10/05/2026,05/25/2022,5,High,Not Available,,Normal Operations,11/20/2025,Yes,08/25/2020,Yes,https://www.nwp.usace.army.mil/Locations/Willamette-Valley/Dorena/,No
Cooper Dam,Jim Chapman Lake,,TX08012,,TX08012,USACE - Fort Worth District,Federal,Federal,0,No,CESWF,No,Flood Risk Reduction,Flood Risk Reduction;Fish and Wildlife Pond;Recreation;Water Supply,US Army Corps of Engineers,TX08012,33.3318770430001,-95.627898348,Texas,Delta,Talco,,Sulphur River,"Texas, Congressional District 04",,No,No,,No,No,No,Yes,US Army Corps of Engineers,US Army Corps of Engineers,US Army Corps of Engineers,US Army Corps of Engineers,US Army Corps of Engineers,US Army Corps of Engineers,US Army Corps of Engineers,US Army Corps of Engineers,,,Earth,Earth,Earth,Rock;Soil,79,74,95,95,51-100 feet,28072,9500000,1991,1990-1999,,797300,797300,310800,19280,476,134700,Uncontrolled,700,0,0,0,,,Uncontrolled0,09/11/2026,03/20/2024,5,High,Not Available,,Normal Operations,11/22/2025,Yes,09/22/2020,Yes,https://www.swf-wc.usace.army.mil/cooper/,No
Charles Mill Dam - Pavonia Levee,,,OH00020,S003,OH00020S003,USACE - Huntington District,Federal,Federal,0,Yes,,No,Flood Risk Reduction,Flood Risk Reduction,US Army Corps of Engineers,OH00020S003,40.8202157530001,-82.419968185,Ohio,Richland,Mifflin,5,Black Fork of Mohican River,"Ohio, Congressional District 04",,No,No,,No,No,No,Yes,US Army Corps of Engineers,US Army Corps of Engineers,US Army Corps of Engineers,US Army Corps of Engineers,US Army Corps of Engineers,US Army Corps of Engineers,US Army Corps of Engineers,US Army Corps of Engineers,,,Earth,Earth,,,23,,,23,Less than 25 feet,980,,1936,1930-1939,,95400,95400,0,0,,,,,,,,,,,07/31/2026,07/29/2022,5,High,Not Available,,Normal Operations,11/20/2025,Yes,12/14/2020,Yes,https://www.lrh.usace.army.mil/Missions/Civil-Works/Dam-Safety-Program/,No
Blue Marsh Dam - Dikes A and B,,,PA00922,S002,PA00921S002,USACE - Philadelphia District,Federal,Federal,,Yes,CENAP,No,Flood Risk Reduction,Flood Risk Reduction;Recreation;Water Supply,US Army Corps of Engineers,PA00921S002,40.3856000000001,-76.03,Pennsylvania,Berks,Reading,,Plum Creek,"Pennsylvania, Congressional District 04",,No,No,,No,No,No,Yes,US Army Corps of Engineers,US Army Corps of Engineers,US Army Corps of Engineers,US Army Corps of Engineers,US Army Corps of Engineers,US Army Corps of Engineers,US Army Corps of Engineers,,,,,,Earth,Rock,25,25,25,25,25-50 feet,600,,1977,1970-1979,,129900,129900,22897,1147,175,,None,,0,,,,,None0,09/08/2026,05/02/2019,5,High,Not Available,,Normal Operations,11/20/2025,Yes,06/01/2021,Yes,https://www.nap.usace.army.mil/missions/civil-works/blue-marsh-lake/,No
Mohicanville Dam - Dike 1,,,OH00019,S001,OH00019S001,USACE - Huntington District,Federal,Federal,0,Yes,,No,Flood Risk Reduction,Flood Risk Reduction,US Army Corps of Engineers,OH00019S001,40.7037300000001,-82.08947,Ohio,Wayne,Mohicanville,6,Lake Fork of Mohican River,"Ohio, Congressional District 07",,No,No,,No,No,No,Yes,US Army Corps of Engineers,US Army Corps of Engineers,US Army Corps of Engineers,US Army Corps of Engineers,US Army Corps of Engineers,US Army Corps of Engineers,US Army Corps of Engineers,US Army Corps of Engineers,,,Earth,Earth,,,11,,,11,Less than 25 feet,850,,1984,1980-1989,,0,0,0,0,,,,,,,,,,,07/31/2026,07/15/2022,5,High,Not Available,,Normal Operations,11/20/2025,Yes,07/22/2025,Yes,https://www.lrh.usace.army.mil/Missions/Civil-Works/Dam-Safety-Program/,No
Blackwater Dam,Dry Reservoir,Dodge Estate Dike,NH00001,,NH00001,USACE - New England District,Federal,Federal,2,No,CENAE,No,Flood Risk Reduction,Flood Risk Reduction,US Army Corps of Engineers,NH00001,43.316114607,-71.722189214,New Hampshire,Merrimack,Webster,,Blackwater River,"New Hampshire, Congressional District 02",,Yes,Yes,Nh Des,Yes,Yes,Yes,Yes,US Army Corps of Engineers,US Army Corps of Engineers,US Army Corps of Engineers,US Army Corps of Engineers,US Army Corps of Engineers,US Army Corps of Engineers,US Army Corps of Engineers,US Army Corps of Engineers,,,Gravity,Gravity;Earth,Earth,Rock,75,64,69,75,51-100 feet,1150,299000,1941,1940-1949,,93400,93400,0,1,128,42800,Uncontrolled,241,0,0,0,,,,12/04/2025,10/25/2022,5,High,Not Available,,Normal Operations,11/20/2025,Yes,06/02/2021,Yes,https://www.nae.usace.army.mil/Missions/Civil-Works/Flood-Risk-Management/New-Hampshire/Blackwater/,No
Mohicanville Dam - Dike 2,,,OH00019,S002,OH00019S002,USACE - Huntington District,Federal,Federal,0,Yes,,No,Flood Risk Reduction,Flood Risk Reduction,US Army Corps of Engineers,OH00019S002,40.69577,-82.0686,Ohio,Wayne,Mohicanville,7,Lake Fork of Mohican River,"Ohio, Congressional District 07",,No,No,,No,No,No,Yes,US Army Corps of Engineers,US Army Corps of Engineers,US Army Corps of Engineers,US Army Corps of Engineers,US Army Corps of Engineers,US Army Corps of Engineers,US Army Corps of Engineers,US Army Corps of Engineers,,,Earth,Earth,,,25,,,25,25-50 feet,2177,,1984,1980-1989,,67000,67000,0,0,,,,,,,,,,,07/31/2026,07/15/2022,5,High,Not Available,,Normal Operations,11/20/2025,Yes,07/22/2025,Yes,https://www.lrh.usace.army.mil/Missions/Civil-Works/Dam-Safety-Program/,No
Little Chute Locks and Dam,Fox River,,WI00779,,WI00779,USACE - Chicago District;Wisconsin DNR,Federal;State,Federal,0,No,CELRE,No,Flood Risk Reduction,Flood Risk Reduction;Navigation;Recreation;Hydroelectric,US Army Corps of Engineers,WI00779,44.275274295,-88.318465148,Wisconsin,Outagamie,Little Chute,,Fox,"Wisconsin, Congressional District 08",,Yes,Yes,,Yes,Yes,Yes,Yes,US Army Corps of Engineers,US Army Corps of Engineers,US Army Corps of Engineers,US Army Corps of Engineers,US Army Corps of Engineers;Federal Energy Regulatory Commission,US Army Corps of Engineers;Federal Energy Regulatory Commission,US Army Corps of Engineers,US Army Corps of Engineers,,,Concrete,Concrete;Gravity,Concrete,Rock,,12,20,20,Less than 25 feet,840,0,1932,1930-1939,,650,650,400,155,6108,25700,Controlled,500,2,144,36,,,Tainter (radial)0,09/24/2026,07/07/2026,5,Significant,Not Available,,Normal Operations,11/20/2025,Yes,08/17/2021,N/A,https://www.usace.army.mil/Missions/Civil-Works/Dam-Safety-Program/Article/2870967/dam-safety-program/,No
Mohicanville Dam,None-Dry Dam,,OH00019,,OH00019,USACE - Huntington District,Federal,Federal,2,No,CELRH,No,Flood Risk Reduction,Flood Risk Reduction,US Army Corps of Engineers,OH00019,40.7256983520001,-82.153886252,Ohio,Ashland,Mohicanville,20,Lake Fork of Mohican River,"Ohio, Congressional District 04",,No,No,,No,No,No,Yes,US Army Corps of Engineers,US Army Corps of Engineers,US Army Corps of Engineers,US Army Corps of Engineers,US Army Corps of Engineers,US Army Corps of Engineers,US Army Corps of Engineers,US Army Corps of Engineers,,,Earth,Earth,Earth,Soil,,36,46,46,25-50 feet,1220,310946,1937,1930-1939,,102000,102000,0,0,271,20500,Uncontrolled,90,0,0,0,,,Slide (sluice gate)3,10/01/2026,07/15/2022,5,High,Not Available,,Normal Operations,11/20/2025,Yes,07/22/2025,Yes,https://www.lrh.usace.army.mil/Missions/Civil-Works/Dam-Safety-Program/,No
Conemaugh Dam,Conemaugh River Lake,,PA00101,,PA00101,USACE - Pittsburgh District,Federal,Federal,0,No,CELRP,No,Flood Risk Reduction,Flood Risk Reduction;Other;Recreation;Hydroelectric,US Army Corps of Engineers,PA00101,40.4681111100001,-79.366266616,Pennsylvania,Westmoreland,Saltsburg,,Conemaugh River,"Pennsylvania, Congressional District 14",,No,No,,No,No,No,Yes,US Army Corps of Engineers,US Army Corps of Engineers,US Army Corps of Engineers,US Army Corps of Engineers,US Army Corps of Engineers,US Army Corps of Engineers,US Army Corps of Engineers,US Army Corps of Engineers,,,Gravity,Gravity;Earth,Concrete,Rock,,136,144,144,Greater than 100 feet,1266,352000,1952,1950-1959,,355000,355000,5140,800,1351,354000,Controlled,420,0,0,0,,,Tainter (radial)26;Vertical Lift14,09/16/2026,07/30/2025,5,High,Not Available,,"Under Investigation, Planning, Permitting, or Design for Remediation",11/20/2025,Yes,,Yes,https://www.usace.army.mil/Missions/Civil-Works/Dam-Safety-Program/Article/2870967/dam-safety-program/,No
West Thompson Dam,West Thompson Lake,,CT00502,,CT00502,USACE - New England District,Federal,Federal,1,No,,No,Flood Risk Reduction,Flood Risk Reduction;Recreation,US Army Corps of Engineers,CT00502,41.945915417,-71.89861616,Connecticut,Windham,Putnam,,Quinebaug River,"Connecticut, Congressional District 02",,No,No,,No,No,No,Yes,US Army Corps of Engineers,US Army Corps of Engineers,US Army Corps of Engineers,US Army Corps of Engineers,US Army Corps of Engineers,US Army Corps of Engineers,US Army Corps of Engineers,,,,Gravity,Gravity;Earth,,,70,65,70,70,51-100 feet,2550,1184900,1965,1960-1969,,47800,47800,1200,200,174,63000,Uncontrolled,320,0,0,0,,,,05/19/2026,05/05/2021,5,High,Not Available,,Normal Operations,11/20/2025,Yes,04/16/2020,Yes,https://www.nae.usace.army.mil/Missions/Civil-Works/Flood-Risk-Management/Connecticut/West-Thompson/,No
Wright Patman Dam,,Lake Texarkana Dam,TX00021,,TX00021,USACE - Fort Worth District,Federal,Federal,0,No,CESWF,No,Flood Risk Reduction,Flood Risk Reduction;Fish and Wildlife Pond;Recreation;Water Supply,US Army Corps of Engineers,TX00021,33.3127917580001,-94.16142485,Texas,Bowie,Texarkana,,Sulphur River,"Texas, Congressional District 01",,No,No,,No,No,No,Yes,US Army Corps of Engineers,US Army Corps of Engineers,US Army Corps of Engineers,US Army Corps of Engineers,US Army Corps of Engineers,US Army Corps of Engineers,US Army Corps of Engineers,US Army Corps of Engineers,,,Earth,Earth,Earth,Soil,106,101,106,106,Greater than 100 feet,18640,7370000,1954,1950-1959,,6505000,6505000,145300,20300,3443,81000,Uncontrolled,200,0,0,0,0,0,Uncontrolled0,09/29/2026,02/24/2022,5,High,Not Available,,Normal Operations,11/20/2025,Yes,04/26/2024,Yes,https://www.swf-wc.usace.army.mil/wrightpatman/,No
Charles Mill Dam - Dike 1,,,OH00020,S004,OH00020S004,USACE - Huntington District,Federal,Federal,,Yes,,No,Flood Risk Reduction,Flood Risk Reduction,US Army Corps of Engineers,OH00020S004,40.7404800000001,-82.36787,Ohio,Ashland,Mifflin,,Black Fork of Mohican River,"Ohio, Congressional District 04",,No,No,,No,No,No,Yes,US Army Corps of Engineers,US Army Corps of Engineers,US Army Corps of Engineers,US Army Corps of Engineers,US Army Corps of Engineers,US Army Corps of Engineers,US Army Corps of Engineers,US Army Corps of Engineers,,,Earth,Earth,,,,26,40,40,25-50 feet,1358,,1936,1930-1939,,85000,85000,2400,,,,,,,,,,,,10/01/2026,07/29/2022,5,High,Not Available,,Normal Operations,11/20/2025,Yes,12/14/2020,Yes,https://www.lrh.usace.army.mil/Missions/Civil-Works/Dam-Safety-Program/,No
Two Rivers Diamond A Dam,Two Rivers Reservoir,Two Rivers Dam (Diamond A & Rocky),NM00004,,NM00004,USACE - Albuquerque District,Federal,Federal,1,No,CESPA,No,Flood Risk Reduction,Flood Risk Reduction;Other,US Army Corps of Engineers,NM00004,33.298935129,-104.724607213,New Mexico,Chaves,Roswell,14,Rio Hondo & Rocky Arroyo,"New Mexico, Congressional District 03",,No,No,,No,No,No,Yes,US Army Corps of Engineers,US Army Corps of Engineers,US Army Corps of Engineers,US Army Corps of Engineers,US Army Corps of Engineers,US Army Corps of Engineers,US Army Corps of Engineers,US Army Corps of Engineers,,,Earth,Earth,Earth,Soil,98,113,118,118,Greater than 100 feet,5920,0,1963,1960-1969,,264400,264400,168000,1,1027,233500,Uncontrolled,1850,0,0,0,,,Vertical Lift0,06/18/2026,03/11/2026,5,High,Not Available,,"Under Investigation, Planning, Permitting, or Design for Remediation",11/20/2025,Yes,08/27/2024,Yes,https://www.spa.usace.army.mil/Missions/Civil-Works/Recreation/Two-Rivers-Dam/,No
Hopkinton Dam,Hopkinton Lake,,NH00004,,NH00004,USACE - New England District,Federal,Federal,0,No,CENAE,No,Flood Risk Reduction,Flood Risk Reduction;Recreation,US Army Corps of Engineers,NH00004,43.1886318410001,-71.747641358,New Hampshire,Merrimack,West Hopkinton,,Contoocook River,"New Hampshire, Congressional District 02",,Yes,Yes,Nh Des,Yes,Yes,Yes,Yes,US Army Corps of Engineers,US Army Corps of Engineers,US Army Corps of Engineers,US Army Corps of Engineers,US Army Corps of Engineers,US Army Corps of Engineers,US Army Corps of Engineers,US Army Corps of Engineers,,,Rockfill,Rockfill;Earth,Earth,Soil,71,64,71,71,51-100 feet,790,1919000,1962,1960-1969,,128000,128000,700,220,382,59700,Uncontrolled,300,0,0,0,,,,04/20/2026,11/01/2021,5,High,Not Available,,Normal Operations,11/20/2025,Yes,11/12/2020,Yes,https://www.nae.usace.army.mil/Missions/Civil-Works/Flood-Risk-Management/New-Hampshire/Hop-Ev/,No
Charles Mill Dam - Dike 2,,,OH00020,S005,OH00020S005,USACE - Huntington District,Federal,Federal,,Yes,,No,Flood Risk Reduction,Flood Risk Reduction,US Army Corps of Engineers,OH00020S005,40.742397,-82.375057,Ohio,Ashland,Mifflin,,Black Fork of Mohican River,"Ohio, Congressional District 04",,No,No,,No,No,No,Yes,US Army Corps of Engineers,US Army Corps of Engineers,US Army Corps of Engineers,US Army Corps of Engineers,US Army Corps of Engineers,US Army Corps of Engineers,US Army Corps of Engineers,US Army Corps of Engineers,,,Earth,Earth,,,,8,22,22,Less than 25 feet,325,,1936,1930-1939,,43000,43000,0,,,,None,,,,,,,,10/01/2026,07/29/2022,5,High,Not Available,,Normal Operations,11/20/2025,Yes,12/14/2009,Yes,https://www.lrh.usace.army.mil/Missions/Civil-Works/Dam-Safety-Program/,No
Sam Rayburn Dam,,Mcgee Bend Reservoir,TX00011,,TX00011,USACE - Fort Worth District,Federal,Federal,0,No,CESWF,No,Flood Risk Reduction,Flood Risk Reduction;Fish and Wildlife Pond;Recreation;Hydroelectric;Water Supply,US Army Corps of Engineers,TX00011,31.064456152,-94.092529637,Texas,Jasper,Evadale,,Angelina River,"Texas, Congressional District 36",,No,No,,No,No,No,Yes,US Army Corps of Engineers,US Army Corps of Engineers,US Army Corps of Engineers,US Army Corps of Engineers,US Army Corps of Engineers;Federal Energy Regulatory Commission,US Army Corps of Engineers,US Army Corps of Engineers,US Army Corps of Engineers,,,Earth,Earth,Earth,Rock;Soil,120,113,130,130,Greater than 100 feet,12400,6000000,1965,1960-1969,,6520000,6520000,2898200,114500,3449,227700,Uncontrolled,680,0,0,0,,,Uncontrolled0,10/01/2026,02/20/2026,5,High,Not Available,,"Under Investigation, Planning, Permitting, or Design for Remediation",11/20/2025,Yes,09/23/2020,Yes,https://www.swf-wc.usace.army.mil/samray/,No
Kinzua Dam,Allegheny Reservoir,,PA00105,,PA00105,USACE - Pittsburgh District,Federal,Federal,0,No,CELRP,No,Flood Risk Reduction,Flood Risk Reduction;Other;Fish and Wildlife Pond;Recreation;Hydroelectric,US Army Corps of Engineers,PA00105,41.839319312,-79.002990546,Pennsylvania,Warren,Warren,5,Allegheny River,"Pennsylvania, Congressional District 15",,No,No,,No,No,No,Yes,US Army Corps of Engineers,US Army Corps of Engineers,US Army Corps of Engineers,US Army Corps of Engineers,US Army Corps of Engineers,US Army Corps of Engineers,US Army Corps of Engineers,US Army Corps of Engineers,,,Rockfill,Rockfill;Earth;Gravity,Concrete,Rock;Soil,,172,177,177,Greater than 100 feet,1916,3138000,1965,1960-1969,,1300000,1300000,573000,12080,2180,144000,Controlled,180,0,0,0,,,Slide (sluice gate)14;Tainter (radial)4,09/30/2026,06/15/2023,5,High,Not Available,,"Under Investigation, Planning, Permitting, or Design for Remediation",11/20/2025,Yes,05/05/2017,Yes,https://www.usace.army.mil/Missions/Civil-Works/Dam-Safety-Program/Article/2870967/dam-safety-program/,No
Gathright Dam,Lake Moomaw,,VA005001,,VA005001,USACE - Norfolk District,Federal,Federal,0,No,CENAO,No,Flood Risk Reduction,Flood Risk Reduction;Other;Fish and Wildlife Pond;Recreation,US Army Corps of Engineers,VA005001,37.9510815740001,-79.956819557,Virginia,Alleghany,Covington,19,Jackson River,"Virginia, Congressional District 06",,No,No,,No,No,No,Yes,US Army Corps of Engineers,US Army Corps of Engineers,US Army Corps of Engineers,US Army Corps of Engineers,US Army Corps of Engineers,US Army Corps of Engineers,US Army Corps of Engineers,US Army Corps of Engineers,,,Rockfill,Rockfill;Earth,Earth,Rock,257,228,257,257,Greater than 100 feet,1208,2103200,1978,1970-1979,,421500,421500,123700,2530,345,6100,Uncontrolled,100,0,0,0,,,Slide (sluice gate)0,05/26/2026,04/15/2024,5,High,Not Available,,"Under Investigation, Planning, Permitting, or Design for Remediation",11/20/2025,Yes,06/02/2025,Yes,https://www.nao.usace.army.mil/About/Projects/Gathright-Moomaw/,No
Grenada Dam,Grenada Lake,,MS01494,,MS01494,USACE - Vicksburg District,Federal,Federal,1,No,CEMVK,No,Flood Risk Reduction,Flood Risk Reduction;Recreation,US Army Corps of Engineers,MS01494,33.821629419,-89.7723936899999,Mississippi,Grenada,Grenada,2,Yalobusha River,"Mississippi, Congressional District 02",,Yes,Yes,Ms Department of Environmental Quality,Yes,Yes,Yes,Yes,US Army Corps of Engineers,US Army Corps of Engineers,US Army Corps of Engineers,US Army Corps of Engineers,US Army Corps of Engineers,US Army Corps of Engineers,US Army Corps of Engineers,US Army Corps of Engineers,,,Earth,Earth,Earth,Soil,80,97,103,103,Greater than 100 feet,13900,9600000,1954,1950-1959,,2722100,2722100,85700,9800,1320,52000,Uncontrolled,200,0,0,0,,,Roller0;Vertical Lift0,09/29/2026,08/12/2025,5,High,Not Available,,Normal Operations,11/20/2025,Yes,08/08/2021,Yes,https://www.usace.army.mil/Missions/Civil-Works/Dam-Safety-Program/Article/2870967/dam-safety-program/,No
Saylorville Dam,Saylorville Lake,,IA00017,,IA00017,USACE - Rock Island District,Federal,Federal,0,No,CEMVR,No,Flood Risk Reduction,Flood Risk Reduction;Recreation;Water Supply,US Army Corps of Engineers,IA00017,41.703602,-93.681099,Iowa,Polk,Des Moines,,Des Moines River,"Iowa, Congressional District 03",,No,No,,No,No,No,Yes,US Army Corps of Engineers,US Army Corps of Engineers,US Army Corps of Engineers,US Army Corps of Engineers,US Army Corps of Engineers,US Army Corps of Engineers,US Army Corps of Engineers,US Army Corps of Engineers,,,Gravity,Gravity;Earth,Earth,Rock;Soil,119,120,125,125,Greater than 100 feet,6658,8400000,1975,1970-1979,,641000,641000,74000,5520,5823,213700,Controlled,430,0,0,0,,,Uncontrolled0;Vertical Lift3,08/07/2026,12/06/2022,1,High,Not Available,,Normal Operations,11/20/2025,Yes,01/21/2025,Yes,https://www.usace.army.mil/Missions/Civil-Works/Dam-Safety-Program/Article/2870967/dam-safety-program/,No
Upper Appleton Locks and Dam,Little Lake Butte Des Morts,,WI00851,,WI00851,USACE - Chicago District;Wisconsin DNR,Federal;State,Federal,0,No,CELRE,No,Flood Risk Reduction,Flood Risk Reduction;Navigation;Recreation;Hydroelectric;Water Supply,US Army Corps of Engineers,WI00851,44.2533300000001,-88.411667,Wisconsin,Outagamie,Appleton,,Fox,"Wisconsin, Congressional District 08",,Yes,Yes,,Yes,Yes,Yes,Yes,US Army Corps of Engineers,US Army Corps of Engineers,US Army Corps of Engineers,US Army Corps of Engineers,US Army Corps of Engineers,US Army Corps of Engineers,US Army Corps of Engineers,US Army Corps of Engineers,,,Concrete,Concrete;Gravity,Concrete,Rock,,14,18,18,Less than 25 feet,691,0,1940,1940-1949,,14300,14300,7400,582,6070,27000,Controlled,622,4,145,35,,,,09/24/2026,08/05/2024,5,Significant,Not Available,,Normal Operations,11/20/2025,Yes,04/02/2018,N/A,https://www.usace.army.mil/Missions/Civil-Works/Dam-Safety-Program/Article/2870967/dam-safety-program/,No
Whittier Narrows Dam,Whittier Narrows Reservoir,,CA10027,,CA10027,USACE - Los Angeles District,Federal,Federal,0,No,CESPL,No,Flood Risk Reduction,Flood Risk Reduction;Recreation;Water Supply,US Army Corps of Engineers,CA10027,34.0208974300001,-118.054965372,California,Los Angeles,Whittier,,San Gabriel River,"California, Congressional District 38",,No,No,,No,No,No,Yes,US Army Corps of Engineers,US Army Corps of Engineers,US Army Corps of Engineers,US Army Corps of Engineers,US Army Corps of Engineers,US Army Corps of Engineers,US Army Corps of Engineers,US Army Corps of Engineers,,,Earth,Earth,,,56,56,,56,51-100 feet,16960,0,1957,1950-1959,,66702,66702,0,1,554,307900,Controlled,450,0,0,0,,,,10/02/2026,07/07/2022,5,High,Not Available,,Under Remediation,11/20/2025,Yes,04/22/2025,Yes,https://www.spl.usace.army.mil/Missions/Asset-Management/Whittier-Narrows-Dam/,No
Cold Brook Dam,Cold Brook Lake,,SD01097,,SD01097,USACE - Omaha District,Federal,Federal,0,No,CENWO,No,Flood Risk Reduction,Flood Risk Reduction,US Army Corps of Engineers,SD01097,43.4534173490001,-103.489090426,South Dakota,Fall River,Hot Springs,1,Cold Brook,"South Dakota, Congressional District 00",,No,No,,No,No,No,Yes,US Army Corps of Engineers,US Army Corps of Engineers,US Army Corps of Engineers,US Army Corps of Engineers,US Army Corps of Engineers,US Army Corps of Engineers,US Army Corps of Engineers,US Army Corps of Engineers,,,Earth,Earth,Earth,Rock;Soil,,122,130,130,Greater than 100 feet,925,1072000,1953,1950-1959,,7200,7200,520,36,71,80600,Uncontrolled,200,0,0,0,,,Uncontrolled0,04/20/2026,07/16/2025,5,High,Not Available,,"Under Investigation, Planning, Permitting, or Design for Remediation",11/20/2025,Yes,09/01/2020,Yes,https://www.usace.army.mil/Missions/Civil-Works/Dam-Safety-Program/Article/2870967/dam-safety-program/,No
Grayson Dam,Grayson Lake,,KY03030,,KY03030,USACE - Huntington District,Federal,Federal,0,No,CELRH,No,Flood Risk Reduction,Flood Risk Reduction;Other;Fish and Wildlife Pond;Recreation,US Army Corps of Engineers,KY03030,38.253474775,-82.9845322049999,Kentucky,Carter,Grayson,6,Little Sandy River,"Kentucky, Congressional District 05",,No,No,,No,No,No,Yes,US Army Corps of Engineers,US Army Corps of Engineers,US Army Corps of Engineers,US Army Corps of Engineers,US Army Corps of Engineers,US Army Corps of Engineers,US Army Corps of Engineers,US Army Corps of Engineers,,,Earth,Earth,Earth,Rock,,89,120,120,Greater than 100 feet,1460,1180000,1968,1960-1969,,118990,118990,29390,1510,196,74600,Uncontrolled,210,0,0,0,,,Slide (sluice gate)3;Valve1,10/01/2026,10/21/2022,5,High,Not Available,,Normal Operations,11/20/2025,Yes,07/30/2026,Yes,https://www.lrh.usace.army.mil/Missions/Civil-Works/Dam-Safety-Program/,No
Hartwell Dam,Hartwell Lake,,GA01702,,GA01702,USACE - Savannah District,Federal,Federal,2,No,CESAS,No,Hydroelectric,Hydroelectric;Other;Fish and Wildlife Pond;Recreation;Water Supply;Flood Risk Reduction,US Army Corps of Engineers,GA01702,34.3577582770001,-82.821427926,Georgia,Hart,Hartwell,8,Savannah River,"Georgia, Congressional District 10",,No,No,,No,No,No,Yes,US Army Corps of Engineers,US Army Corps of Engineers,US Army Corps of Engineers,US Army Corps of Engineers,US Army Corps of Engineers,US Army Corps of Engineers,US Army Corps of Engineers,US Army Corps of Engineers,,,Concrete,Concrete;Earth;Gravity,Concrete,,155,199,204,204,Greater than 100 feet,17852,5518900,1962,1960-1969,,3438700,3438700,2550000,55950,2088,565000,Controlled,568,0,0,0,,,Tainter (radial)0,10/01/2026,05/07/2026,5,High,Not Available,,Normal Operations,11/20/2025,Yes,07/14/2022,Yes,https://www.sas.usace.army.mil/About/Divisions-and-Offices/Operations-Division/Hartwell-Dam-and-Lake/,No
Depere Lock and Dam,Fox River,,WI00867,,WI00867,USACE - Chicago District;Wisconsin DNR,Federal;State,Federal,0,No,CELRE,No,Flood Risk Reduction,Flood Risk Reduction;Navigation;Fish and Wildlife Pond;Recreation;Hydroelectric,US Army Corps of Engineers,WI00867,44.448315043,-88.063803156,Wisconsin,Brown,Depere,,Fox,"Wisconsin, Congressional District 08",,Yes,Yes,,Yes,Yes,Yes,Yes,US Army Corps of Engineers,US Army Corps of Engineers,US Army Corps of Engineers,US Army Corps of Engineers,US Army Corps of Engineers;Federal Energy Regulatory Commission,US Army Corps of Engineers;Federal Energy Regulatory Commission,US Army Corps of Engineers,US Army Corps of Engineers,,,Concrete,Concrete;Gravity,Concrete,Rock,,8,17,17,Less than 25 feet,1700,0,1929,1920-1929,,10790,10790,9400,536,6430,22500,Controlled,1210,1,146,36,,,,09/24/2026,08/05/2025,5,Significant,Not Available,,Normal Operations,11/20/2025,Yes,08/17/2021,N/A,https://www.usace.army.mil/Missions/Civil-Works/Dam-Safety-Program/Article/2870967/dam-safety-program/,No
Abiquiu Dam,Abiquiu Lake,Abiquiu Reservoir,NM00001,,NM00001,USACE - Albuquerque District,Federal,Federal,0,No,CESPA,No,Flood Risk Reduction,Flood Risk Reduction;Other;Recreation;Water Supply,US Army Corps of Engineers,NM00001,36.2379151930001,-106.4266263279999,New Mexico,Rio Arriba,ABIQUIU,8,RIO CHAMA,"New Mexico, Congressional District 03",,No,No,,No,No,No,Yes,US Army Corps of Engineers,US Army Corps of Engineers,US Army Corps of Engineers,US Army Corps of Engineers,US Army Corps of Engineers,US Army Corps of Engineers,US Army Corps of Engineers,US Army Corps of Engineers,,,Earth,Earth,Earth,,340,319,354,354,Greater than 100 feet,1800,11500000,1963,1960-1969,,1369000,1369000,170000,3900,2146,25000,Uncontrolled,68,0,0,0,,,Vertical Lift0,09/08/2026,04/25/2023,5,High,Not Available,,Normal Operations,11/20/2025,Yes,10/29/2024,Yes,https://www.spa.usace.army.mil/Missions/Civil-Works/Recreation/Abiquiu-Lake/,No
Ferrells Bridge Dam,Lake O  The Pines,,TX00020,,TX00020,USACE - Fort Worth District,Federal,Federal,0,No,CESWF,No,Flood Risk Reduction,Flood Risk Reduction;Fish and Wildlife Pond;Recreation;Water Supply,US Army Corps of Engineers,TX00020,32.7499904000001,-94.5043974289999,Texas,Marion,Jefferson,,Cypress Creek,"Texas, Congressional District 01",,No,No,,No,No,No,Yes,US Army Corps of Engineers,US Army Corps of Engineers,US Army Corps of Engineers,US Army Corps of Engineers,US Army Corps of Engineers,US Army Corps of Engineers,US Army Corps of Engineers,US Army Corps of Engineers,,,Earth,Earth,Earth,Soil,97,90,97,97,51-100 feet,10600,4000000,1958,1950-1959,,1998740,1998740,254900,18700,850,79664,Uncontrolled,200,0,0,0,,,Uncontrolled0,09/11/2026,08/01/2022,5,High,Not Available,,"Under Investigation, Planning, Permitting, or Design for Remediation",11/20/2025,Yes,09/18/2020,Yes,https://www.usace.army.mil/Missions/Civil-Works/Dam-Safety-Program/Article/2870967/dam-safety-program/,No
Clarence Cannon Re-Regulation Dam,Salt River,,MO12086,,MO12086,USACE - St. Louis District,Federal,Federal,,No,CEMVS,No,Flood Risk Reduction,Flood Risk Reduction;Navigation;Fish and Wildlife Pond;Recreation;Hydroelectric;Water Supply,US Army Corps of Engineers,MO12086,39.5651140460001,-91.570290639,Missouri,Ralls,New London,11,Salt River,"Missouri, Congressional District 06",,No,No,,No,No,No,Yes,US Army Corps of Engineers,US Army Corps of Engineers,US Army Corps of Engineers,US Army Corps of Engineers,US Army Corps of Engineers,US Army Corps of Engineers,US Army Corps of Engineers,US Army Corps of Engineers,,,Concrete,Concrete;Earth;Gravity,Earth,Rock;Soil,38,31,38,38,25-50 feet,1550,150000,1979,1970-1979,,8400,8400,3200,110,29,12200,Controlled,68,0,0,0,,,Tainter (radial)0,09/15/2026,06/23/2025,5,Significant,Not Available,,Normal Operations,11/20/2025,Yes,11/04/2015,N/A,https://www.usace.army.mil/Missions/Civil-Works/Dam-Safety-Program/Article/2870967/dam-safety-program/,No
Knightville Dam,Dry Reservoir,,MA00969,,MA00969,USACE - New England District,Federal,Federal,0,No,CENAE,No,Flood Risk Reduction,Flood Risk Reduction,US Army Corps of Engineers,MA00969,42.2907064310001,-72.861790152,Massachusetts,Hampshire,Huntington,,Westfield River,"Massachusetts, Congressional District 01",,No,No,,No,No,No,Yes,US Army Corps of Engineers,US Army Corps of Engineers,US Army Corps of Engineers,US Army Corps of Engineers,US Army Corps of Engineers,US Army Corps of Engineers,US Army Corps of Engineers,US Army Corps of Engineers,,,Rockfill,Rockfill;Earth;Gravity,Earth,Rock;Soil,150,145,150,150,Greater than 100 feet,1200,1286000,1941,1940-1949,,64000,64000,0,1,162,83000,Uncontrolled,400,0,0,0,,,,04/20/2026,05/09/2023,5,High,Not Available,,"Under Investigation, Planning, Permitting, or Design for Remediation",11/20/2025,Yes,04/28/2021,Yes,https://www.nae.usace.army.mil/Missions/Civil-Works/Flood-Risk-Management/Massachusetts/Knightville/,No
O.C. Fisher Dam,O.C. Fisher Lake,San Angelo Dam,TX00012,,TX00012,USACE - Fort Worth District,Federal,Federal,0,No,CESWF,No,Flood Risk Reduction,Flood Risk Reduction;Fish and Wildlife Pond;Recreation;Water Supply,US Army Corps of Engineers,TX00012,31.4843256940001,-100.481898322,Texas,Tom Green,San Angelo,,Concho River,"Texas, Congressional District 11",,No,No,,No,No,No,Yes,US Army Corps of Engineers,US Army Corps of Engineers,US Army Corps of Engineers,US Army Corps of Engineers,US Army Corps of Engineers,US Army Corps of Engineers,US Army Corps of Engineers,US Army Corps of Engineers,,,Earth,Earth,Earth,Rock;Soil,128,122,130,130,Greater than 100 feet,40885,11516600,1952,1950-1959,,766000,766000,115700,5400,1511,356200,Uncontrolled,1150,0,0,0,,,Uncontrolled0,09/30/2026,12/13/2023,5,High,Not Available,,"Under Investigation, Planning, Permitting, or Design for Remediation",07/25/2025,Yes,04/14/2026,Yes,https://www.usace.army.mil/Missions/Civil-Works/Dam-Safety-Program/Article/2870967/dam-safety-program/,No
Jemez Canyon Dam,Jemez Canyon Reservoir,,NM00003,,NM00003,USACE - Albuquerque District,Federal,Federal,1,No,CESPA,No,Flood Risk Reduction,Flood Risk Reduction;Other,US Army Corps of Engineers,NM00003,35.394161501,-106.546618855,New Mexico,Sandoval,Bernalillo,7,Jemez River,"New Mexico, Congressional District 03",Santa Ana Pueblo,No,No,,No,No,No,Yes,US Army Corps of Engineers,US Army Corps of Engineers,US Army Corps of Engineers,US Army Corps of Engineers,US Army Corps of Engineers,US Army Corps of Engineers,US Army Corps of Engineers,US Army Corps of Engineers,,,Earth,Earth,Earth,Soil,149,146,150,150,Greater than 100 feet,870,0,1953,1950-1959,,264700,264700,29712,1396,1034,319300,Uncontrolled,428,0,0,0,,,Vertical Lift0,09/08/2026,06/03/2025,5,High,Not Available,,Normal Operations,11/20/2025,Yes,04/04/2016,Yes,https://www.spa.usace.army.mil/Missions/Civil-Works/Recreation/Jemez-Canyon-Dam/,No
White Rock Dam,Mud Lake,,MN00577,,MN00577,USACE - St. Paul District,Federal,Federal,0,No,CEMVP,No,Flood Risk Reduction,Flood Risk Reduction;Other;Fish and Wildlife Pond;Recreation;Water Supply,US Army Corps of Engineers,MN00577,45.8615596670001,-96.573016925,Minnesota,Traverse,Wahpeton,30,Bois De Sioux,"Minnesota, Congressional District 07",,No,No,,No,No,No,Yes,US Army Corps of Engineers,US Army Corps of Engineers,US Army Corps of Engineers,US Army Corps of Engineers,US Army Corps of Engineers,US Army Corps of Engineers,US Army Corps of Engineers,US Army Corps of Engineers,,,Earth,Earth,Earth,Soil,20,20,33,33,25-50 feet,14500,329200,1941,1940-1949,,95500,95500,6500,3850,1160,5600,Controlled,39,0,0,0,,,Tainter (radial)3,08/07/2026,06/21/2023,5,High,Not Available,,Normal Operations,11/20/2025,Yes,05/01/1995,Yes,https://www.usace.army.mil/Missions/Civil-Works/Dam-Safety-Program/Article/2870967/dam-safety-program/,No
Shenango Dam,Shenango River Lake,,PA00111,,PA00111,USACE - Pittsburgh District,Federal,Federal,0,No,CELRP,No,Flood Risk Reduction,Flood Risk Reduction;Other,US Army Corps of Engineers,PA00111,41.2644209650001,-80.462183978,Pennsylvania,Mercer,Sharpsville,1,Shenango River,"Pennsylvania, Congressional District 16",,No,No,,No,No,No,Yes,US Army Corps of Engineers,US Army Corps of Engineers,US Army Corps of Engineers,US Army Corps of Engineers,US Army Corps of Engineers,US Army Corps of Engineers,US Army Corps of Engineers,US Army Corps of Engineers,,,Gravity,Gravity,Concrete,Rock,,64,68,68,51-100 feet,720,65800,1965,1960-1969,,351000,351000,29920,3560,589,64000,Uncontrolled,300,0,0,0,,,Vertical Lift7,09/16/2026,10/27/2022,5,High,Not Available,,Normal Operations,11/22/2025,Yes,,Yes,https://www.usace.army.mil/Missions/Civil-Works/Dam-Safety-Program/Article/2870967/dam-safety-program/,No
Deer Creek Dam,Deer Creek Lake,,OH00008,,OH00008,USACE - Huntington District,Federal,Federal,1,No,CELRH,No,Flood Risk Reduction,Flood Risk Reduction;Fish and Wildlife Pond;Recreation,US Army Corps of Engineers,OH00008,39.6220917790001,-83.215230764,Ohio,Pickaway,Williamsport,9,Deer Creek,"Ohio, Congressional District 02",,No,No,,No,No,No,Yes,US Army Corps of Engineers,US Army Corps of Engineers,US Army Corps of Engineers,US Army Corps of Engineers,US Army Corps of Engineers,US Army Corps of Engineers,US Army Corps of Engineers,US Army Corps of Engineers,,,Gravity,Gravity;Earth,Earth,Rock;Soil,,81,93,93,51-100 feet,3880,1681091,1968,1960-1969,,102540,102540,21030,1277,277,117000,Controlled,126,0,0,0,,,Slide (sluice gate)10;Tainter (radial)3;Valve1,09/30/2026,04/02/2025,5,High,Not Available,,Normal Operations,11/20/2025,Yes,06/15/2011,Yes,https://www.lrh.usace.army.mil/Missions/Civil-Works/Dam-Safety-Program/,No
Grenada Dam - Coffeeville Levee,,,MS01494,S001,MS01494S001,USACE - Vicksburg District,Federal,Federal,0,Yes,CEMVK,No,Flood Risk Reduction,Flood Risk Reduction,US Army Corps of Engineers,MS01494S001,33.966733,-89.6729,Mississippi,Yalobusha,Coffeeville,0.5,Turkey and Durden Creek,"Mississippi, Congressional District 02",,Yes,Yes,,Yes,Yes,Yes,Yes,US Army Corps of Engineers,US Army Corps of Engineers,US Army Corps of Engineers,US Army Corps of Engineers,US Army Corps of Engineers,US Army Corps of Engineers,US Army Corps of Engineers,,No,,Earth,Earth,Earth,Soil,11,13,17,17,Less than 25 feet,8976,4788696,1985,1980-1989,,803000,803000,0,0,0,0,None,,0,,0,,,Flap2;Slide (sluice gate)4,12/04/2025,09/02/2020,5,Low,Not Available,,Normal Operations,11/20/2025,Yes,08/08/2021,N/A,https://www.usace.army.mil/Missions/Civil-Works/Dam-Safety-Program/Article/2870967/dam-safety-program/,No
J. Strom Thurmond Dam,J. Strom Thurmond Lake,Clark Hill Dam & Lake,GA01701,,GA01701,USACE - Savannah District,Federal,Federal,0,No,CESAS,No,Hydroelectric,Hydroelectric;Other;Fish and Wildlife Pond;Recreation;Water Supply;Flood Risk Reduction,US Army Corps of Engineers,GA01701,33.66117856,-82.19965703,Georgia,McCormick,Augusta,22,Savannah River,"South Carolina, Congressional District 03",,No,No,,No,No,No,Yes,US Army Corps of Engineers,US Army Corps of Engineers,US Army Corps of Engineers,US Army Corps of Engineers,US Army Corps of Engineers,US Army Corps of Engineers,US Army Corps of Engineers,US Army Corps of Engineers,,,Concrete,Concrete;Earth;Gravity,Earth,Rock,124,170,200,200,Greater than 100 feet,5680,4550000,1954,1950-1959,,3820000,3820000,2510000,71000,6144,1055000,Controlled,920,0,0,0,,,Tainter (radial)0,09/02/2026,06/04/2024,5,High,Not Available,,Normal Operations,11/20/2025,Yes,07/14/2022,Yes,https://www.sas.usace.army.mil/About/Divisions-and-Offices/Operations-Division/J-Strom-Thurmond-Dam-and-Lake/,No
Salamonie Dam,,,IN03005,,IN03005,USACE - Chicago District,Federal,Federal,1,No,CELRL,No,Flood Risk Reduction,Flood Risk Reduction,US Army Corps of Engineers,IN03005,40.8079194410001,-85.677933902,Indiana,Wabash,Lagro,,Salamonie River,"Indiana, Congressional District 02",,No,No,,No,No,No,Yes,US Army Corps of Engineers,US Army Corps of Engineers,US Army Corps of Engineers,US Army Corps of Engineers,US Army Corps of Engineers,US Army Corps of Engineers,US Army Corps of Engineers,US Army Corps of Engineers,,,Earth,Earth,,,20,,133,133,Greater than 100 feet,1100,2069400,1966,1960-1969,,263600,263600,60700,2860,553,0,Uncontrolled,0,0,0,0,,,Uncontrolled0;Vertical Lift3,09/24/2026,05/14/2025,5,High,Not Available,,Normal Operations,11/20/2025,Yes,11/17/2025,Yes,https://www.usace.army.mil/Missions/Civil-Works/Dam-Safety-Program/Article/2870967/dam-safety-program/,No
Spring Gulch Dam,,,CO01279,,CO01279,USACE - Omaha District,Federal,Federal,0,No,CENWO,No,Flood Risk Reduction,Flood Risk Reduction,US Army Corps of Engineers,CO01279,39.5441561540001,-105.033945772,Colorado,Douglas,Denver,8,Spring Gulch,"Colorado, Congressional District 04",,Yes,Yes,Dwr,Yes,Yes,Yes,Yes,US Army Corps of Engineers,US Army Corps of Engineers,US Army Corps of Engineers,US Army Corps of Engineers,US Army Corps of Engineers,US Army Corps of Engineers,US Army Corps of Engineers,US Army Corps of Engineers,,,Earth,Earth,Earth,Soil,,35,68,68,51-100 feet,3600,620000,1977,1970-1979,,1752,1752,0,1,2,3600,Uncontrolled,200,0,0,0,,,Uncontrolled0,12/04/2025,06/29/2023,5,High,Not Available,,Normal Operations,11/20/2025,Yes,06/01/2010,Yes,https://www.usace.army.mil/Missions/Civil-Works/Dam-Safety-Program/Article/2870967/dam-safety-program/,No
Richard B. Russell Dam,Richard B. Russell Lake,,GA01705,,GA01705,USACE - Savannah District,Federal,Federal,1,No,CESAS,No,Hydroelectric,Hydroelectric;Other;Fish and Wildlife Pond;Recreation;Water Supply;Flood Risk Reduction,US Army Corps of Engineers,GA01705,34.025305948,-82.594346249,Georgia,Elbert,Elberton,15,Savannah River,"Georgia, Congressional District 10",,No,No,,No,No,No,Yes,US Army Corps of Engineers,US Army Corps of Engineers,US Army Corps of Engineers,US Army Corps of Engineers,US Army Corps of Engineers,US Army Corps of Engineers,US Army Corps of Engineers,US Army Corps of Engineers,,,Concrete,Concrete;Earth;Gravity,,Rock,136,185,195,195,Greater than 100 feet,4524,4422190,1986,1980-1989,,1488166,1488166,1026200,26653,2890,801500,Controlled,500,0,0,0,,,Tainter (radial)0,09/02/2026,07/07/2025,5,High,Not Available,,Normal Operations,11/20/2025,Yes,07/14/2022,Yes,https://www.sas.usace.army.mil/About/Divisions-and-Offices/Operations-Division/Richard-B-Russell-Dam-and-Lake/,No
Hills Creek Dam,Hills Creek Lake,,OR00014,,OR00014,USACE - Portland District,Federal,Federal,0,No,CENWP,No,Flood Risk Reduction,Flood Risk Reduction;Other;Irrigation;Navigation;Recreation;Hydroelectric,US Army Corps of Engineers,OR00014,43.7087232170001,-122.4236336179999,Oregon,Lane,Oakridge,,Middle Fork Willamette River,"Oregon, Congressional District 04",,No,No,,No,No,No,Yes,US Army Corps of Engineers,US Army Corps of Engineers,US Army Corps of Engineers,US Army Corps of Engineers,US Army Corps of Engineers,US Army Corps of Engineers,US Army Corps of Engineers,US Army Corps of Engineers,,,Earth,Earth,Earth,Rock;Soil,328,317,341,341,Greater than 100 feet,2235,10800000,1962,1960-1969,,356000,356000,350600,2735,389,141600,Controlled,146,0,0,0,,,Slide (sluice gate)3;Tainter (radial)2,09/24/2026,07/12/2023,5,High,Not Available,,"Under Investigation, Planning, Permitting, or Design for Remediation",11/20/2025,Yes,08/25/2020,Yes,https://www.nwp.usace.army.mil/Locations/Willamette-Valley/Hills-Creek/,No
John Martin Dam,John Martin Reservoir,Caddoa Dam,CO01283,,CO01283,USACE - Albuquerque District,Federal,Federal,1,No,CESPA,No,Flood Risk Reduction,Flood Risk Reduction;Other;Irrigation,US Army Corps of Engineers,CO01283,38.069643704,-102.938142968,Colorado,Bent,Lamar,20,Arkansas,"Colorado, Congressional District 04",,Yes,Yes,Dwr,Yes,Yes,Yes,Yes,US Army Corps of Engineers,US Army Corps of Engineers,US Army Corps of Engineers,US Army Corps of Engineers,US Army Corps of Engineers,US Army Corps of Engineers,US Army Corps of Engineers,US Army Corps of Engineers,,,Gravity,Gravity;Earth,Concrete,,25,25,25,25,25-50 feet,13000,0,1943,1940-1949,,608245,608245,345250,11590,0,0,Controlled,0,0,0,0,,,None0;Vertical Lift0,07/28/2026,05/09/2024,5,High,Not Available,,"Under Investigation, Planning, Permitting, or Design for Remediation",11/20/2025,Yes,08/28/2024,Yes,https://www.spa.usace.army.mil/Missions/Civil-Works/Recreation/John-Martin-Reservoir/,No
Mahoning Creek Dam,Mahoning Creek Lake,,PA00107,,PA00107,USACE - Pittsburgh District,Federal,Federal,0,No,CELRP,No,Flood Risk Reduction,Flood Risk Reduction;Fish and Wildlife Pond;Recreation,US Army Corps of Engineers,PA00107,40.9217878550001,-79.278047501,Pennsylvania,Armstrong,Putneyville,5,Mahoning Creek,"Pennsylvania, Congressional District 15",,No,No,,No,No,No,Yes,US Army Corps of Engineers,US Army Corps of Engineers,US Army Corps of Engineers,US Army Corps of Engineers,US Army Corps of Engineers,US Army Corps of Engineers,US Army Corps of Engineers,US Army Corps of Engineers,,,Gravity,Gravity,Concrete,Rock,,162,162,162,Greater than 100 feet,926,400200,1941,1940-1949,,94000,94000,9550,280,340,103000,Controlled,150,0,0,0,,,Slide (sluice gate)6;Valve4;Vertical Lift5,09/16/2026,10/27/2022,5,High,Not Available,,Normal Operations,11/20/2025,Yes,,Yes,https://www.usace.army.mil/Missions/Civil-Works/Dam-Safety-Program/Article/2870967/dam-safety-program/,No
Mississinewa Dam,Mississinewa Lake,,IN03004,,IN03004,USACE - Chicago District,Federal,Federal,0,No,CELRL,No,Flood Risk Reduction,Flood Risk Reduction;Recreation,US Army Corps of Engineers,IN03004,40.7155032220001,-85.958138882,Indiana,Miami,Peru,,Mississinewa River,"Indiana, Congressional District 02",,No,No,,No,No,No,Yes,US Army Corps of Engineers,US Army Corps of Engineers,US Army Corps of Engineers,US Army Corps of Engineers,US Army Corps of Engineers,US Army Corps of Engineers,US Army Corps of Engineers,US Army Corps of Engineers,,,Earth,Earth,,,,122,140,140,Greater than 100 feet,8000,4435000,1967,1960-1969,,368400,368400,75200,3200,809,122400,Uncontrolled,1550,0,0,0,,,Uncontrolled0;Vertical Lift3,09/24/2026,05/21/2024,5,High,Not Available,,Normal Operations,11/20/2025,Yes,11/17/2025,Yes,https://www.usace.army.mil/Missions/Civil-Works/Dam-Safety-Program/Article/2870967/dam-safety-program/,No
Beach City Dam,Beach City Lake,,OH00005,,OH00005,USACE - Huntington District,Federal,Federal,2,No,CELRH,No,Flood Risk Reduction,Flood Risk Reduction;Fish and Wildlife Pond;Recreation,US Army Corps of Engineers,OH00005,40.636979506,-81.55737561,Ohio,Tuscarawas,Beach City,,Sugar Creek of Tuscarawas Rvr,"Ohio, Congressional District 12",,No,No,,No,No,No,Yes,US Army Corps of Engineers,US Army Corps of Engineers,US Army Corps of Engineers,US Army Corps of Engineers,US Army Corps of Engineers,US Army Corps of Engineers,US Army Corps of Engineers,US Army Corps of Engineers,,,Earth,Earth,Earth,Soil,68,55,68,68,51-100 feet,5600,1075900,1936,1930-1939,,71700,71700,1700,420,300,28000,Uncontrolled,150,0,0,0,,,Slide (sluice gate)6,10/01/2026,08/07/2023,5,High,Not Available,,"Under Investigation, Planning, Permitting, or Design for Remediation",06/16/2020,Yes,08/24/2020,Yes,https://www.lrh.usace.army.mil/Missions/Civil-Works/Dam-Safety-Program/,No
North Springfield Dam,North Springfield Lake,,VT00003,,VT00003,USACE - New England District,Federal,Federal,0,No,CENAE,No,Flood Risk Reduction,Flood Risk Reduction;Recreation,US Army Corps of Engineers,VT00003,43.3376545300001,-72.509472478,Vermont,Windsor,Springfield,,Black River,"Vermont, Congressional District 00",,No,No,,No,No,No,Yes,US Army Corps of Engineers,US Army Corps of Engineers,US Army Corps of Engineers,US Army Corps of Engineers,US Army Corps of Engineers,US Army Corps of Engineers,US Army Corps of Engineers,US Army Corps of Engineers,,,Gravity,Gravity;Earth,Earth,Soil,118,113,118,118,Greater than 100 feet,2940,1230600,1960,1960-1969,,76500,76500,500,100,158,117200,Uncontrolled,384,0,0,0,,,,08/03/2026,05/02/2022,5,High,Not Available,,"Under Investigation, Planning, Permitting, or Design for Remediation",11/20/2025,Yes,01/30/2020,Yes,https://www.nae.usace.army.mil/Missions/Civil-Works/Flood-Risk-Management/Vermont/North-Springfield/,No
Union City Dam,Union City Lake,,PA00103,,PA00103,USACE - Pittsburgh District,Federal,Federal,0,No,CELRP,No,Flood Risk Reduction,Flood Risk Reduction;Other;Fish and Wildlife Pond;Recreation,US Army Corps of Engineers,PA00103,41.9204990110001,-79.900351499,Pennsylvania,Erie,Union City,,French Creek,"Pennsylvania, Congressional District 16",,No,No,,No,No,No,Yes,US Army Corps of Engineers,US Army Corps of Engineers,US Army Corps of Engineers,US Army Corps of Engineers,US Army Corps of Engineers,US Army Corps of Engineers,US Army Corps of Engineers,US Army Corps of Engineers,,,Earth,Earth,Earth,Rock;Soil,,83,88,88,51-100 feet,1420,1112600,1971,1970-1979,,94000,94000,0,1,222,64000,Uncontrolled,268,0,0,0,,,Slide (sluice gate)1;Uncontrolled1,09/16/2026,06/28/2024,5,High,Not Available,,Normal Operations,11/22/2025,Yes,05/05/2017,Yes,https://www.usace.army.mil/Missions/Civil-Works/Dam-Safety-Program/Article/2870967/dam-safety-program/,No
Colebrook River Dam,Colebrook River Lake,,CT00506,,CT00506,USACE - New England District,Federal,Federal,1,No,USACE,No,Flood Risk Reduction,Flood Risk Reduction;Recreation;Hydroelectric;Water Supply,US Army Corps of Engineers,CT00506,42.006235539,-73.0366342689999,Connecticut,Litchfield,Colebrook,,West Branch Farmington River,"Connecticut, Congressional District 01",,No,No,,No,No,No,Yes,US Army Corps of Engineers,US Army Corps of Engineers,US Army Corps of Engineers,US Army Corps of Engineers,US Army Corps of Engineers,US Army Corps of Engineers,US Army Corps of Engineers,US Army Corps of Engineers,,,Gravity,Gravity;Earth,Earth,Rock,223,218,223,223,Greater than 100 feet,0,0,1969,1960-1969,,134000,134000,47500,0,0,0,Uncontrolled,0,0,0,0,,,,04/20/2026,11/07/2023,5,High,Not Available,,"Under Investigation, Planning, Permitting, or Design for Remediation",11/20/2025,Yes,01/29/2021,Yes,https://www.nae.usace.army.mil/Missions/Civil-Works/Flood-Risk-Management/Connecticut/Colebrook/,No
J. Edward Roush Dam,J. Edward Roush Lake,Huntington Lake Dam,IN03006,,IN03006,USACE - Chicago District,Federal,Federal,2,No,CELRL,No,Flood Risk Reduction,Flood Risk Reduction;Recreation,US Army Corps of Engineers,IN03006,40.846007958,-85.468681779,Indiana,Huntington,Huntington,,Wabash River,"Indiana, Congressional District 03",,No,No,,No,No,No,Yes,US Army Corps of Engineers,US Army Corps of Engineers,US Army Corps of Engineers,US Army Corps of Engineers,US Army Corps of Engineers,US Army Corps of Engineers,US Army Corps of Engineers,US Army Corps of Engineers,,,Concrete,Concrete;Earth;Gravity,,,,84,104,104,Greater than 100 feet,6500,1111000,1968,1960-1969,,153100,153100,12500,900,707,121800,Controlled,135,0,0,0,,,Tainter (radial)3;Vertical Lift1;Vertical Lift6,09/24/2026,05/23/2023,5,High,Not Available,,"Under Investigation, Planning, Permitting, or Design for Remediation",11/20/2025,Yes,11/04/2025,Yes,https://www.usace.army.mil/Missions/Civil-Works/Dam-Safety-Program/Article/2870967/dam-safety-program/,No
Wallace Lake Dam,Wallace Lake,,LA00180,,LA00180,USACE - Vicksburg District,Federal,Federal,0,No,CEMVK,No,Flood Risk Reduction,Flood Risk Reduction;Recreation,US Army Corps of Engineers,LA00180,32.322082299,-93.6702119999999,Louisiana,Caddo,Coushatta,30,Cypress Bayou,"Louisiana, Congressional District 04",,No,No,,No,No,No,Yes,US Army Corps of Engineers,US Army Corps of Engineers,US Army Corps of Engineers,US Army Corps of Engineers,US Army Corps of Engineers,US Army Corps of Engineers,US Army Corps of Engineers,US Army Corps of Engineers,,,Earth,Earth,Earth,Soil,,43,48,48,25-50 feet,4930,573353,1946,1940-1949,,267748,267748,7760,2300,260,112700,Uncontrolled,644,0,0,0,,,,09/29/2026,07/07/2021,5,High,Not Available,,Normal Operations,11/20/2025,Yes,03/21/2025,Yes,https://www.usace.army.mil/Missions/Civil-Works/Dam-Safety-Program/Article/2870967/dam-safety-program/,No
Chatfield Dam,Chatfield Lake,,CO01281,,CO01281,USACE - Omaha District,Federal,Federal,0,No,CENWO,No,Flood Risk Reduction,Flood Risk Reduction;Irrigation;Recreation,US Army Corps of Engineers,CO01281,39.557893441,-105.059406767,Colorado,Douglas,Denver,8,South Platte River,"Colorado, Congressional District 04",,Yes,Yes,Dwr,Yes,Yes,Yes,Yes,US Army Corps of Engineers,US Army Corps of Engineers,US Army Corps of Engineers,US Army Corps of Engineers,US Army Corps of Engineers,US Army Corps of Engineers,US Army Corps of Engineers,US Army Corps of Engineers,,,Earth,Earth,Earth,Rock;Soil,,124,148,148,Greater than 100 feet,13136,17255100,1973,1970-1979,,355000,355000,20000,1150,3018,188000,Uncontrolled,500,0,0,0,,,Uncontrolled0;Vertical Lift0,03/09/2026,06/09/2023,5,High,Not Available,,"Under Investigation, Planning, Permitting, or Design for Remediation",11/20/2025,Yes,06/01/2020,Yes,https://www.nwo.usace.army.mil/Missions/Dam-and-Lake-Projects/Tri-Lakes-Projects/Chatfield-Dam/,No
Canyon Lake Dam,Canyon Lake,,TX00004,,TX00004,USACE - Fort Worth District,Federal,Federal,1,No,CESWF,No,Flood Risk Reduction,Flood Risk Reduction;Fish and Wildlife Pond;Recreation;Hydroelectric;Water Supply,US Army Corps of Engineers,TX00004,29.8691730790001,-98.197621579,Texas,Comal,New Braunfels,,Guadalupe River,"Texas, Congressional District 21",,No,No,,No,No,No,Yes,US Army Corps of Engineers,US Army Corps of Engineers,US Army Corps of Engineers,US Army Corps of Engineers,US Army Corps of Engineers;Federal Energy Regulatory Commission,US Army Corps of Engineers;Federal Energy Regulatory Commission,US Army Corps of Engineers,US Army Corps of Engineers,,,Earth,Earth,Earth,Rock,224,219,224,224,Greater than 100 feet,210,11430050,1964,1960-1969,,1208350,1208350,378900,8308,1425,502800,Uncontrolled,1260,0,0,0,,,Uncontrolled0,09/28/2026,02/02/2023,5,High,Not Available,,"Under Investigation, Planning, Permitting, or Design for Remediation",11/20/2025,Yes,09/09/2026,Yes,https://www.swf-wc.usace.army.mil/canyon/,No
Bowman-Haley Dam,Bowman-Haley Lake,,ND00147,,ND00147,USACE - Omaha District,Federal,Federal,0,No,CENWO,No,Flood Risk Reduction,Flood Risk Reduction;Recreation;Water Supply,US Army Corps of Engineers,ND00147,45.981410575,-103.246306059,North Dakota,Bowman,Haley,6,North Fork Grand River,"North Dakota, Congressional District 00",,Yes,Yes,Ndswc,Yes,Yes,Yes,Yes,US Army Corps of Engineers,US Army Corps of Engineers,US Army Corps of Engineers,US Army Corps of Engineers,US Army Corps of Engineers,US Army Corps of Engineers,US Army Corps of Engineers,US Army Corps of Engineers,,,Earth,Earth,Earth,Soil,,74,79,79,51-100 feet,5730,1700000,1967,1960-1969,,171838,171838,19780,1750,471,64200,Uncontrolled,650,0,0,0,,,Uncontrolled0,01/08/2026,05/21/2025,5,High,Not Available,,Normal Operations,11/20/2025,Yes,05/01/2020,Yes,https://www.usace.army.mil/Missions/Civil-Works/Dam-Safety-Program/Article/2870967/dam-safety-program/,No
East Lynn Dam,East Lynn Lake,,WV09901,,WV09901,USACE - Huntington District,Federal,Federal,0,No,CELRH,No,Flood Risk Reduction,Flood Risk Reduction;Fish and Wildlife Pond;Recreation,US Army Corps of Engineers,WV09901,38.144934784,-82.384171974,West Virginia,Wayne,East Lynn,3,East Fk Twelvepole Creek,"West Virginia, Congressional District 01",,No,No,,No,No,No,Yes,US Army Corps of Engineers,US Army Corps of Engineers,US Army Corps of Engineers,US Army Corps of Engineers,US Army Corps of Engineers,US Army Corps of Engineers,US Army Corps of Engineers,US Army Corps of Engineers,,,Earth,Earth,Earth,Rock,,92,113,113,Greater than 100 feet,652,1074000,1971,1970-1979,,82500,82500,17190,1005,133,80300,Uncontrolled,230,0,0,0,,,Slide (sluice gate)3;Valve1,09/24/2026,02/19/2026,5,High,Not Available,,Normal Operations,11/20/2025,Yes,06/01/2024,Yes,https://www.lrh.usace.army.mil/Missions/Civil-Works/Dam-Safety-Program/,No
Cottonwood Springs Dam,Cottonwood Springs Lake,,SD01096,,SD01096,USACE - Omaha District,Federal,Federal,0,No,CENWO,No,Flood Risk Reduction,Flood Risk Reduction,US Army Corps of Engineers,SD01096,43.4379804500001,-103.565848569,South Dakota,Fall River,Hot Springs,4,Cottonwood Springs Creek,"South Dakota, Congressional District 00",,No,No,,No,No,No,Yes,US Army Corps of Engineers,US Army Corps of Engineers,US Army Corps of Engineers,US Army Corps of Engineers,US Army Corps of Engineers,US Army Corps of Engineers,US Army Corps of Engineers,US Army Corps of Engineers,,,Earth,Earth,Earth,Rock;Soil,,118,123,123,Greater than 100 feet,1190,950000,1969,1960-1969,,11635,11635,655,42,26,39600,Uncontrolled,275,0,0,0,,,Uncontrolled0,01/08/2026,07/16/2025,5,High,Not Available,,Normal Operations,11/20/2025,Yes,09/01/2020,Yes,https://www.usace.army.mil/Missions/Civil-Works/Dam-Safety-Program/Article/2870967/dam-safety-program/,No
North Hartland Dam,North Hartland Lake,,VT00002,,VT00002,USACE - New England District,Federal,Federal,0,No,CENAE,No,Flood Risk Reduction,Flood Risk Reduction;Recreation;Hydroelectric,US Army Corps of Engineers,VT00002,43.6046691660001,-72.3608865589999,Vermont,Windsor,Hartland,,Ottauquechee River,"Vermont, Congressional District 00",,No,No,,No,No,No,Yes,US Army Corps of Engineers,US Army Corps of Engineers,US Army Corps of Engineers,US Army Corps of Engineers,US Army Corps of Engineers,US Army Corps of Engineers,US Army Corps of Engineers,US Army Corps of Engineers,,,Rockfill,Rockfill;Earth;Gravity,Earth,Rock;Soil,182,177,182,182,Greater than 100 feet,1640,2390840,1961,1960-1969,,94600,94600,2350,215,220,160900,Uncontrolled,465,0,0,0,,,,08/03/2026,10/23/2023,5,High,Not Available,,"Under Investigation, Planning, Permitting, or Design for Remediation",11/20/2025,Yes,05/04/2021,Yes,https://www.nae.usace.army.mil/Missions/Civil-Works/Flood-Risk-Management/Vermont/North-Hartland/,No
Berlin Dam,Berlin Lake,,OH00032,,OH00032,USACE - Pittsburgh District,Federal,Federal,0,No,CELRP,No,Flood Risk Reduction,Flood Risk Reduction;Other;Recreation;Water Supply,US Army Corps of Engineers,OH00032,41.0460525610001,-81.002460485,Ohio,Mahoning,Berlin Center,,Mahoning River,"Ohio, Congressional District 06",,No,No,,No,No,No,Yes,US Army Corps of Engineers,US Army Corps of Engineers,US Army Corps of Engineers,US Army Corps of Engineers,US Army Corps of Engineers,US Army Corps of Engineers,US Army Corps of Engineers,US Army Corps of Engineers,,,Gravity,Gravity;Earth,Concrete,Rock;Soil,,94,96,96,51-100 feet,5750,411700,1943,1940-1949,,140000,140000,58400,3590,249,73400,Controlled,120,0,0,0,,,Other Controlled1;Tainter (radial)4;Valve5,09/16/2026,05/06/2022,5,High,Not Available,,Normal Operations,11/20/2025,Yes,05/05/2017,Yes,https://www.usace.army.mil/Missions/Civil-Works/Dam-Safety-Program/Article/2870967/dam-safety-program/,No
Stagecoach Dam,Stagecoach Lake,Salt Creek Site 9,NE01059,,NE01059,USACE - Omaha District,Federal,Federal,0,No,CENWO,No,Flood Risk Reduction,Flood Risk Reduction;Fish and Wildlife Pond;Recreation,US Army Corps of Engineers,NE01059,40.604761507,-96.636414632,Nebraska,Lancaster,Hickman,1,Hickman Branch Salt Creek,"Nebraska, Congressional District 01",,Yes,Yes,Ne Dwee,Yes,Yes,Yes,Yes,US Army Corps of Engineers,US Army Corps of Engineers,US Army Corps of Engineers,US Army Corps of Engineers,US Army Corps of Engineers,US Army Corps of Engineers,US Army Corps of Engineers,US Army Corps of Engineers,,,Earth,Earth,Earth,Soil,,46,48,48,25-50 feet,2250,374000,1964,1960-1969,,10200,10200,1916,195,10,17675,Uncontrolled,430,0,0,0,,,Uncontrolled0,06/17/2026,06/16/2022,5,High,Not Available,,Normal Operations,11/22/2025,Yes,02/01/2020,Yes,https://www.usace.army.mil/Missions/Civil-Works/Dam-Safety-Program/Article/2870967/dam-safety-program/,No
Conestoga Dam,Conestoga Lake,Salt Creek Site 12,NE01055,,NE01055,USACE - Omaha District,Federal,Federal,0,No,CENWO,No,Flood Risk Reduction,Flood Risk Reduction;Fish and Wildlife Pond;Recreation,US Army Corps of Engineers,NE01055,40.766863959,-96.845604427,Nebraska,Lancaster,Lincoln,8,Holmes Creek,"Nebraska, Congressional District 01",,Yes,Yes,Ne Dwee,Yes,Yes,Yes,Yes,US Army Corps of Engineers,US Army Corps of Engineers,US Army Corps of Engineers,US Army Corps of Engineers,US Army Corps of Engineers,US Army Corps of Engineers,US Army Corps of Engineers,US Army Corps of Engineers,,,Earth,Earth,Earth,Soil,,63,65,65,51-100 feet,3000,480000,1964,1960-1969,,15000,15000,2700,230,15,27220,Uncontrolled,750,0,0,0,,,Uncontrolled0,06/17/2026,07/17/2023,5,High,Not Available,,Normal Operations,11/20/2025,Yes,06/01/2025,Yes,https://www.usace.army.mil/Missions/Civil-Works/Dam-Safety-Program/Article/2870967/dam-safety-program/,No
R.D. Bailey Dam,R.D. Bailey Lake,,WV10924,,WV10924,USACE - Huntington District,Federal,Federal,0,No,CELRH,No,Flood Risk Reduction,Flood Risk Reduction;Other;Fish and Wildlife Pond;Recreation,US Army Corps of Engineers,WV10924,37.599729859,-81.8230335929999,West Virginia,Mingo,Justice,1,Guyandot River,"West Virginia, Congressional District 01",,No,No,,No,No,No,Yes,US Army Corps of Engineers,US Army Corps of Engineers,US Army Corps of Engineers,US Army Corps of Engineers,US Army Corps of Engineers,US Army Corps of Engineers,US Army Corps of Engineers,US Army Corps of Engineers,,,Rockfill,Rockfill;Other,Concrete,Rock,,265,310,310,Greater than 100 feet,1397,6100000,1976,1970-1979,,203700,203700,34300,600,540,232400,Uncontrolled,300,0,0,0,,,,09/30/2026,09/21/2023,5,High,Not Available,,Normal Operations,11/20/2025,Yes,10/22/2020,Yes,https://www.lrh.usace.army.mil/Missions/Civil-Works/Dam-Safety-Program/,No
Bear Creek Dam,Bear Creek Lake,,CO00004,,CO00004,USACE - Omaha District,Federal,Federal,1,No,CENWO,No,Flood Risk Reduction,Flood Risk Reduction;Recreation,US Army Corps of Engineers,CO00004,39.6537448460001,-105.137403829,Colorado,Jefferson,Denver,3,Bear Creek,"Colorado, Congressional District 07",,Yes,Yes,Dwr,Yes,Yes,Yes,Yes,US Army Corps of Engineers,US Army Corps of Engineers,US Army Corps of Engineers,US Army Corps of Engineers,US Army Corps of Engineers,US Army Corps of Engineers,US Army Corps of Engineers,US Army Corps of Engineers,,,Earth,Earth,Earth,Rock;Soil,,174,179,179,Greater than 100 feet,5300,11345000,1979,1970-1979,,75000,75000,2000,110,236,153500,Uncontrolled,800,0,0,0,,,Uncontrolled0;Vertical Lift0,07/23/2026,06/02/2021,5,High,Not Available,,"Under Investigation, Planning, Permitting, or Design for Remediation",11/20/2025,Yes,06/01/2020,Yes,https://www.nwo.usace.army.mil/Missions/Dam-and-Lake-Projects/Tri-Lakes-Projects/Bear-Creek-Dam/,No
Antelope Creek Dam,Holmes Lake,Salt Creek Site 17,NE01061,,NE01061,USACE - Omaha District,Federal,Federal,0,No,CENWO,No,Flood Risk Reduction,Flood Risk Reduction;Fish and Wildlife Pond;Recreation,US Army Corps of Engineers,NE01061,40.7833014120001,-96.636341944,Nebraska,Lancaster,Lincoln,1,Antelope Creek,"Nebraska, Congressional District 01",,Yes,Yes,Ne Dwee,Yes,Yes,Yes,Yes,US Army Corps of Engineers,US Army Corps of Engineers,US Army Corps of Engineers,US Army Corps of Engineers,US Army Corps of Engineers,US Army Corps of Engineers,US Army Corps of Engineers,US Army Corps of Engineers,,,Earth,Earth,Earth,Soil,,56,61,61,51-100 feet,7700,900000,1962,1960-1969,,7455,7455,782,100,5,800,Uncontrolled,50,0,0,0,,,Uncontrolled0,06/17/2026,07/22/2021,5,High,Not Available,,"Under Investigation, Planning, Permitting, or Design for Remediation",11/20/2025,Yes,02/01/2020,Yes,https://www.usace.army.mil/Missions/Civil-Works/Dam-Safety-Program/Article/2870967/dam-safety-program/,No
Wehrspann Dam,Wehrspann Lake,Papillion Creek Site 20,NE01882,,NE01882,USACE - Omaha District,Federal,Federal,0,No,CENWO,No,Flood Risk Reduction,Flood Risk Reduction;Fish and Wildlife Pond;Recreation,US Army Corps of Engineers,NE01882,41.1725793780001,-96.151203699,Nebraska,Sarpy,Omaha,2,Tr West Papillion Creek Basin,"Nebraska, Congressional District 01",,Yes,Yes,Ne Dwee,Yes,Yes,Yes,Yes,US Army Corps of Engineers,US Army Corps of Engineers,US Army Corps of Engineers,US Army Corps of Engineers,US Army Corps of Engineers,US Army Corps of Engineers,US Army Corps of Engineers,US Army Corps of Engineers,,,Earth,Earth,Earth,Soil,,82,87,87,51-100 feet,1810,767452,1983,1980-1989,,17164,17164,2710,246,13,17500,Uncontrolled,600,0,0,0,,,Uncontrolled0,06/17/2026,05/23/2023,5,High,Not Available,,Normal Operations,11/20/2025,Yes,02/15/2020,Yes,https://www.usace.army.mil/Missions/Civil-Works/Dam-Safety-Program/Article/2870967/dam-safety-program/,No
Twin Lakes Dam,Twin Lakes,Salt Creek Site 13,NE01060,,NE01060,USACE - Omaha District,Federal,Federal,0,No,CENWO,No,Flood Risk Reduction,Flood Risk Reduction;Fish and Wildlife Pond;Recreation,US Army Corps of Engineers,NE01060,40.824107521,-96.956738376,Nebraska,Seward,Lincoln,16,South Branch Middle Creek,"Nebraska, Congressional District 01",,Yes,Yes,Ne Dwee,Yes,Yes,Yes,Yes,US Army Corps of Engineers,US Army Corps of Engineers,US Army Corps of Engineers,US Army Corps of Engineers,US Army Corps of Engineers,US Army Corps of Engineers,US Army Corps of Engineers,US Army Corps of Engineers,,,Earth,Earth,Earth,Soil,,42,45,45,25-50 feet,3500,610000,1965,1960-1969,,11750,11750,2850,255,11,25200,Uncontrolled,600,0,0,0,,,Uncontrolled0,06/17/2026,07/22/2024,5,High,Not Available,,Normal Operations,11/20/2025,Yes,06/01/2025,Yes,https://www.usace.army.mil/Missions/Civil-Works/Dam-Safety-Program/Article/2870967/dam-safety-program/,No
Standing Bear Dam,Standing Bear Lake,Papillion Creek Site 16,NE01065,,NE01065,USACE - Omaha District,Federal,Federal,1,No,CENWO,No,Flood Risk Reduction,Flood Risk Reduction;Fish and Wildlife Pond;Recreation,US Army Corps of Engineers,NE01065,41.314801594,-96.121786628,Nebraska,Douglas,Omaha,2,TR Papillion Creek,"Nebraska, Congressional District 02",,Yes,Yes,Ne Dwee,Yes,Yes,Yes,Yes,US Army Corps of Engineers,US Army Corps of Engineers,US Army Corps of Engineers,US Army Corps of Engineers,US Army Corps of Engineers,US Army Corps of Engineers,US Army Corps of Engineers,US Army Corps of Engineers,,,Earth,Earth,Earth,Soil,,67,70,70,51-100 feet,1480,0,1973,1970-1979,,7300,7300,1500,135,6,9500,Uncontrolled,250,0,0,0,,,Uncontrolled0;Vertical Lift0,06/17/2026,07/10/2021,5,High,Not Available,,Normal Operations,11/20/2025,Yes,02/15/2020,Yes,https://www.usace.army.mil/Missions/Civil-Works/Dam-Safety-Program/Article/2870967/dam-safety-program/,No
Bluestem Dam,Bluestem Lake,Salt Creek Site 4,NE01064,,NE01064,USACE - Omaha District,Federal,Federal,0,No,CENWO,No,Flood Risk Reduction,Flood Risk Reduction;Recreation,US Army Corps of Engineers,NE01064,40.6283300000001,-96.790001,Nebraska,Lancaster,Sprague,2,Olive Branch Salt Creek,"Nebraska, Congressional District 01",,Yes,Yes,Ne Dwee,Yes,Yes,Yes,Yes,US Army Corps of Engineers,US Army Corps of Engineers,US Army Corps of Engineers,US Army Corps of Engineers,US Army Corps of Engineers,US Army Corps of Engineers,US Army Corps of Engineers,US Army Corps of Engineers,,,Earth,Earth,Earth,Soil,,46,48,48,25-50 feet,2760,395000,1963,1960-1969,,17550,17550,3020,325,17,22925,Uncontrolled,340,0,0,0,,,Uncontrolled0,06/17/2026,06/17/2021,5,High,Not Available,,Normal Operations,11/20/2025,Yes,02/01/2020,Yes,https://www.usace.army.mil/Missions/Civil-Works/Dam-Safety-Program/Article/2870967/dam-safety-program/,No
Green Peter Dam,Green Peter Lake,,OR00010,,OR00010,USACE - Portland District,Federal,Federal,0,No,CENWP,No,Flood Risk Reduction,Flood Risk Reduction;Other;Irrigation;Navigation;Recreation;Hydroelectric,US Army Corps of Engineers,OR00010,44.4500626450001,-122.548847824,Oregon,Linn,Sweethome,,Middle Santiam River,"Oregon, Congressional District 05",,No,No,,No,No,No,Yes,US Army Corps of Engineers,US Army Corps of Engineers,US Army Corps of Engineers,US Army Corps of Engineers,US Army Corps of Engineers,US Army Corps of Engineers,US Army Corps of Engineers,US Army Corps of Engineers,,,Gravity,Gravity,Concrete,Rock,320,319,378,378,Greater than 100 feet,1517,1142000,1967,1960-1969,,430000,430000,160000,3720,277,110000,Controlled,100,0,0,0,,,,10/01/2026,06/11/2025,5,High,Not Available,,Normal Operations,11/20/2025,Yes,08/25/2020,Yes,https://www.nwp.usace.army.mil/Locations/Willamette-Valley/Green-Peter/,No
Branched Oak Dam,Branched Oak Lake,Salt Creek Site 18,NE01063,,NE01063,USACE - Omaha District,Federal,Federal,0,No,CENWO,No,Flood Risk Reduction,Flood Risk Reduction;Fish and Wildlife Pond;Recreation,US Army Corps of Engineers,NE01063,40.970001,-96.853333,Nebraska,Lancaster,Raymond,4,Oak Creek,"Nebraska, Congressional District 01",,Yes,Yes,Ne Dwee,Yes,Yes,Yes,Yes,US Army Corps of Engineers,US Army Corps of Engineers,US Army Corps of Engineers,US Army Corps of Engineers,US Army Corps of Engineers,US Army Corps of Engineers,US Army Corps of Engineers,US Army Corps of Engineers,,,Earth,Earth,Earth,Soil,,77,80,80,51-100 feet,6000,2700000,1967,1960-1969,,122283,122283,25994,1780,89,7825,Uncontrolled,200,0,0,0,,,Uncontrolled0,09/16/2026,06/02/2025,5,High,Not Available,,"Under Investigation, Planning, Permitting, or Design for Remediation",11/20/2025,Yes,02/01/2020,Yes,https://www.usace.army.mil/Missions/Civil-Works/Dam-Safety-Program/Article/2870967/dam-safety-program/,No
Ray Roberts Dam,Ray Roberts Lake,Aubry Dam,TX08008,,TX08008,USACE - Fort Worth District,Federal,Federal,0,No,CESWF,No,Flood Risk Reduction,Flood Risk Reduction;Fish and Wildlife Pond;Recreation;Water Supply,US Army Corps of Engineers,TX08008,33.3532219360001,-97.05539702,Texas,Denton,Aubrey,,Elm Fork of The Trinity River,"Texas, Congressional District 26",,No,No,,No,No,No,Yes,US Army Corps of Engineers,US Army Corps of Engineers,US Army Corps of Engineers,US Army Corps of Engineers,US Army Corps of Engineers;Federal Energy Regulatory Commission,US Army Corps of Engineers;Federal Energy Regulatory Commission,US Army Corps of Engineers,US Army Corps of Engineers,,,Earth,Earth,Earth,Rock;Soil,141,136,141,141,Greater than 100 feet,14980,18000000,1986,1980-1989,,1931900,1931900,799600,29350,692,14500,Uncontrolled,100,0,0,0,,,Uncontrolled0,09/30/2026,02/18/2025,5,High,Not Available,,"Under Investigation, Planning, Permitting, or Design for Remediation",12/21/2022,Yes,11/17/2021,Yes,https://www.swf-wc.usace.army.mil/rayroberts/,No
Glenn Cunningham Dam,Glenn Cunningham Lake,Papillion Creek Site 11,NE01518,,NE01518,USACE - Omaha District,Federal,Federal,1,No,CENWO,No,Flood Risk Reduction,Flood Risk Reduction;Fish and Wildlife Pond;Recreation,US Army Corps of Engineers,NE01518,41.337932332,-96.053441297,Nebraska,Douglas,Omaha,3,TR of Papillion Creek,"Nebraska, Congressional District 02",,Yes,Yes,Ne Dwee,Yes,Yes,Yes,Yes,US Army Corps of Engineers,US Army Corps of Engineers,US Army Corps of Engineers,US Army Corps of Engineers,US Army Corps of Engineers,US Army Corps of Engineers,US Army Corps of Engineers,US Army Corps of Engineers,,,Earth,Earth,Earth,Soil,,56,67,67,51-100 feet,1930,80000,1975,1970-1979,,14000,14000,3910,392,18,18700,Uncontrolled,700,0,0,0,,,Uncontrolled0;Vertical Lift0,06/17/2026,06/01/2021,5,High,Not Available,,Normal Operations,11/22/2025,Yes,02/15/2020,Yes,https://www.usace.army.mil/Missions/Civil-Works/Dam-Safety-Program/Article/2870967/dam-safety-program/,No
Pearl River Lock 1 and Spillway,Pool No.1,,LA00089,,LA00089,USACE - Vicksburg District,Federal,Federal,0,No,CEMVK,No,Recreation,Recreation;Navigation,US Army Corps of Engineers,LA00089,30.47167,-89.793327,Louisiana,St. Tammany,Pearl River,8,Pearl River Canal,"Louisiana, Congressional District 01",,No,No,,No,No,No,Yes,US Army Corps of Engineers,US Army Corps of Engineers,US Army Corps of Engineers,US Army Corps of Engineers,US Army Corps of Engineers,US Army Corps of Engineers,US Army Corps of Engineers,US Army Corps of Engineers,,,Concrete,Concrete,Earth,Soil,,11,15,15,Less than 25 feet,200,1434,1949,1940-1949,,3400,3400,3400,107,7960,4200,Uncontrolled,200,1,310,65,,,,01/08/2026,11/02/2016,10,Significant,Not Available,,Normal Operations,03/30/2020,No,,N/A,https://www.usace.army.mil/Missions/Civil-Works/Dam-Safety-Program/Article/2870967/dam-safety-program/,No
Pearl River Lock 2 and Bogue Chitto Sill,Bogue Chitto,,LA00088,,LA00088,USACE - Vicksburg District,Federal,Federal,0,No,CEMVK,No,Recreation,Recreation;Navigation,US Army Corps of Engineers,LA00088,30.620001,-89.866669,Louisiana,St. Tammany,Pearl River,19,P R Canal & Bogue Chitto Cr,"Louisiana, Congressional District 01",,No,No,,No,No,No,Yes,US Army Corps of Engineers,US Army Corps of Engineers,US Army Corps of Engineers,US Army Corps of Engineers,US Army Corps of Engineers,US Army Corps of Engineers,US Army Corps of Engineers,US Army Corps of Engineers,,,Gravity,Gravity,Earth,Soil,,6,21,21,Less than 25 feet,310,764,1950,1950-1959,,1300,1300,1300,30,7896,7500,Uncontrolled,250,1,310,65,,,,01/08/2026,11/16/2016,10,Significant,Not Available,,"Under Investigation, Planning, Permitting, or Design for Remediation",11/20/2025,No,,N/A,https://www.usace.army.mil/Missions/Civil-Works/Dam-Safety-Program/Article/2870967/dam-safety-program/,No
Zorinsky Dam,Lake Zorinsky,Papillion Creek Site 18,NE02185,,NE02185,USACE - Omaha District,Federal,Federal,0,No,CENWO,No,Flood Risk Reduction,Flood Risk Reduction;Fish and Wildlife Pond;Recreation,US Army Corps of Engineers,NE02185,41.220452799,-96.160723532,Nebraska,Douglas,Omaha,1,Boxelder Creek,"Nebraska, Congressional District 02",,Yes,Yes,Ne Dwee,Yes,Yes,Yes,Yes,US Army Corps of Engineers,US Army Corps of Engineers,US Army Corps of Engineers,US Army Corps of Engineers,US Army Corps of Engineers,US Army Corps of Engineers,US Army Corps of Engineers,US Army Corps of Engineers,,,Rockfill,Rockfill,Earth,Soil,,85,90,90,51-100 feet,3400,1613860,1985,1980-1989,,18282,18282,3472,253,16,30000,Uncontrolled,400,0,0,0,,,Uncontrolled0,06/17/2026,05/26/2022,5,High,Not Available,,Normal Operations,11/20/2025,Yes,02/15/2020,Yes,https://www.usace.army.mil/Missions/Civil-Works/Dam-Safety-Program/Article/2870967/dam-safety-program/,No
Pearl River Lock 3 and Pools Bluff Sill,Pearl River,,LA00086,,LA00086,USACE - Vicksburg District,Federal,Federal,0,No,CEMVK,No,Recreation,Recreation;Navigation,US Army Corps of Engineers,LA00086,30.638133354,-89.868033231,Louisiana,St. Tammany,Pearl River,22,Pearl,"Louisiana, Congressional District 01",,No,No,,No,No,No,Yes,US Army Corps of Engineers,US Army Corps of Engineers,US Army Corps of Engineers,US Army Corps of Engineers,US Army Corps of Engineers,US Army Corps of Engineers,US Army Corps of Engineers,US Army Corps of Engineers,,,Gravity,Gravity,Earth,Soil,,7,14,14,Less than 25 feet,430,2462,1950,1950-1959,,2100,2100,2100,46,6500,7500,Uncontrolled,350,1,310,65,,,,01/08/2026,11/16/2016,10,Significant,Not Available,,Normal Operations,03/30/2020,No,,N/A,https://www.usace.army.mil/Missions/Civil-Works/Dam-Safety-Program/Article/2870967/dam-safety-program/,No
Stillhouse Hollow Dam,,,TX00014,,TX00014,USACE - Fort Worth District,Federal,Federal,1,No,CESWF,No,Flood Risk Reduction,Flood Risk Reduction;Fish and Wildlife Pond;Recreation;Water Supply,US Army Corps of Engineers,TX00014,31.0224470520001,-97.531105918,Texas,Bell,Cameron,,Lampasas River,"Texas, Congressional District 31",,No,No,,No,No,No,Yes,US Army Corps of Engineers,US Army Corps of Engineers,US Army Corps of Engineers,US Army Corps of Engineers,US Army Corps of Engineers,US Army Corps of Engineers,US Army Corps of Engineers,US Army Corps of Engineers,,,Earth,Earth,Earth,Soil,195,195,200,200,Greater than 100 feet,9720,11804000,1968,1960-1969,,1013800,1013800,235700,6430,1319,781483,Uncontrolled,1650,0,0,0,,,Uncontrolled0,09/22/2026,05/20/2026,5,High,Not Available,,Normal Operations,11/20/2025,Yes,08/09/2022,Yes,https://www.swf-wc.usace.army.mil/stillhouse/,No
Olive Creek Dam,Olive Creek Lake,Salt Creek Site 2,NE01062,,NE01062,USACE - Omaha District,Federal,Federal,0,No,CENWO,No,Flood Risk Reduction,Flood Risk Reduction;Fish and Wildlife Pond;Recreation,US Army Corps of Engineers,NE01062,40.585401066,-96.84751314,Nebraska,Lancaster,Sprague,4,Olive Branch Salt Creek,"Nebraska, Congressional District 01",,Yes,Yes,Ne Dwee,Yes,Yes,Yes,Yes,US Army Corps of Engineers,US Army Corps of Engineers,US Army Corps of Engineers,US Army Corps of Engineers,US Army Corps of Engineers,US Army Corps of Engineers,US Army Corps of Engineers,US Army Corps of Engineers,,,Earth,Earth,Earth,Soil,,44,46,46,25-50 feet,3020,312000,1964,1960-1969,,8590,8590,1490,175,8,15875,Uncontrolled,340,0,0,0,,,Uncontrolled0,06/17/2026,08/04/2025,5,High,Not Available,,Normal Operations,11/20/2025,Yes,02/01/2010,Yes,https://www.usace.army.mil/Missions/Civil-Works/Dam-Safety-Program/Article/2870967/dam-safety-program/,No
Yankee Hill Dam,Yankee Hill Lake,Salt Creek Site 10,NE01058,,NE01058,USACE - Omaha District,Federal,Federal,0,No,CENWO,No,Flood Risk Reduction,Flood Risk Reduction;Fish and Wildlife Pond;Recreation,US Army Corps of Engineers,NE01058,40.730876978,-96.783227264,Nebraska,Lancaster,Lincoln,6,Cardwell Branch Salt Creek,"Nebraska, Congressional District 01",,Yes,Yes,Ne Dwee,Yes,Yes,Yes,Yes,US Army Corps of Engineers,US Army Corps of Engineers,US Army Corps of Engineers,US Army Corps of Engineers,US Army Corps of Engineers,US Army Corps of Engineers,US Army Corps of Engineers,US Army Corps of Engineers,,,Earth,Earth,Earth,Soil,,58,60,60,51-100 feet,3100,502000,1965,1960-1969,,10300,10300,2000,284,8,12100,Uncontrolled,400,0,0,0,,,Uncontrolled0,06/17/2026,06/05/2023,5,High,Not Available,,Normal Operations,11/20/2025,Yes,09/04/2025,Yes,https://www.usace.army.mil/Missions/Civil-Works/Dam-Safety-Program/Article/2870967/dam-safety-program/,No
John H. Kerr Dam,,Buggs Island Dam;Buggs Island Saddle Dike No. 1,VA117001,,VA117001,USACE - Wilmington District,Federal,Federal,4,No,CE,No,Flood Risk Reduction,Flood Risk Reduction;Fish and Wildlife Pond;Recreation;Hydroelectric;Water Supply,US Army Corps of Engineers,VA117001,36.598452998,-78.298553142,Virginia,Mecklenburg,Roanoke Rapids,,Roanoke River,"Virginia, Congressional District 05",,No,No,,No,No,No,Yes,US Army Corps of Engineers,US Army Corps of Engineers,US Army Corps of Engineers,US Army Corps of Engineers,US Army Corps of Engineers,US Army Corps of Engineers,US Army Corps of Engineers,US Army Corps of Engineers,,,Gravity,Gravity;Earth,Earth,Rock and Soil,,138,144,144,Greater than 100 feet,2785,1338702,1953,1950-1959,,3363500,3363500,1488600,48900,7800,800000,Controlled,1092,0,0,0,,,Slide (sluice gate)6;Tainter (radial)22,04/15/2026,04/20/2023,5,High,Not Available,,Normal Operations,11/20/2025,Yes,12/18/2024,Yes,https://www.saw.usace.army.mil/Locations/District-Lakes-and-Dams/John-H-Kerr/,No
Cougar Dam,South Fork Mckenzie River,,OR00015,,OR00015,USACE - Portland District,Federal,Federal,0,No,CENWP,No,Flood Risk Reduction,Flood Risk Reduction;Other;Irrigation;Navigation;Recreation;Hydroelectric,US Army Corps of Engineers,OR00015,44.127883721,-122.241084497,Oregon,Lane,Springfield,,South Fork Mckenzie River,"Oregon, Congressional District 04",,No,No,,No,No,No,Yes,US Army Corps of Engineers,US Army Corps of Engineers,US Army Corps of Engineers,US Army Corps of Engineers,US Army Corps of Engineers,US Army Corps of Engineers,US Army Corps of Engineers,US Army Corps of Engineers,,,Rockfill,Rockfill,Earth,Rock;Soil,473,467,519,519,Greater than 100 feet,1600,13000000,1963,1960-1969,,220000,220000,208000,1280,208,76000,Controlled,89,0,0,0,,,,09/25/2026,05/17/2022,5,High,Not Available,,"Under Investigation, Planning, Permitting, or Design for Remediation",11/20/2025,Yes,08/25/2020,Yes,https://www.nwp.usace.army.mil/Locations/Willamette-Valley/Cougar/,No
General Edgar Jadwin Dam,Jadwin Dam,Dyberry Dam,PA00009,,PA00009,USACE - Philadelphia District,Federal,Federal,0,No,,No,Flood Risk Reduction,Flood Risk Reduction,US Army Corps of Engineers,PA00009,41.6121073630001,-75.265510654,Pennsylvania,Wayne,Honesdale,3,Dyberry Creek,"Pennsylvania, Congressional District 08",,No,No,,No,No,No,Yes,US Army Corps of Engineers,US Army Corps of Engineers,US Army Corps of Engineers,US Army Corps of Engineers,US Army Corps of Engineers,US Army Corps of Engineers,US Army Corps of Engineers,US Army Corps of Engineers,,,Rockfill,Rockfill;Earth,Earth,Rock,,97,110,110,Greater than 100 feet,1255,1200000,1960,1960-1969,,47300,47300,0,1,65,36500,Uncontrolled,164,0,0,0,,,Uncontrolled0,09/18/2026,08/03/2021,5,High,Not Available,,Normal Operations,08/30/2026,Yes,04/01/2021,Yes,https://www.nap.usace.army.mil/Missions/Factsheets/Fact-Sheet-Article-View/Article/490855/general-edgar-jadwin-dam/,No
Edward Macdowell Dam,Edward Macdowell Lake,West Peterborough Dam,NH00005,,NH00005,USACE - New England District,Federal,Federal,0,No,CENAE,No,Flood Risk Reduction,Flood Risk Reduction;Recreation,US Army Corps of Engineers,NH00005,42.893949235,-71.986401209,New Hampshire,Hillsborough,Peterborough,,Nubanusit Brook,"New Hampshire, Congressional District 02",,Yes,Yes,Nh Des,Yes,Yes,Yes,Yes,US Army Corps of Engineers,US Army Corps of Engineers,US Army Corps of Engineers,US Army Corps of Engineers,US Army Corps of Engineers,US Army Corps of Engineers,US Army Corps of Engineers,US Army Corps of Engineers,,,Earth,Earth,Earth,Rock;Soil,63,57,63,63,51-100 feet,1100,210000,1950,1950-1959,,31600,31600,150,165,44,17800,Uncontrolled,100,0,0,0,,,,01/08/2026,06/05/2023,5,High,Not Available,,Normal Operations,05/02/2014,Yes,05/01/2019,Yes,https://www.nae.usace.army.mil/Missions/Civil-Works/Flood-Risk-Management/New-Hampshire/Edward-Mac/,No
Lucky Peak Dam,Lucky Peak Lake,,ID00288,,ID00288,USACE - Walla Walla District,Federal,Federal,0,No,,No,Flood Risk Reduction,Flood Risk Reduction;Irrigation;Recreation;Hydroelectric,US Army Corps of Engineers,ID00288,43.527969,-116.0537,Idaho,Ada,Boise,,Boise River,"Idaho, Congressional District 02",,Yes,Yes,,Yes,Yes,Yes,Yes,US Army Corps of Engineers,US Army Corps of Engineers,US Army Corps of Engineers,US Army Corps of Engineers,US Army Corps of Engineers,US Army Corps of Engineers,US Army Corps of Engineers,US Army Corps of Engineers,,,Rockfill,Rockfill,Earth,,,237,340,340,Greater than 100 feet,2340,5900000,1955,1950-1959,,307043,307043,293138,2820,2680,93300,Uncontrolled,600,0,0,0,,,Needle0;Uncontrolled0,05/27/2026,10/22/2024,5,High,Not Available,,"Under Investigation, Planning, Permitting, or Design for Remediation",11/20/2025,Yes,07/07/2022,Yes,https://www.nww.usace.army.mil/Locations/District-Locks-and-Dams/Lucky-Peak-Dam-and-Lake/,No
Wagon Train Dam,Wagon Train Lake,Salt Creek Site 8,NE01056,,NE01056,USACE - Omaha District,Federal,Federal,0,No,CENWO,No,Flood Risk Reduction,Flood Risk Reduction;Fish and Wildlife Pond;Recreation,US Army Corps of Engineers,NE01056,40.6203846380001,-96.583559383,Nebraska,Lancaster,Hickman,2,Hickman Branch Salt Creek,"Nebraska, Congressional District 01",,Yes,Yes,Ne Dwee,Yes,Yes,Yes,Yes,US Army Corps of Engineers,US Army Corps of Engineers,US Army Corps of Engineers,US Army Corps of Engineers,US Army Corps of Engineers,US Army Corps of Engineers,US Army Corps of Engineers,US Army Corps of Engineers,,,Earth,Earth,Earth,Soil,,43,45,45,25-50 feet,2920,336000,1963,1960-1969,,15050,15050,2600,315,16,23500,Uncontrolled,430,0,0,0,,,Uncontrolled0,06/17/2026,05/05/2022,5,High,Not Available,,Normal Operations,11/20/2025,Yes,06/01/2025,Yes,https://www.usace.army.mil/Missions/Civil-Works/Dam-Safety-Program/Article/2870967/dam-safety-program/,No
Somerville Dam,,,TX00013,,TX00013,USACE - Fort Worth District,Federal,Federal,0,No,CESWF,No,Flood Risk Reduction,Flood Risk Reduction;Fish and Wildlife Pond;Recreation;Water Supply,US Army Corps of Engineers,TX00013,30.320401529,-96.524091374,Texas,Washington,Somerville,,Yegua Creek,"Texas, Congressional District 10",,No,No,,No,No,No,Yes,US Army Corps of Engineers,US Army Corps of Engineers,US Army Corps of Engineers,US Army Corps of Engineers,US Army Corps of Engineers,US Army Corps of Engineers,US Army Corps of Engineers,US Army Corps of Engineers,,,Earth,Earth,Earth,Rock;Soil,80,75,80,80,51-100 feet,20210,7434000,1967,1960-1969,,1042000,1042000,226000,6430,1012,348081,Uncontrolled,1250,0,0,0,,,Uncontrolled0,09/22/2026,05/16/2023,5,High,Not Available,,"Under Investigation, Planning, Permitting, or Design for Remediation",11/20/2025,Yes,09/18/2020,Yes,https://www.swf-wc.usace.army.mil/somerville/,No
West Hill Dam,Dry Reservoir,,MA00971,,MA00971,USACE - New England District,Federal,Federal,1,No,CENAE,No,Flood Risk Reduction,Flood Risk Reduction;Recreation,US Army Corps of Engineers,MA00971,42.1059044310001,-71.6048819339999,Massachusetts,Worcester,Uxbridge,,West River,"Massachusetts, Congressional District 02",,No,No,,No,No,No,Yes,US Army Corps of Engineers,US Army Corps of Engineers,US Army Corps of Engineers,US Army Corps of Engineers,US Army Corps of Engineers,US Army Corps of Engineers,US Army Corps of Engineers,US Army Corps of Engineers,,,Gravity,Gravity;Earth,Earth,Soil,48,43,48,48,25-50 feet,670,329800,1961,1960-1969,,29500,29500,0,1,28,8900,Uncontrolled,50,0,0,0,,,,04/21/2026,06/14/2021,5,High,Not Available,,Normal Operations,11/20/2025,Yes,03/13/2020,Yes,https://www.nae.usace.army.mil/Missions/Civil-Works/Flood-Risk-Management/Massachusetts/West-Hill/,No
Pawnee Dam,Pawnee Lake,Salt Creek Site 14,NE01057,,NE01057,USACE - Omaha District,Federal,Federal,0,No,CENWO,No,Flood Risk Reduction,Flood Risk Reduction;Fish and Wildlife Pond;Recreation,US Army Corps of Engineers,NE01057,40.8388066530001,-96.865594674,Nebraska,Lancaster,Emerald,2,North Branch Middle Creek,"Nebraska, Congressional District 01",,Yes,Yes,Ne Dwee,Yes,Yes,Yes,Yes,US Army Corps of Engineers,US Army Corps of Engineers,US Army Corps of Engineers,US Army Corps of Engineers,US Army Corps of Engineers,US Army Corps of Engineers,US Army Corps of Engineers,US Army Corps of Engineers,,,Earth,Earth,Earth,Soil,,69,71,71,51-100 feet,5000,870000,1965,1960-1969,,38300,38300,7830,737,36,19875,Uncontrolled,700,0,0,0,,,Uncontrolled0,06/17/2026,05/06/2024,5,High,Not Available,,Normal Operations,11/20/2025,Yes,02/01/2010,Yes,https://www.usace.army.mil/Missions/Civil-Works/Dam-Safety-Program/Article/2870967/dam-safety-program/,No
DeGray Reregulation Dam,Degray Reregulating Lake,,AR00153,,AR00153,USACE - Vicksburg District,Federal,Federal,0,No,CEMVK,No,Hydroelectric,Hydroelectric;Water Supply,US Army Corps of Engineers,AR00151S002,34.1774913680001,-93.100063553,Arkansas,Clark,Caddo Valley,4,Caddo,"Arkansas, Congressional District 04",,No,No,,No,No,No,Yes,US Army Corps of Engineers,US Army Corps of Engineers,US Army Corps of Engineers,US Army Corps of Engineers,US Army Corps of Engineers,US Army Corps of Engineers,US Army Corps of Engineers,US Army Corps of Engineers,,,Gravity,Gravity;Earth,Earth,Rock,,37,52,52,51-100 feet,1410,126000,1971,1970-1979,,6800,6800,600,90,480,25000,Uncontrolled,300,0,0,0,,,,10/01/2026,03/07/2025,5,High,Not Available,,Normal Operations,11/20/2025,Yes,12/02/1996,Yes,https://www.usace.army.mil/Missions/Civil-Works/Dam-Safety-Program/Article/2870967/dam-safety-program/,No
Bardwell Dam,,,TX00001,,TX00001,USACE - Fort Worth District,Federal,Federal,0,No,CESWF,No,Flood Risk Reduction,Flood Risk Reduction;Fish and Wildlife Pond;Recreation;Water Supply,US Army Corps of Engineers,TX00001,32.2509742820001,-96.641373464,Texas,Ellis,Corsicana,,Waxahachie Creek,"Texas, Congressional District 06",,No,No,,No,No,No,Yes,US Army Corps of Engineers,US Army Corps of Engineers,US Army Corps of Engineers,US Army Corps of Engineers,US Army Corps of Engineers,US Army Corps of Engineers,US Army Corps of Engineers,US Army Corps of Engineers,,,Earth,Earth,Earth,Rock;Soil,82,78,82,82,51-100 feet,15400,3549100,1965,1960-1969,,317483,317483,54866,3570,178,102944,Uncontrolled,350,0,0,0,,,Uncontrolled0,09/17/2026,04/10/2026,5,High,Not Available,,Normal Operations,11/20/2025,Yes,09/30/2021,Yes,https://www.swf-wc.usace.army.mil/bardwell/,No
Narrows Dam,Lake Greeson,,AR00154,,AR00154,USACE - Vicksburg District,Federal,Federal,0,No,CEMVK,No,Flood Risk Reduction,Flood Risk Reduction;Recreation;Hydroelectric,US Army Corps of Engineers,AR00154,34.14859978,-93.715643266,Arkansas,Pike,Murfreesboro,5,Little Missouri River,"Arkansas, Congressional District 04",,No,No,,No,No,No,Yes,US Army Corps of Engineers,US Army Corps of Engineers,US Army Corps of Engineers,US Army Corps of Engineers,US Army Corps of Engineers,US Army Corps of Engineers,US Army Corps of Engineers,US Army Corps of Engineers,,,Gravity,Gravity,Concrete,Rock,183,187,196,196,Greater than 100 feet,940,300000,1950,1950-1959,,600600,600600,279700,7200,237,42300,Uncontrolled,150,0,0,0,,,Other Controlled0;Roller0;Vertical Lift0,09/29/2026,07/09/2020,5,High,Not Available,,Normal Operations,11/20/2025,Yes,10/30/1987,Yes,https://www.usace.army.mil/Missions/Civil-Works/Dam-Safety-Program/Article/2870967/dam-safety-program/,No
Cherry Creek Dam,Cherry Creek Lake,,CO01280,,CO01280,USACE - Omaha District,Federal,Federal,0,No,CENWO,No,Flood Risk Reduction,Flood Risk Reduction;Recreation,US Army Corps of Engineers,CO01280,39.649476227,-104.858278877,Colorado,Arapahoe,Denver,1,Cherry Creek,"Colorado, Congressional District 06",,Yes,Yes,Dwr,Yes,Yes,Yes,Yes,US Army Corps of Engineers,US Army Corps of Engineers,US Army Corps of Engineers,US Army Corps of Engineers,US Army Corps of Engineers,US Army Corps of Engineers,US Army Corps of Engineers,US Army Corps of Engineers,,,Earth,Earth,Earth,Rock;Soil,,140,189,189,Greater than 100 feet,14300,13000000,1953,1950-1959,,134470,134470,13960,852,385,28600,Uncontrolled,67,0,0,0,,,Uncontrolled0;Vertical Lift0,09/17/2026,09/06/2024,5,High,Not Available,,Normal Operations,11/20/2025,Yes,08/01/2020,Yes,https://www.nwo.usace.army.mil/Missions/Dam-and-Lake-Projects/Tri-Lakes-Projects/Cherry-Creek-Dam/,No
Blakely Mountain Dam,Lake Ouachita,,AR00150,,AR00150,USACE - Vicksburg District,Federal,Federal,0,No,CEMVK,No,Flood Risk Reduction,Flood Risk Reduction;Recreation;Hydroelectric;Water Supply,US Army Corps of Engineers,AR00150,34.573008407,-93.195011878,Arkansas,Garland,Mountain Pine,4,Ouachita River,"Arkansas, Congressional District 04",,No,No,,No,No,No,Yes,US Army Corps of Engineers,US Army Corps of Engineers,US Army Corps of Engineers,US Army Corps of Engineers,US Army Corps of Engineers,US Army Corps of Engineers,US Army Corps of Engineers,US Army Corps of Engineers,,,Earth,Earth,Earth,Rock,226,216,240,240,Greater than 100 feet,1100,4215000,1953,1950-1959,2009O,3760700,3760700,2151100,40100,1105,45000,Uncontrolled,200,0,0,0,,,Roller7;Vertical Lift4,09/29/2026,04/25/2024,5,High,Not Available,,"Under Investigation, Planning, Permitting, or Design for Remediation",11/20/2025,Yes,02/02/2021,Yes,https://www.usace.army.mil/Missions/Civil-Works/Dam-Safety-Program/Article/2870967/dam-safety-program/,No
Gavins Point Dam,Lewis and Clark Lake,,SD01094,,SD01094,USACE - Omaha District,Federal,Federal,1,No,CENWO,No,Flood Risk Reduction,Flood Risk Reduction;Irrigation;Navigation;Recreation;Hydroelectric,US Army Corps of Engineers,SD01094,42.84982324,-97.48217862,South Dakota,Cedar,Yankton,4,Missouri River,"Nebraska, Congressional District 03",,No,No,,No,No,No,Yes,US Army Corps of Engineers,US Army Corps of Engineers,US Army Corps of Engineers,US Army Corps of Engineers,US Army Corps of Engineers,US Army Corps of Engineers,US Army Corps of Engineers,US Army Corps of Engineers,,,Earth,Earth,Earth,Soil,,50,74,74,51-100 feet,8700,7000000,1958,1950-1959,,540000,540000,375000,32000,16000,584000,Controlled,664,0,0,0,,,,08/31/2026,08/23/2021,5,High,Not Available,,"Under Investigation, Planning, Permitting, or Design for Remediation",11/20/2025,Yes,04/01/2020,Yes,https://www.nwo.usace.army.mil/Missions/Dam-and-Lake-Projects/Missouri-River-Dams/Gavins-Point/,No
Lavon Dam,Lavon Lake,,TX00007,,TX00007,USACE - Fort Worth District,Federal,Federal,0,No,CESWF,No,Flood Risk Reduction,Flood Risk Reduction;Fish and Wildlife Pond;Recreation;Water Supply,US Army Corps of Engineers,TX00007,33.0323906310001,-96.468576755,Texas,Collin,Rockwall,,East Fork of Trinity River,"Texas, Congressional District 03",,No,No,,No,No,No,Yes,US Army Corps of Engineers,US Army Corps of Engineers,US Army Corps of Engineers,US Army Corps of Engineers,US Army Corps of Engineers,US Army Corps of Engineers,US Army Corps of Engineers,US Army Corps of Engineers,,,Earth,Earth,Earth,Rock;Soil,81,76,81,81,51-100 feet,19493,5990655,1952,1950-1959,,1020500,1020500,456500,21400,770,357700,Controlled,480,0,0,0,,,,09/30/2026,02/16/2022,5,High,Not Available,,Normal Operations,11/20/2025,Yes,11/23/2020,Yes,https://www.swf-wc.usace.army.mil/lavon/,No
Little River Closure Dam,Little River,,LA00174,,LA00174,USACE - Vicksburg District,Federal,Federal,0,No,CEMVK,No,Navigation,Navigation;Fish and Wildlife Pond;Recreation,US Army Corps of Engineers,LA00174,31.578680175,-91.978880833,Louisiana,Catahoula,Jonesville,9,Little River,"Louisiana, Congressional District 05",,No,No,,No,No,No,Yes,US Army Corps of Engineers,US Army Corps of Engineers,US Army Corps of Engineers,US Army Corps of Engineers,US Army Corps of Engineers,US Army Corps of Engineers,US Army Corps of Engineers,US Army Corps of Engineers,,,Earth,Earth,Earth,Soil,,55,55,55,51-100 feet,700,1140741,1972,1970-1979,,149300,149300,123700,7120,2921,16000,Uncontrolled,563,0,0,0,,,,01/08/2026,08/20/2015,5,Low,Not Available,,Normal Operations,11/20/2025,Yes,,N/A,https://www.usace.army.mil/Missions/Civil-Works/Dam-Safety-Program/Article/2870967/dam-safety-program/,No
Big Bend Dam,Lake Sharpe,,SD01092,,SD01092,USACE - Omaha District,Federal,Federal,0,No,CENWO,No,Flood Risk Reduction,Flood Risk Reduction;Irrigation;Navigation;Recreation;Hydroelectric,US Army Corps of Engineers,SD01092,44.041697173,-99.444528254,South Dakota,Lyman,Chamberlain,21,Missouri River,"South Dakota, Congressional District 00",Lower Brule Reservation,No,No,,No,No,No,Yes,US Army Corps of Engineers,US Army Corps of Engineers,US Army Corps of Engineers,US Army Corps of Engineers,US Army Corps of Engineers,US Army Corps of Engineers,US Army Corps of Engineers,US Army Corps of Engineers,,,Earth,Earth,Earth,Rock;Soil,96,89,205,205,Greater than 100 feet,10570,17000000,1963,1960-1969,,1900000,1900000,1725000,60000,5840,390000,Controlled,376,0,0,0,,,Vertical Lift0,08/31/2026,06/03/2024,5,High,Not Available,,"Under Investigation, Planning, Permitting, or Design for Remediation",11/20/2025,Yes,04/01/2020,Yes,https://www.nwo.usace.army.mil/Missions/Dam-and-Lake-Projects/Missouri-River-Dams/Big-Bend/,No
Benbrook Dam,,,TX00003,,TX00003,USACE - Fort Worth District,Federal,Federal,0,No,CESWF,No,Flood Risk Reduction,Flood Risk Reduction;Fish and Wildlife Pond;Recreation;Water Supply,US Army Corps of Engineers,TX00003,32.653746261,-97.455630258,Texas,Tarrant,Fort Worth,,Clear Fork of Trinity River,"Texas, Congressional District 12",,No,No,,No,No,No,Yes,US Army Corps of Engineers,US Army Corps of Engineers,US Army Corps of Engineers,US Army Corps of Engineers,US Army Corps of Engineers,US Army Corps of Engineers,US Army Corps of Engineers,US Army Corps of Engineers,,,Earth,Earth,Earth,Rock,130,124,134,134,Greater than 100 feet,9130,5275000,1951,1950-1959,,410000,410000,88250,3770,429,172000,Uncontrolled,500,0,0,0,,,Uncontrolled0,09/30/2026,06/09/2025,5,High,Not Available,,"Under Investigation, Planning, Permitting, or Design for Remediation",07/20/2020,Yes,12/22/2021,Yes,https://www.swf-wc.usace.army.mil/benbrook/,No
Detroit Dam,Detroit Lake,,OR00004,,OR00004,USACE - Portland District,Federal,Federal,0,No,CENWP,No,Flood Risk Reduction,Flood Risk Reduction;Other;Irrigation;Navigation;Recreation;Hydroelectric,US Army Corps of Engineers,OR00004,44.721731306,-122.250099822,Oregon,Linn,Mill City,,North Santiam River,"Oregon, Congressional District 05",,No,No,,No,No,No,Yes,US Army Corps of Engineers,US Army Corps of Engineers,US Army Corps of Engineers,US Army Corps of Engineers,US Army Corps of Engineers,US Army Corps of Engineers,US Army Corps of Engineers,US Army Corps of Engineers,,,Gravity,Gravity,Concrete,Rock,369,364,463,463,Greater than 100 feet,1580,1500000,1953,1950-1959,,455000,455000,155000,3490,438,176000,Controlled,295,0,0,0,,,,10/05/2026,03/16/2026,5,High,Not Available,,"Under Investigation, Planning, Permitting, or Design for Remediation",11/20/2025,Yes,07/01/2008,Yes,https://www.nwp.usace.army.mil/Locations/Willamette-Valley/Detroit/,No
Lockport Lock and Controlling Works,,Lockport Lock and Dam,IL00007,,IL00007,USACE - Chicago District,Federal,Federal,0,No,,No,Navigation,Navigation;Hydroelectric;Flood Risk Reduction,US Army Corps of Engineers,IL00007,41.5689343290001,-88.078053934,Illinois,Will,Joliet,,Chicago Sanitary & Ship Canal,"Illinois, Congressional District 14",,Yes,Yes,Idnr,Yes,Yes,Yes,Yes,US Army Corps of Engineers,US Army Corps of Engineers,US Army Corps of Engineers,US Army Corps of Engineers,US Army Corps of Engineers;Federal Energy Regulatory Commission,US Army Corps of Engineers;Federal Energy Regulatory Commission,US Army Corps of Engineers,Federal Energy Regulatory Commission,,,Concrete,Concrete;Gravity,Concrete,Rock,,42,65,65,51-100 feet,1100,0,1933,1930-1939,,25000,25000,0,2112,740,36000,Controlled,0,1,600,110,,,Vertical Lift7,09/24/2026,02/20/2025,1,High,Not Available,,Normal Operations,11/20/2025,Yes,12/12/2025,Yes,https://www.usace.army.mil/Missions/Civil-Works/Dam-Safety-Program/Article/2870967/dam-safety-program/,No
Fort Peck Dam,Fort Peck Lake,,MT00025,,MT00025,USACE - Omaha District,Federal,Federal,0,No,CENWO,No,Flood Risk Reduction,Flood Risk Reduction;Irrigation;Navigation;Recreation;Hydroelectric,US Army Corps of Engineers,MT00025,48.0022280750001,-106.417987085,Montana,McCone,Nashua,23,Missouri River,"Montana, Congressional District 02",,No,No,,No,No,No,Yes,US Army Corps of Engineers,US Army Corps of Engineers,US Army Corps of Engineers,US Army Corps of Engineers,US Army Corps of Engineers,US Army Corps of Engineers,US Army Corps of Engineers,US Army Corps of Engineers,,,Earth,Earth,Earth,Rock;Soil,,220,256,256,Greater than 100 feet,21026,125628000,1940,1940-1949,,19100000,19100000,15400000,93000,57725,250000,Controlled,640,0,0,0,,,Vertical Lift0,04/20/2026,09/20/2024,5,High,Not Available,,"Under Investigation, Planning, Permitting, or Design for Remediation",11/20/2025,Yes,01/02/2020,Yes,https://www.nwo.usace.army.mil/Missions/Dam-and-Lake-Projects/Missouri-River-Dams/Fort-Peck/,No
Fall Creek Dam,Fall Creek Lake,,OR00007,,OR00007,USACE - Portland District,Federal,Federal,0,No,CENWP,No,Flood Risk Reduction,Flood Risk Reduction;Other;Irrigation;Navigation;Fish and Wildlife Pond;Recreation,US Army Corps of Engineers,OR00007,43.946671,-122.7567,Oregon,Lane,Eugene,,Fall Creek,"Oregon, Congressional District 04",,No,No,,No,No,No,Yes,US Army Corps of Engineers,US Army Corps of Engineers,US Army Corps of Engineers,US Army Corps of Engineers,US Army Corps of Engineers,US Army Corps of Engineers,US Army Corps of Engineers,US Army Corps of Engineers,,,Rockfill,Rockfill,Earth,Rock;Soil,186,181,205,205,Greater than 100 feet,5050,4973000,1965,1960-1969,,125000,125000,115000,1860,184,82400,Controlled,80,0,0,0,,,,09/24/2026,07/13/2023,5,High,Not Available,,"Under Investigation, Planning, Permitting, or Design for Remediation",11/20/2025,Yes,08/25/2020,Yes,https://www.nwp.usace.army.mil/Locations/Willamette-Valley/Fall-Creek/,No
Fort Randall Dam,Lake Francis Case,,SD01093,,SD01093,USACE - Omaha District,Federal,Federal,0,No,CENWO,No,Flood Risk Reduction,Flood Risk Reduction;Irrigation;Navigation;Recreation;Hydroelectric,US Army Corps of Engineers,SD01093,43.0611032460001,-98.5601679659999,South Dakota,Charles Mix,Greenwood,13,Missouri River,"South Dakota, Congressional District 00",Yankton Reservation,No,No,,No,No,No,Yes,US Army Corps of Engineers,US Army Corps of Engineers,US Army Corps of Engineers,US Army Corps of Engineers,US Army Corps of Engineers,US Army Corps of Engineers,US Army Corps of Engineers,US Army Corps of Engineers,,,Earth,Earth,Earth,Rock;Soil,,160,170,170,Greater than 100 feet,10700,50200000,1954,1950-1959,,6300000,6300000,3800000,118400,14150,629000,Controlled,1000,0,0,0,,,Vertical Lift0,08/31/2026,07/16/2022,5,High,Not Available,,"Under Investigation, Planning, Permitting, or Design for Remediation",11/20/2025,Yes,04/01/2020,Yes,https://www.nwo.usace.army.mil/Missions/Dam-and-Lake-Projects/Missouri-River-Dams/Fort-Randall/,No
Fern Ridge Dam,Fern Ridge Lake,,OR00016,,OR00016,USACE - Portland District,Federal,Federal,2,No,CENWP,No,Flood Risk Reduction,Flood Risk Reduction;Other;Irrigation;Navigation;Fish and Wildlife Pond;Recreation,US Army Corps of Engineers,OR00016,44.1180233370001,-123.292187312,Oregon,Lane,Eugene,,Long Tom River,"Oregon, Congressional District 04",,No,No,,No,No,No,Yes,US Army Corps of Engineers,US Army Corps of Engineers,US Army Corps of Engineers,US Army Corps of Engineers,US Army Corps of Engineers,US Army Corps of Engineers,US Army Corps of Engineers,US Army Corps of Engineers,,,Earth,Earth,Earth,Soil,46,40,49,49,25-50 feet,6610,121000,1941,1940-1949,,121000,121000,102200,9360,275,45000,Controlled,294,0,0,0,,,Slide (sluice gate)5;Tainter (radial)6,10/05/2026,06/23/2025,5,High,Not Available,,"Under Investigation, Planning, Permitting, or Design for Remediation",11/20/2025,Yes,08/25/2020,Yes,https://www.nwp.usace.army.mil/Locations/Willamette-Valley/Fern-Ridge/,No
Lookout Point Dam,Lookout Point Lake,,OR00009,,OR00009,USACE - Portland District,Federal,Federal,0,No,CENWP,No,Flood Risk Reduction,Flood Risk Reduction;Other;Irrigation;Navigation;Recreation;Hydroelectric,US Army Corps of Engineers,OR00009,43.912539725,-122.751550155,Oregon,Lane,Eugene,,Middle Fork-Willamette River,"Oregon, Congressional District 04",,No,No,,No,No,No,Yes,US Army Corps of Engineers,US Army Corps of Engineers,US Army Corps of Engineers,US Army Corps of Engineers,US Army Corps of Engineers,US Army Corps of Engineers,US Army Corps of Engineers,US Army Corps of Engineers,,,Earth,Earth,Earth,Rock;Soil,249,242,276,276,Greater than 100 feet,3175,10500000,1953,1950-1959,,477700,477700,455840,4360,991,270000,Controlled,274,0,0,0,,,,09/24/2026,06/13/2024,5,High,Not Available,,"Under Investigation, Planning, Permitting, or Design for Remediation",11/20/2025,Yes,08/02/2024,Yes,https://www.nwp.usace.army.mil/Locations/Willamette-Valley/Lookout-Point/,No
Garrison Dam,Lake Sakakawea,,ND00145,,ND00145,USACE - Omaha District,Federal,Federal,2,No,CENWO,No,Hydroelectric,Hydroelectric;Irrigation;Navigation;Recreation;Flood Risk Reduction,US Army Corps of Engineers,ND00145,47.498626464,-101.412813779,North Dakota,Mercer,Stanton,10,Missouri River,"North Dakota, Congressional District 00",,Yes,Yes,,Yes,Yes,Yes,Yes,US Army Corps of Engineers,US Army Corps of Engineers,US Army Corps of Engineers,US Army Corps of Engineers,US Army Corps of Engineers,US Army Corps of Engineers,US Army Corps of Engineers,US Army Corps of Engineers,,,Earth,Earth,Earth,Rock;Soil,,180,210,210,Greater than 100 feet,11300,66500000,1953,1950-1959,,26000000,26000000,18500000,133000,180940,827000,Controlled,1336,0,0,0,,,Vertical Lift0,01/08/2026,06/30/2023,5,High,Not Available,,"Under Investigation, Planning, Permitting, or Design for Remediation",11/20/2025,Yes,09/01/2020,Yes,https://www.nwo.usace.army.mil/Missions/Dam-and-Lake-Projects/Missouri-River-Dams/Garrison/,No
Blue River Dam,Blue River Lake,,OR00013,,OR00013,USACE - Portland District,Federal,Federal,0,No,CENWP,No,Flood Risk Reduction,Flood Risk Reduction;Other;Irrigation;Navigation;Recreation,US Army Corps of Engineers,OR00013,44.1733297420001,-122.328309632,Oregon,Lane,Blue River,,Blue River,"Oregon, Congressional District 04",,No,No,,No,No,No,Yes,US Army Corps of Engineers,US Army Corps of Engineers,US Army Corps of Engineers,US Army Corps of Engineers,US Army Corps of Engineers,US Army Corps of Engineers,US Army Corps of Engineers,US Army Corps of Engineers,,,Earth,Earth,Earth,Rock;Soil,270,265,270,270,Greater than 100 feet,1250,4873000,1968,1960-1969,,89000,89000,83000,975,88,53200,Controlled,70,0,0,0,,,,09/22/2026,06/25/2026,5,High,Not Available,,"Under Investigation, Planning, Permitting, or Design for Remediation",11/20/2025,Yes,08/25/2020,Yes,https://www.nwp.usace.army.mil/Locations/Willamette-Valley/Blue-River/,No
Bayou Bodcau Dam,Bayou Bodcau Reservoir,,LA00179,,LA00179,USACE - Vicksburg District,Federal,Federal,0,No,CEMVK,No,Flood Risk Reduction,Flood Risk Reduction;Recreation,US Army Corps of Engineers,LA00179,32.7045619030001,-93.5140074829999,Louisiana,Bossier,Bossier City,14,Bayou Bodcau,"Louisiana, Congressional District 04",,No,No,,No,No,No,Yes,US Army Corps of Engineers,US Army Corps of Engineers,US Army Corps of Engineers,US Army Corps of Engineers,US Army Corps of Engineers,US Army Corps of Engineers,US Army Corps of Engineers,US Army Corps of Engineers,,,Earth,Earth,Earth,Soil,,70,76,76,51-100 feet,15850,2333600,1949,1940-1949,,1197700,1197700,0,1,655,71300,Uncontrolled,4000,0,0,0,,,,09/29/2026,04/21/2026,5,High,Not Available,,Normal Operations,11/22/2025,Yes,11/18/2024,Yes,https://www.usace.army.mil/Missions/Civil-Works/Dam-Safety-Program/Article/2870967/dam-safety-program/,No
Barker Dam,,,TX00019,,TX00019,USACE - Galveston District,Federal,Federal,0,No,CESWG,No,Flood Risk Reduction,Flood Risk Reduction;Recreation,US Army Corps of Engineers,TX00019,29.77066115,-95.646581295,Texas,Harris,Houston,1,Buffalo Bayou,"Texas, Congressional District 38",,No,No,,No,No,No,Yes,US Army Corps of Engineers,US Army Corps of Engineers,US Army Corps of Engineers,US Army Corps of Engineers,US Army Corps of Engineers,US Army Corps of Engineers,US Army Corps of Engineers,US Army Corps of Engineers,,,Gravity,Gravity;Earth,Earth,Soil,37,33,37,37,25-50 feet,71900,3515649,1945,1940-1949,,209592,209592,0,1,130,8730,Uncontrolled,14131,0,0,0,,,Slide (sluice gate)0,09/28/2026,11/18/2025,1,High,Not Available,,"Under Investigation, Planning, Permitting, or Design for Remediation",11/20/2025,Yes,05/05/2026,Yes,https://www.swg.usace.army.mil/Missions/Dam-Safety-Program/,No
Addicks Dam,,,TX00018,,TX00018,USACE - Galveston District,Federal,Federal,0,No,CESWG,No,Flood Risk Reduction,Flood Risk Reduction;Recreation,US Army Corps of Engineers,TX00018,29.7906235240001,-95.625091486,Texas,Harris,Houston,1,South Mayde Creek,"Texas, Congressional District 38",,No,No,,No,No,No,Yes,US Army Corps of Engineers,US Army Corps of Engineers,US Army Corps of Engineers,US Army Corps of Engineers,US Army Corps of Engineers,US Army Corps of Engineers,US Army Corps of Engineers,US Army Corps of Engineers,,,Gravity,Gravity;Earth,Earth,Soil,49,41,49,49,25-50 feet,61166,4793717,1948,1940-1949,,199643,199643,0,1,136,7850,Uncontrolled,18530,0,0,0,,,Slide (sluice gate)0,09/28/2026,11/18/2025,1,High,Not Available,,"Under Investigation, Planning, Permitting, or Design for Remediation",11/20/2025,Yes,08/19/2026,Yes,https://www.swg.usace.army.mil/Missions/Dam-Safety-Program/,No
Sutton Dam,Sutton Lake,,WV00701,,WV00701,USACE - Huntington District,Federal,Federal,0,No,CELRH,No,Flood Risk Reduction,Flood Risk Reduction;Other;Fish and Wildlife Pond;Recreation,US Army Corps of Engineers,WV00701,38.661600573,-80.6929366219999,West Virginia,Braxton,Sutton,1,Elk River,"West Virginia, Congressional District 01",,No,No,,No,No,No,Yes,US Army Corps of Engineers,US Army Corps of Engineers,US Army Corps of Engineers,US Army Corps of Engineers,US Army Corps of Engineers,US Army Corps of Engineers,US Army Corps of Engineers,US Army Corps of Engineers,,,Gravity,Gravity,Concrete,Rock,,190,210,210,Greater than 100 feet,1178,611000,1960,1960-1969,,265300,265300,60100,1520,537,222240,Controlled,240,0,0,0,,,Slide (sluice gate)5;Tainter (radial)6;Valve1,10/01/2026,10/24/2024,5,High,Not Available,,Normal Operations,11/20/2025,Yes,05/28/2024,Yes,https://www.lrh.usace.army.mil/Missions/Civil-Works/Dam-Safety-Program/,No
Falls Lake Dam,Falls Lake,,NC01713,,NC01713,USACE - Wilmington District,Federal,Federal,0,No,COE,No,Flood Risk Reduction,Flood Risk Reduction;Other;Fish and Wildlife Pond;Recreation;Water Supply,US Army Corps of Engineers,NC01713,35.941543709,-78.582698821,North Carolina,Wake,Falls,1,Neuse River,"North Carolina, Congressional District 13",,No,No,,No,No,No,Yes,US Army Corps of Engineers,US Army Corps of Engineers,US Army Corps of Engineers,US Army Corps of Engineers,US Army Corps of Engineers,US Army Corps of Engineers,US Army Corps of Engineers,US Army Corps of Engineers,,,Earth,Earth,Earth,Rock,92,88,92,92,51-100 feet,1915,772650,1981,1980-1989,,1020980,1020980,114740,11310,770,35600,Uncontrolled,100,0,0,0,,,Roller0,07/10/2026,03/30/2022,5,High,Not Available,,"Under Investigation, Planning, Permitting, or Design for Remediation",11/20/2025,Yes,07/31/2017,Yes,https://www.saw.usace.army.mil/Locations/District-Lakes-and-Dams/Falls-Lake/,No
Foster Dam,Foster Lake,,OR00012,,OR00012,USACE - Portland District,Federal,Federal,0,No,CENWP,No,Flood Risk Reduction,Flood Risk Reduction;Other;Irrigation;Navigation;Recreation;Hydroelectric,US Army Corps of Engineers,OR00012,44.4156137300001,-122.670161151,Oregon,Linn,Sweethome,,South Santiam River,"Oregon, Congressional District 05",,No,No,,No,No,No,Yes,US Army Corps of Engineers,US Army Corps of Engineers,US Army Corps of Engineers,US Army Corps of Engineers,US Army Corps of Engineers,US Army Corps of Engineers,US Army Corps of Engineers,US Army Corps of Engineers,,,Rockfill,Rockfill,Earth,Rock;Soil,125,123,126,126,Greater than 100 feet,4800,1806000,1967,1960-1969,,61000,61000,56000,1220,494,195000,Controlled,180,0,0,0,,,,10/01/2026,06/10/2025,5,High,Not Available,,"Under Investigation, Planning, Permitting, or Design for Remediation",11/20/2025,Yes,08/25/2020,Yes,https://www.nwp.usace.army.mil/Locations/Willamette-Valley/Foster/,No
DeGray Dam,DeGray Lake,,AR00151,,AR00151,USACE - Vicksburg District,Federal,Federal,2,No,CEMVK,No,Flood Risk Reduction,Flood Risk Reduction;Recreation;Hydroelectric;Water Supply,US Army Corps of Engineers,AR00151,34.2143374500001,-93.110750684,Arkansas,Clark,Caddo Valley,7,Caddo River,"Arkansas, Congressional District 04",,No,No,,No,No,No,Yes,US Army Corps of Engineers,US Army Corps of Engineers,US Army Corps of Engineers,US Army Corps of Engineers,US Army Corps of Engineers,US Army Corps of Engineers,US Army Corps of Engineers,US Army Corps of Engineers,,,Earth,Earth,Earth,Rock,,93,98,98,51-100 feet,13200,6831000,1969,1960-1969,,1377100,1377100,654700,13400,453,67000,Uncontrolled,0,0,0,0,,,Other Controlled0,09/29/2026,03/04/2025,5,High,Not Available,,Normal Operations,11/20/2025,Yes,12/02/1996,Yes,https://www.usace.army.mil/Missions/Civil-Works/Dam-Safety-Program/Article/2870967/dam-safety-program/,No
Lewisville Dam,,Garza Little Elm Dam,TX00008,,TX00008,USACE - Fort Worth District,Federal,Federal,0,No,CESWF,No,Flood Risk Reduction,Flood Risk Reduction;Fish and Wildlife Pond;Recreation;Hydroelectric;Water Supply,US Army Corps of Engineers,TX00008,33.0693152740001,-96.964539465,Texas,Denton,Lewisville,,Elm Fork of The Trinity River,"Texas, Congressional District 26",,No,No,,No,No,No,Yes,US Army Corps of Engineers,US Army Corps of Engineers,US Army Corps of Engineers,US Army Corps of Engineers,US Army Corps of Engineers;Federal Energy Regulatory Commission,US Army Corps of Engineers;Federal Energy Regulatory Commission,US Army Corps of Engineers,US Army Corps of Engineers,,,Earth,Earth,Earth,Soil,130,118,135,135,Greater than 100 feet,32328,14422000,1955,1950-1959,,1804300,1804300,618400,23280,1660,216800,Uncontrolled,560,0,0,0,,,Uncontrolled0,09/28/2026,02/28/2024,5,High,Not Available,,Under Remediation,11/20/2025,Yes,09/24/2021,Yes,https://www.swf-wc.usace.army.mil/lewisville/,No
Grapevine Dam,,,TX00005,,TX00005,USACE - Fort Worth District,Federal,Federal,0,No,CESWF,No,Flood Risk Reduction,Flood Risk Reduction;Fish and Wildlife Pond;Recreation;Water Supply,US Army Corps of Engineers,TX00005,32.969859075,-97.0562113569999,Texas,Tarrant,Carrollton,,Denton Creek,"Texas, Congressional District 24",,No,No,,No,No,No,Yes,US Army Corps of Engineers,US Army Corps of Engineers,US Army Corps of Engineers,US Army Corps of Engineers,US Army Corps of Engineers,US Army Corps of Engineers,US Army Corps of Engineers,US Army Corps of Engineers,,,Earth,Earth,Earth,Soil,137,130,137,137,Greater than 100 feet,12350,7070000,1952,1950-1959,,788000,788000,181000,7380,688,191310,Uncontrolled,500,0,0,0,,,Uncontrolled0,09/16/2026,06/13/2024,5,High,Not Available,,Normal Operations,09/21/2019,Yes,10/02/2020,Yes,https://www.swf-wc.usace.army.mil/grapevine/,No
Bluestone Dam,Bluestone Lake,,WV08902,,WV08902,USACE - Huntington District,Federal,Federal,0,No,CELRH,No,Flood Risk Reduction,Flood Risk Reduction;Fish and Wildlife Pond;Recreation,US Army Corps of Engineers,WV08902,37.6407949360001,-80.886368935,West Virginia,Summers,Hinton West Virginia,2,New River,"West Virginia, Congressional District 01",,No,No,,No,No,No,Yes,US Army Corps of Engineers,US Army Corps of Engineers,US Army Corps of Engineers,US Army Corps of Engineers,US Army Corps of Engineers,US Army Corps of Engineers,US Army Corps of Engineers,US Army Corps of Engineers,,,Gravity,Gravity;Concrete,Concrete,Rock,,152,165,165,Greater than 100 feet,2048,1026000,1947,1940-1949,,631000,631000,38350,2040,4565,430000,Controlled,630,0,0,0,,,Slide (sluice gate)32;Vertical Lift21,10/01/2026,08/09/2024,5,High,Not Available,,Under Remediation,11/20/2025,Yes,07/29/2020,Yes,https://www.lrh.usace.army.mil/Missions/Civil-Works/Dam-Safety-Program/,No
Sardis Dam,Sardis Lake,,MS01493,,MS01493,USACE - Vicksburg District,Federal,Federal,0,No,CEMVK,No,Flood Risk Reduction,Flood Risk Reduction;Recreation,US Army Corps of Engineers,MS01493,34.408710786,-89.796969147,Mississippi,Panola,Batesville,10,Little Tallahatchie River,"Mississippi, Congressional District 02",,Yes,Yes,Ms Department of Environmental Quality,Yes,Yes,Yes,Yes,US Army Corps of Engineers,US Army Corps of Engineers,US Army Corps of Engineers,US Army Corps of Engineers,US Army Corps of Engineers,US Army Corps of Engineers,US Army Corps of Engineers,US Army Corps of Engineers,,,Earth,Earth,Earth,Soil,97,107,117,117,Greater than 100 feet,15300,16450000,1940,1940-1949,,3016000,3016000,108000,10700,1545,146000,Uncontrolled,400,0,0,0,,,Roller0;Vertical Lift0,09/23/2026,03/15/2022,5,High,Not Available,,"Under Investigation, Planning, Permitting, or Design for Remediation",06/27/2023,Yes,03/21/2025,Yes,https://www.usace.army.mil/Missions/Civil-Works/Dam-Safety-Program/Article/2870967/dam-safety-program/,No
Arkabutla Dam,Arkabutla Lake,,MS01496,,MS01496,USACE - Vicksburg District,Federal,Federal,0,No,CEMVK,No,Flood Risk Reduction,Flood Risk Reduction;Recreation,US Army Corps of Engineers,MS01496,34.759213946,-90.123745353,Mississippi,DeSoto,Tunica,13,Coldwater River,"Mississippi, Congressional District 01",,Yes,Yes,Ms Department of Environmental Quality,Yes,Yes,Yes,Yes,US Army Corps of Engineers,US Army Corps of Engineers,US Army Corps of Engineers,US Army Corps of Engineers,US Army Corps of Engineers,US Army Corps of Engineers,US Army Corps of Engineers,US Army Corps of Engineers,,,Earth,Earth,Earth,Soil,85,84,92,92,51-100 feet,10700,4700000,1943,1940-1949,,1383800,1383800,31500,5100,1000,111000,Uncontrolled,300,0,0,0,,,Roller3;Vertical Lift0,07/21/2026,04/09/2025,5,High,Not Available,,"Under Investigation, Planning, Permitting, or Design for Remediation",11/20/2025,Yes,06/21/2021,Yes,https://www.usace.army.mil/Missions/Civil-Works/Dam-Safety-Program/Article/2870967/dam-safety-program/,No
Oahe Dam,Lake Oahe,,SD01095,,SD01095,USACE - Omaha District,Federal,Federal,2,No,CENWO,No,Flood Risk Reduction,Flood Risk Reduction;Irrigation;Navigation;Recreation;Hydroelectric,US Army Corps of Engineers,SD01095,44.4515060480001,-100.4010306709999,South Dakota,Stanley,Pierre,,Missouri River,"South Dakota, Congressional District 00",,No,No,,No,No,No,Yes,US Army Corps of Engineers,US Army Corps of Engineers,US Army Corps of Engineers,US Army Corps of Engineers,US Army Corps of Engineers,US Army Corps of Engineers,US Army Corps of Engineers,US Army Corps of Engineers,,,Earth,Earth,Earth,Rock;Soil,,200,245,245,Greater than 100 feet,9300,92000000,1966,1960-1969,,23600000,23600000,19300000,376000,243490,300000,Controlled,456,0,0,0,,,Vertical Lift0,09/30/2026,07/21/2022,5,High,Not Available,,"Under Investigation, Planning, Permitting, or Design for Remediation",02/07/2025,Yes,02/01/2020,Yes,https://www.nwo.usace.army.mil/Missions/Dam-and-Lake-Projects/Missouri-River-Dams/Oahe/,No
